price_model,k,box_lo,box_hi,delivery_start,total_charge_MWh,total_discharge_MWh,sat_hours,total_cost
single,0,0.05,0.95,2018-01-01 00:00:00+00:00,10.642659279778393,9.605,0,3166.058388424316
single,0,0.1,0.9,2018-01-01 00:00:00+00:00,10.642659279778393,9.605,0,3166.058388424316
single,0,0.15,0.85,2018-01-01 00:00:00+00:00,10.642659279778393,9.605,0,3166.058388424316
single,0,0.2,0.8,2018-01-01 00:00:00+00:00,10.642659279778393,9.605,0,3166.058388424316
single,0,0.25,0.75,2018-01-01 00:00:00+00:00,10.642659279778393,9.605,0,3166.058388424316
single,0,0.3,0.7,2018-01-01 00:00:00+00:00,10.642659279778393,9.605,0,3166.058388424316
single,0,0.35,0.65,2018-01-01 00:00:00+00:00,10.642659279778393,9.605,0,3166.058388424316
dual,0,0.05,0.95,2018-01-01 00:00:00+00:00,12.027465462299556,10.999986207728332,4,3660.931106274582
dual,0,0.1,0.9,2018-01-01 00:00:00+00:00,10.704621095794085,10.017094229455772,6,3666.040604941093
dual,0,0.15,0.85,2018-01-01 00:00:00+00:00,10.13909758231619,9.503488153373906,9,3675.978882220871
dual,0,0.2,0.8,2018-01-01 00:00:00+00:00,9.916484728790053,9.296189411652604,11,3828.49961930484
dual,0,0.25,0.75,2018-01-01 00:00:00+00:00,10.210199197791997,9.556102841888718,12,3847.2100704232867
dual,0,0.3,0.7,2018-01-01 00:00:00+00:00,10.690471465678193,9.968029938627302,12,3816.184830243488
dual,0,0.35,0.65,2018-01-01 00:00:00+00:00,14.802341995101353,12.33961228807284,15,3914.6011988069613
single,0,0.05,0.95,2018-01-02 00:00:00+00:00,10.421052631578949,9.405,0,4356.121107129561
single,0,0.1,0.9,2018-01-02 00:00:00+00:00,10.421052631578949,9.405,0,4356.121107129561
single,0,0.15,0.85,2018-01-02 00:00:00+00:00,10.421052631578949,9.405,0,4356.121107129561
single,0,0.2,0.8,2018-01-02 00:00:00+00:00,10.421052631578949,9.405,0,4356.121107129561
single,0,0.25,0.75,2018-01-02 00:00:00+00:00,10.421052631578949,9.405,0,4356.121107129561
single,0,0.3,0.7,2018-01-02 00:00:00+00:00,10.421052631578949,9.405,0,4356.121107129561
single,0,0.35,0.65,2018-01-02 00:00:00+00:00,10.421052631578949,9.405,0,4356.121107129561
dual,0,0.05,0.95,2018-01-02 00:00:00+00:00,10.905686547315323,9.84238210895208,0,4543.712954649822
dual,0,0.1,0.9,2018-01-02 00:00:00+00:00,10.480310503061302,9.438501137799447,6,4536.324117468363
dual,0,0.15,0.85,2018-01-02 00:00:00+00:00,10.214365387942149,9.225919674168146,8,4558.313433016279
dual,0,0.2,0.8,2018-01-02 00:00:00+00:00,9.583031394970394,8.771079227525028,8,4565.397771412454
dual,0,0.25,0.75,2018-01-02 00:00:00+00:00,9.248796156260298,8.758674295862185,10,4536.269314802184
dual,0,0.3,0.7,2018-01-02 00:00:00+00:00,8.723374466396619,8.165407823785756,9,4540.048114549624
dual,0,0.35,0.65,2018-01-02 00:00:00+00:00,15.58693802661282,13.981900112360467,17,4698.052147812514
single,0,0.05,0.95,2018-01-03 00:00:00+00:00,12.315789473684212,11.115,0,3949.6970879189325
single,0,0.1,0.9,2018-01-03 00:00:00+00:00,12.315789473684212,11.115,0,3949.6970879189325
single,0,0.15,0.85,2018-01-03 00:00:00+00:00,12.315789473684212,11.115,0,3949.6970879189325
single,0,0.2,0.8,2018-01-03 00:00:00+00:00,12.315789473684212,11.115,0,3949.6970879189325
single,0,0.25,0.75,2018-01-03 00:00:00+00:00,12.315789473684212,11.115,0,3949.6970879189325
single,0,0.3,0.7,2018-01-03 00:00:00+00:00,12.315789473684212,11.115,0,3949.6970879189325
single,0,0.35,0.65,2018-01-03 00:00:00+00:00,12.315789473684212,11.115,0,3949.6970879189325
dual,0,0.05,0.95,2018-01-03 00:00:00+00:00,11.152120567801465,10.041298860353422,1,3980.9286441917625
dual,0,0.1,0.9,2018-01-03 00:00:00+00:00,11.505171887754278,10.281183390626822,5,3980.557493830604
dual,0,0.15,0.85,2018-01-03 00:00:00+00:00,11.695321314058653,10.343515879209358,7,3976.5314516423123
dual,0,0.2,0.8,2018-01-03 00:00:00+00:00,11.829528391891778,10.424396077348323,8,3978.6075631127496
dual,0,0.25,0.75,2018-01-03 00:00:00+00:00,12.071588929589394,10.786145075855622,9,3972.2000961189583
dual,0,0.3,0.7,2018-01-03 00:00:00+00:00,12.22907604925024,10.809222322254278,10,3986.034785710473
dual,0,0.35,0.65,2018-01-03 00:00:00+00:00,14.426263778833178,13.114703060396945,17,4057.38290567467
single,0,0.05,0.95,2018-01-04 00:00:00+00:00,8.421052631578949,7.6,0,4187.615520750072
single,0,0.1,0.9,2018-01-04 00:00:00+00:00,8.421052631578949,7.6,0,4187.6155207500715
single,0,0.15,0.85,2018-01-04 00:00:00+00:00,8.421052631578949,7.6,0,4187.615520750072
single,0,0.2,0.8,2018-01-04 00:00:00+00:00,8.421052631578949,7.6,0,4187.615520750072
single,0,0.25,0.75,2018-01-04 00:00:00+00:00,8.421052631578949,7.6,0,4187.615520750072
single,0,0.3,0.7,2018-01-04 00:00:00+00:00,8.421052631578949,7.6,0,4187.615520750072
single,0,0.35,0.65,2018-01-04 00:00:00+00:00,8.421052631578949,7.6,0,4187.6155207500715
dual,0,0.05,0.95,2018-01-04 00:00:00+00:00,8.275336258916871,7.422585734260424,4,4244.0760378107825
dual,0,0.1,0.9,2018-01-04 00:00:00+00:00,8.148027384611622,7.205618792981128,3,4247.107960943514
dual,0,0.15,0.85,2018-01-04 00:00:00+00:00,7.958576090308908,7.025872893505819,7,4243.840776042366
dual,0,0.2,0.8,2018-01-04 00:00:00+00:00,7.815863408958704,6.948800366302333,8,4238.387545528262
dual,0,0.25,0.75,2018-01-04 00:00:00+00:00,8.965913272610488,7.66698410893104,10,4262.099986045414
dual,0,0.3,0.7,2018-01-04 00:00:00+00:00,9.504884161076395,8.168749367853072,11,4265.1129377562565
dual,0,0.35,0.65,2018-01-04 00:00:00+00:00,9.784107125482981,8.21716436157347,17,4474.65639460768
single,0,0.05,0.95,2018-01-05 00:00:00+00:00,8.210526315789474,7.409999999999999,0,4696.791517321253
single,0,0.1,0.9,2018-01-05 00:00:00+00:00,8.210526315789474,7.409999999999999,0,4696.791517321253
single,0,0.15,0.85,2018-01-05 00:00:00+00:00,8.210526315789474,7.409999999999999,0,4696.791517321253
single,0,0.2,0.8,2018-01-05 00:00:00+00:00,8.210526315789474,7.409999999999999,0,4696.791517321253
single,0,0.25,0.75,2018-01-05 00:00:00+00:00,8.210526315789474,7.409999999999999,0,4696.791517321253
single,0,0.3,0.7,2018-01-05 00:00:00+00:00,8.210526315789474,7.409999999999999,0,4696.791517321253
single,0,0.35,0.65,2018-01-05 00:00:00+00:00,8.210526315789474,7.409999999999999,0,4696.791517321253
dual,0,0.05,0.95,2018-01-05 00:00:00+00:00,10.078480258809966,9.097774272941965,4,4700.381264907757
dual,0,0.1,0.9,2018-01-05 00:00:00+00:00,9.515843686159176,8.643582430081238,6,4696.303431825021
dual,0,0.15,0.85,2018-01-05 00:00:00+00:00,8.569046506278305,7.815850951154978,7,4694.463636295975
dual,0,0.2,0.8,2018-01-05 00:00:00+00:00,8.262863330366716,7.464146517016855,7,4712.720648774428
dual,0,0.25,0.75,2018-01-05 00:00:00+00:00,8.56209410749185,7.6134269135341315,10,4710.2393521911745
dual,0,0.3,0.7,2018-01-05 00:00:00+00:00,8.47061503271089,7.370606338460837,10,4719.371596697088
dual,0,0.35,0.65,2018-01-05 00:00:00+00:00,10.490373725191924,9.154785485606064,18,4774.319066874855
single,0,0.05,0.95,2018-01-06 00:00:00+00:00,10.526315789473685,9.5,0,3878.533056496578
single,0,0.1,0.9,2018-01-06 00:00:00+00:00,10.526315789473685,9.5,0,3878.533056496578
single,0,0.15,0.85,2018-01-06 00:00:00+00:00,10.526315789473685,9.5,0,3878.533056496578
single,0,0.2,0.8,2018-01-06 00:00:00+00:00,10.526315789473685,9.5,0,3878.533056496578
single,0,0.25,0.75,2018-01-06 00:00:00+00:00,10.526315789473685,9.5,0,3878.533056496578
single,0,0.3,0.7,2018-01-06 00:00:00+00:00,10.526315789473685,9.5,0,3878.533056496578
single,0,0.35,0.65,2018-01-06 00:00:00+00:00,10.526315789473685,9.5,0,3878.533056496578
dual,0,0.05,0.95,2018-01-06 00:00:00+00:00,9.068146156742198,8.148389016597104,4,4260.415715359756
dual,0,0.1,0.9,2018-01-06 00:00:00+00:00,9.476241503378796,8.536806924222994,11,4238.812525322825
dual,0,0.15,0.85,2018-01-06 00:00:00+00:00,9.587369607448904,8.64460120368926,14,4228.459887383632
dual,0,0.2,0.8,2018-01-06 00:00:00+00:00,9.729165813262805,8.80412917458554,16,4384.272975750792
dual,0,0.25,0.75,2018-01-06 00:00:00+00:00,9.992934175784958,9.447147338669652,17,4431.376050025713
dual,0,0.3,0.7,2018-01-06 00:00:00+00:00,10.149603958280602,9.574978832309371,16,4436.980423747964
dual,0,0.35,0.65,2018-01-06 00:00:00+00:00,14.834892582629926,13.218008494397658,19,4425.632439489047
single,0,0.05,0.95,2018-01-07 00:00:00+00:00,8.31578947368421,7.505,0,4120.779142891549
single,0,0.1,0.9,2018-01-07 00:00:00+00:00,8.31578947368421,7.505,0,4120.779142891549
single,0,0.15,0.85,2018-01-07 00:00:00+00:00,8.31578947368421,7.505,0,4120.779142891549
single,0,0.2,0.8,2018-01-07 00:00:00+00:00,8.31578947368421,7.505,0,4120.779142891549
single,0,0.25,0.75,2018-01-07 00:00:00+00:00,8.31578947368421,7.505,0,4120.779142891549
single,0,0.3,0.7,2018-01-07 00:00:00+00:00,8.31578947368421,7.505,0,4120.779142891549
single,0,0.35,0.65,2018-01-07 00:00:00+00:00,8.31578947368421,7.505,0,4120.779142891549
dual,0,0.05,0.95,2018-01-07 00:00:00+00:00,10.189437336053127,9.12336491599884,4,4179.199361435166
dual,0,0.1,0.9,2018-01-07 00:00:00+00:00,9.950563330310423,8.73490235617821,6,4180.841716187095
dual,0,0.15,0.85,2018-01-07 00:00:00+00:00,9.495008258526482,8.188729597918403,7,4191.216215983084
dual,0,0.2,0.8,2018-01-07 00:00:00+00:00,9.483860416630556,8.041285414071279,7,4190.352323553204
dual,0,0.25,0.75,2018-01-07 00:00:00+00:00,10.607490517662953,8.997995826867445,11,4193.157372533336
dual,0,0.3,0.7,2018-01-07 00:00:00+00:00,11.406306262809359,9.84611457849077,11,4190.69240340542
dual,0,0.35,0.65,2018-01-07 00:00:00+00:00,12.610135973187578,10.805329339659288,12,4231.923385819179
single,0,0.05,0.95,2018-01-08 00:00:00+00:00,8.426592797783933,7.6049999999999995,0,4865.231508595733
single,0,0.1,0.9,2018-01-08 00:00:00+00:00,8.426592797783933,7.6049999999999995,0,4865.231508595733
single,0,0.15,0.85,2018-01-08 00:00:00+00:00,8.426592797783933,7.6049999999999995,0,4865.231508595733
single,0,0.2,0.8,2018-01-08 00:00:00+00:00,8.426592797783933,7.6049999999999995,0,4865.231508595733
single,0,0.25,0.75,2018-01-08 00:00:00+00:00,8.426592797783933,7.6049999999999995,0,4865.231508595733
single,0,0.3,0.7,2018-01-08 00:00:00+00:00,8.426592797783933,7.6049999999999995,0,4865.231508595733
single,0,0.35,0.65,2018-01-08 00:00:00+00:00,8.426592797783933,7.6049999999999995,0,4865.231508595733
dual,0,0.05,0.95,2018-01-08 00:00:00+00:00,8.243198435480599,7.363459614311758,2,4950.2493374146625
dual,0,0.1,0.9,2018-01-08 00:00:00+00:00,7.748048957031994,6.77900047146205,9,4970.485454229452
dual,0,0.15,0.85,2018-01-08 00:00:00+00:00,7.4358473717739235,6.458564305114832,11,4957.780021527001
dual,0,0.2,0.8,2018-01-08 00:00:00+00:00,7.6886959189472,6.444838919365821,13,4994.748475333898
dual,0,0.25,0.75,2018-01-08 00:00:00+00:00,7.576935591735265,6.592961090593585,15,4954.843047346105
dual,0,0.3,0.7,2018-01-08 00:00:00+00:00,7.736250847531012,6.683902083273196,15,4951.039034371714
dual,0,0.35,0.65,2018-01-08 00:00:00+00:00,7.291733025079786,6.432813610707063,19,4913.556107676066
single,0,0.05,0.95,2018-01-09 00:00:00+00:00,6.426592797783934,5.8,0,4573.381779587092
single,0,0.1,0.9,2018-01-09 00:00:00+00:00,6.426592797783934,5.8,0,4573.381779587092
single,0,0.15,0.85,2018-01-09 00:00:00+00:00,6.426592797783934,5.8,0,4573.381779587092
single,0,0.2,0.8,2018-01-09 00:00:00+00:00,6.426592797783934,5.8,0,4573.381779587092
single,0,0.25,0.75,2018-01-09 00:00:00+00:00,6.426592797783934,5.8,0,4573.381779587092
single,0,0.3,0.7,2018-01-09 00:00:00+00:00,6.426592797783934,5.8,0,4573.381779587092
single,0,0.35,0.65,2018-01-09 00:00:00+00:00,6.426592797783934,5.8,0,4573.381779587092
dual,0,0.05,0.95,2018-01-09 00:00:00+00:00,7.895727145228671,7.125893748568878,0,4637.345304601015
dual,0,0.1,0.9,2018-01-09 00:00:00+00:00,7.278346616278524,6.568707821191368,0,4641.223537028234
dual,0,0.15,0.85,2018-01-09 00:00:00+00:00,6.91361179182446,6.1831766897652365,4,4644.503672325692
dual,0,0.2,0.8,2018-01-09 00:00:00+00:00,6.5950844113605775,5.812534039982284,4,4656.6090087788425
dual,0,0.25,0.75,2018-01-09 00:00:00+00:00,7.178642417756997,6.242753414575166,9,4651.342836646976
dual,0,0.3,0.7,2018-01-09 00:00:00+00:00,7.213047974132087,6.260932698419253,9,4646.589838889404
dual,0,0.35,0.65,2018-01-09 00:00:00+00:00,10.990726166866498,9.485655100133435,14,4865.3843829384305
single,0,0.05,0.95,2018-01-10 00:00:00+00:00,8.421052631578947,7.6,0,4369.201931106546
single,0,0.1,0.9,2018-01-10 00:00:00+00:00,8.421052631578947,7.6,0,4369.201931106546
single,0,0.15,0.85,2018-01-10 00:00:00+00:00,8.421052631578947,7.6,0,4369.201931106546
single,0,0.2,0.8,2018-01-10 00:00:00+00:00,8.421052631578947,7.6,0,4369.201931106546
single,0,0.25,0.75,2018-01-10 00:00:00+00:00,8.421052631578947,7.6,0,4369.201931106546
single,0,0.3,0.7,2018-01-10 00:00:00+00:00,8.421052631578947,7.6,0,4369.201931106546
single,0,0.35,0.65,2018-01-10 00:00:00+00:00,8.421052631578947,7.6,0,4369.201931106546
dual,0,0.05,0.95,2018-01-10 00:00:00+00:00,9.120269608050766,8.231043321265815,0,4545.519441316785
dual,0,0.1,0.9,2018-01-10 00:00:00+00:00,8.551698185640381,7.767410193270539,3,4617.967503213012
dual,0,0.15,0.85,2018-01-10 00:00:00+00:00,8.302380364421293,7.549994238026424,4,4637.855513220323
dual,0,0.2,0.8,2018-01-10 00:00:00+00:00,8.194861646812587,7.463627608227687,5,4669.280474072699
dual,0,0.25,0.75,2018-01-10 00:00:00+00:00,8.442746820454168,7.664896323641857,9,4683.95314350383
dual,0,0.3,0.7,2018-01-10 00:00:00+00:00,9.612742247002517,8.71619841474674,8,4716.499405871625
dual,0,0.35,0.65,2018-01-10 00:00:00+00:00,13.786643624521052,12.537445871130249,15,4865.40031632789
single,0,0.05,0.95,2018-01-11 00:00:00+00:00,8.421052631578947,7.6000000000000005,0,4177.499376565729
single,0,0.1,0.9,2018-01-11 00:00:00+00:00,8.421052631578947,7.6000000000000005,0,4177.499376565729
single,0,0.15,0.85,2018-01-11 00:00:00+00:00,8.421052631578947,7.6000000000000005,0,4177.499376565729
single,0,0.2,0.8,2018-01-11 00:00:00+00:00,8.421052631578947,7.6000000000000005,0,4177.499376565729
single,0,0.25,0.75,2018-01-11 00:00:00+00:00,8.421052631578947,7.6000000000000005,0,4177.499376565729
single,0,0.3,0.7,2018-01-11 00:00:00+00:00,8.421052631578947,7.6000000000000005,0,4177.499376565729
single,0,0.35,0.65,2018-01-11 00:00:00+00:00,8.421052631578947,7.6000000000000005,0,4177.499376565729
dual,0,0.05,0.95,2018-01-11 00:00:00+00:00,7.374123618660567,6.725660061929117,5,4770.820916813426
dual,0,0.1,0.9,2018-01-11 00:00:00+00:00,6.794540801228536,6.145774953739728,4,4736.371559182017
dual,0,0.15,0.85,2018-01-11 00:00:00+00:00,6.57989375237044,5.923863165657189,7,4742.2234807589975
dual,0,0.2,0.8,2018-01-11 00:00:00+00:00,6.62278464576932,5.967395141153857,10,4713.722830809722
dual,0,0.25,0.75,2018-01-11 00:00:00+00:00,7.172949553518808,6.749010002142498,13,4993.1314679824
dual,0,0.3,0.7,2018-01-11 00:00:00+00:00,6.834297765587363,6.445282745002082,15,5018.890122043346
dual,0,0.35,0.65,2018-01-11 00:00:00+00:00,12.640317612506141,11.126116185732347,14,5075.666774075947
single,0,0.05,0.95,2018-01-12 00:00:00+00:00,10.31578947368421,9.31,0,4287.717268765009
single,0,0.1,0.9,2018-01-12 00:00:00+00:00,10.31578947368421,9.31,0,4287.717268765009
single,0,0.15,0.85,2018-01-12 00:00:00+00:00,10.31578947368421,9.31,0,4287.717268765009
single,0,0.2,0.8,2018-01-12 00:00:00+00:00,10.31578947368421,9.31,0,4287.717268765009
single,0,0.25,0.75,2018-01-12 00:00:00+00:00,10.31578947368421,9.31,0,4287.717268765009
single,0,0.3,0.7,2018-01-12 00:00:00+00:00,10.31578947368421,9.31,0,4287.717268765009
single,0,0.35,0.65,2018-01-12 00:00:00+00:00,10.31578947368421,9.31,0,4287.717268765009
dual,0,0.05,0.95,2018-01-12 00:00:00+00:00,10.108658120570816,9.12306395381516,0,4391.97369226686
dual,0,0.1,0.9,2018-01-12 00:00:00+00:00,9.085019454918042,8.189516712131475,1,4392.772394083006
dual,0,0.15,0.85,2018-01-12 00:00:00+00:00,8.607229190862036,7.6777100193747625,6,4398.954466814857
dual,0,0.2,0.8,2018-01-12 00:00:00+00:00,7.843150445802756,7.020672006842995,8,4397.609555641509
dual,0,0.25,0.75,2018-01-12 00:00:00+00:00,7.842641336435756,6.6703516036702375,11,4410.23396992689
dual,0,0.3,0.7,2018-01-12 00:00:00+00:00,7.860006108101536,6.828933220736285,11,4401.634583502169
dual,0,0.35,0.65,2018-01-12 00:00:00+00:00,8.597622551569495,7.566869083323744,14,4388.370335802847
single,0,0.05,0.95,2018-01-13 00:00:00+00:00,10.537396121883656,9.51,0,4373.07447305307
single,0,0.1,0.9,2018-01-13 00:00:00+00:00,10.537396121883656,9.51,0,4373.07447305307
single,0,0.15,0.85,2018-01-13 00:00:00+00:00,10.537396121883656,9.51,0,4373.07447305307
single,0,0.2,0.8,2018-01-13 00:00:00+00:00,10.537396121883656,9.51,0,4373.07447305307
single,0,0.25,0.75,2018-01-13 00:00:00+00:00,10.537396121883656,9.51,0,4373.07447305307
single,0,0.3,0.7,2018-01-13 00:00:00+00:00,10.537396121883656,9.51,0,4373.07447305307
single,0,0.35,0.65,2018-01-13 00:00:00+00:00,10.537396121883656,9.51,0,4373.07447305307
dual,0,0.05,0.95,2018-01-13 00:00:00+00:00,11.51377740127105,10.39118410464712,0,4411.118450825068
dual,0,0.1,0.9,2018-01-13 00:00:00+00:00,10.145347521355653,9.156176138023477,0,4418.563878823639
dual,0,0.15,0.85,2018-01-13 00:00:00+00:00,10.11148226964874,9.054813303404028,3,4417.7338132384575
dual,0,0.2,0.8,2018-01-13 00:00:00+00:00,10.231605885977439,9.102458633111647,4,4428.139075928598
dual,0,0.25,0.75,2018-01-13 00:00:00+00:00,10.046738655414785,8.794516699337402,13,4438.598414939227
dual,0,0.3,0.7,2018-01-13 00:00:00+00:00,10.161094374901346,8.947849501129685,12,4431.174069637112
dual,0,0.35,0.65,2018-01-13 00:00:00+00:00,10.034382664916684,9.058352250448253,13,4449.716444589488
single,0,0.05,0.95,2018-01-14 00:00:00+00:00,10.526315789473685,9.5,0,3964.9173788149324
single,0,0.1,0.9,2018-01-14 00:00:00+00:00,10.526315789473685,9.5,0,3964.9173788149324
single,0,0.15,0.85,2018-01-14 00:00:00+00:00,10.526315789473685,9.5,0,3964.9173788149324
single,0,0.2,0.8,2018-01-14 00:00:00+00:00,10.526315789473685,9.5,0,3964.9173788149324
single,0,0.25,0.75,2018-01-14 00:00:00+00:00,10.526315789473685,9.5,0,3964.9173788149324
single,0,0.3,0.7,2018-01-14 00:00:00+00:00,10.526315789473685,9.5,0,3964.9173788149324
single,0,0.35,0.65,2018-01-14 00:00:00+00:00,10.526315789473685,9.5,0,3964.9173788149324
dual,0,0.05,0.95,2018-01-14 00:00:00+00:00,10.01969545766903,8.945215618565673,4,4051.8842046207515
dual,0,0.1,0.9,2018-01-14 00:00:00+00:00,10.3809116600658,9.323394259266596,6,4045.493164688561
dual,0,0.15,0.85,2018-01-14 00:00:00+00:00,9.680261003041753,8.7058798391525,12,4044.23201432515
dual,0,0.2,0.8,2018-01-14 00:00:00+00:00,9.412635812211196,8.455626065815157,12,4043.7188127573813
dual,0,0.25,0.75,2018-01-14 00:00:00+00:00,9.080851401303914,7.91945189552186,13,4057.359266881784
dual,0,0.3,0.7,2018-01-14 00:00:00+00:00,9.529901618846973,8.329454473584034,14,4056.7898664380687
dual,0,0.35,0.65,2018-01-14 00:00:00+00:00,10.051759822914747,9.188243908292797,18,4075.078198581994
single,0,0.05,0.95,2018-01-15 00:00:00+00:00,10.526315789473683,9.5,0,3942.240156374039
single,0,0.1,0.9,2018-01-15 00:00:00+00:00,10.526315789473683,9.5,0,3942.240156374039
single,0,0.15,0.85,2018-01-15 00:00:00+00:00,10.526315789473683,9.5,0,3942.240156374039
single,0,0.2,0.8,2018-01-15 00:00:00+00:00,10.526315789473683,9.5,0,3942.240156374039
single,0,0.25,0.75,2018-01-15 00:00:00+00:00,10.526315789473683,9.5,0,3942.240156374039
single,0,0.3,0.7,2018-01-15 00:00:00+00:00,10.526315789473683,9.5,0,3942.240156374039
single,0,0.35,0.65,2018-01-15 00:00:00+00:00,10.526315789473683,9.5,0,3942.240156374039
dual,0,0.05,0.95,2018-01-15 00:00:00+00:00,10.034707072659332,9.056395706576241,1,4077.374742636837
dual,0,0.1,0.9,2018-01-15 00:00:00+00:00,9.025814894996852,8.165640248511698,2,4072.1401718452494
dual,0,0.15,0.85,2018-01-15 00:00:00+00:00,8.908021173767354,7.84482156257592,4,4051.1984114107117
dual,0,0.2,0.8,2018-01-15 00:00:00+00:00,8.946349465936317,7.809822849175983,5,4052.9463348071067
dual,0,0.25,0.75,2018-01-15 00:00:00+00:00,10.465097463962687,9.093652652898427,7,4077.077283764296
dual,0,0.3,0.7,2018-01-15 00:00:00+00:00,10.509098731400854,9.304172731345302,7,4059.406027583571
dual,0,0.35,0.65,2018-01-15 00:00:00+00:00,14.204126235574348,11.888417297229918,13,4168.7658896732755
single,0,0.05,0.95,2018-01-16 00:00:00+00:00,10.74792243767313,9.7,0,4059.4548627287963
single,0,0.1,0.9,2018-01-16 00:00:00+00:00,10.74792243767313,9.7,0,4059.4548627287963
single,0,0.15,0.85,2018-01-16 00:00:00+00:00,10.74792243767313,9.7,0,4059.4548627287963
single,0,0.2,0.8,2018-01-16 00:00:00+00:00,10.74792243767313,9.7,0,4059.4548627287963
single,0,0.25,0.75,2018-01-16 00:00:00+00:00,10.74792243767313,9.7,0,4059.454862728796
single,0,0.3,0.7,2018-01-16 00:00:00+00:00,10.74792243767313,9.7,0,4059.454862728796
single,0,0.35,0.65,2018-01-16 00:00:00+00:00,10.74792243767313,9.7,0,4059.454862728796
dual,0,0.05,0.95,2018-01-16 00:00:00+00:00,10.935500962105493,9.751693945692786,1,4100.821275318578
dual,0,0.1,0.9,2018-01-16 00:00:00+00:00,10.594155672975633,9.353977563342672,6,4105.226273844591
dual,0,0.15,0.85,2018-01-16 00:00:00+00:00,10.533522888300539,9.254075172138737,9,4103.189183980812
dual,0,0.2,0.8,2018-01-16 00:00:00+00:00,10.545177021656354,9.22480144989619,10,4101.402558626574
dual,0,0.25,0.75,2018-01-16 00:00:00+00:00,10.76748437197272,9.379697621735302,14,4088.24146404322
dual,0,0.3,0.7,2018-01-16 00:00:00+00:00,10.8607300582058,9.369905648856582,14,4099.697760109053
dual,0,0.35,0.65,2018-01-16 00:00:00+00:00,10.54751874963001,8.022187016086962,19,4180.053083743817
single,0,0.05,0.95,2018-01-17 00:00:00+00:00,8.31578947368421,7.505,0,3983.810634950905
single,0,0.1,0.9,2018-01-17 00:00:00+00:00,8.31578947368421,7.505,0,3983.810634950905
single,0,0.15,0.85,2018-01-17 00:00:00+00:00,8.31578947368421,7.505,0,3983.810634950905
single,0,0.2,0.8,2018-01-17 00:00:00+00:00,8.31578947368421,7.505,0,3983.810634950905
single,0,0.25,0.75,2018-01-17 00:00:00+00:00,8.31578947368421,7.505,0,3983.810634950905
single,0,0.3,0.7,2018-01-17 00:00:00+00:00,8.31578947368421,7.505,0,3983.810634950905
single,0,0.35,0.65,2018-01-17 00:00:00+00:00,8.31578947368421,7.505,0,3983.810634950905
dual,0,0.05,0.95,2018-01-17 00:00:00+00:00,10.522769456001647,9.425572360372053,3,4023.146993234754
dual,0,0.1,0.9,2018-01-17 00:00:00+00:00,10.394439514285274,9.326661803829154,9,4001.030708238987
dual,0,0.15,0.85,2018-01-17 00:00:00+00:00,10.526471853905258,9.458410309195193,11,3985.8290728200855
dual,0,0.2,0.8,2018-01-17 00:00:00+00:00,10.918527119869033,9.74745862655231,11,3989.4934338608246
dual,0,0.25,0.75,2018-01-17 00:00:00+00:00,10.719257588862927,10.090475870669678,14,3980.1779734273714
dual,0,0.3,0.7,2018-01-17 00:00:00+00:00,10.987202182345614,10.188614632078973,14,4037.62857612481
dual,0,0.35,0.65,2018-01-17 00:00:00+00:00,10.035430203220065,9.02230094339912,18,4153.975804685875
single,0,0.05,0.95,2018-01-18 00:00:00+00:00,12.526315789473685,11.305,0,3895.209639634158
single,0,0.1,0.9,2018-01-18 00:00:00+00:00,12.526315789473685,11.305,0,3895.209639634158
single,0,0.15,0.85,2018-01-18 00:00:00+00:00,12.526315789473685,11.305,0,3895.209639634158
single,0,0.2,0.8,2018-01-18 00:00:00+00:00,12.526315789473685,11.305,0,3895.209639634158
single,0,0.25,0.75,2018-01-18 00:00:00+00:00,12.526315789473685,11.305,0,3895.209639634158
single,0,0.3,0.7,2018-01-18 00:00:00+00:00,12.526315789473685,11.305,0,3895.209639634158
single,0,0.35,0.65,2018-01-18 00:00:00+00:00,12.526315789473685,11.305,0,3895.209639634158
dual,0,0.05,0.95,2018-01-18 00:00:00+00:00,11.080820285221415,10.000440307412328,0,3983.989404966827
dual,0,0.1,0.9,2018-01-18 00:00:00+00:00,10.953262124718952,9.883495905396414,4,3977.752588197143
dual,0,0.15,0.85,2018-01-18 00:00:00+00:00,10.892278237146748,9.837084322142736,6,3967.75586375878
dual,0,0.2,0.8,2018-01-18 00:00:00+00:00,11.291390794170134,10.193162019075217,6,3967.0853045873578
dual,0,0.25,0.75,2018-01-18 00:00:00+00:00,13.801817429688812,12.11685080058854,13,4233.934688441564
dual,0,0.3,0.7,2018-01-18 00:00:00+00:00,14.327987959414912,12.334993205250713,15,4299.528309073812
dual,0,0.35,0.65,2018-01-18 00:00:00+00:00,14.193157307204775,11.972767259642506,19,4317.859867894069
single,0,0.05,0.95,2018-01-19 00:00:00+00:00,10.526315789473683,9.5,0,3707.5380650972393
single,0,0.1,0.9,2018-01-19 00:00:00+00:00,10.526315789473683,9.5,0,3707.5380650972393
single,0,0.15,0.85,2018-01-19 00:00:00+00:00,10.526315789473683,9.5,0,3707.5380650972393
single,0,0.2,0.8,2018-01-19 00:00:00+00:00,10.526315789473683,9.5,0,3707.5380650972393
single,0,0.25,0.75,2018-01-19 00:00:00+00:00,10.526315789473683,9.5,0,3707.5380650972393
single,0,0.3,0.7,2018-01-19 00:00:00+00:00,10.526315789473683,9.5,0,3707.5380650972393
single,0,0.35,0.65,2018-01-19 00:00:00+00:00,10.526315789473683,9.5,0,3707.5380650972393
dual,0,0.05,0.95,2018-01-19 00:00:00+00:00,11.544552840958126,10.40235361738768,3,3842.9582617303354
dual,0,0.1,0.9,2018-01-19 00:00:00+00:00,11.256088799385877,10.071425540597897,6,3804.787991912373
dual,0,0.15,0.85,2018-01-19 00:00:00+00:00,11.112620964711388,9.977053963598232,6,3779.931682971038
dual,0,0.2,0.8,2018-01-19 00:00:00+00:00,11.207846617524577,10.037976692479262,8,3779.1242155637215
dual,0,0.25,0.75,2018-01-19 00:00:00+00:00,11.045732011782793,9.938147709511563,13,3807.973878576353
dual,0,0.3,0.7,2018-01-19 00:00:00+00:00,10.48812321680514,9.555697971846973,14,3833.8627124015647
dual,0,0.35,0.65,2018-01-19 00:00:00+00:00,12.455902622769745,11.336452117049694,18,4060.991076181835
single,0,0.05,0.95,2018-01-20 00:00:00+00:00,10.421052631578949,9.405,0,4361.484032848905
single,0,0.1,0.9,2018-01-20 00:00:00+00:00,10.421052631578949,9.405,0,4361.484032848905
single,0,0.15,0.85,2018-01-20 00:00:00+00:00,10.421052631578949,9.405,0,4361.484032848905
single,0,0.2,0.8,2018-01-20 00:00:00+00:00,10.421052631578949,9.405,0,4361.484032848905
single,0,0.25,0.75,2018-01-20 00:00:00+00:00,10.421052631578949,9.405,0,4361.484032848905
single,0,0.3,0.7,2018-01-20 00:00:00+00:00,10.421052631578949,9.405,0,4361.484032848905
single,0,0.35,0.65,2018-01-20 00:00:00+00:00,10.421052631578949,9.405,0,4361.484032848905
dual,0,0.05,0.95,2018-01-20 00:00:00+00:00,9.552786427680719,8.621389750981848,0,4435.32873596878
dual,0,0.1,0.9,2018-01-20 00:00:00+00:00,10.136324200152023,9.1480325906372,3,4449.9138313838375
dual,0,0.15,0.85,2018-01-20 00:00:00+00:00,9.853728070983816,8.892989584062892,4,4449.440547508627
dual,0,0.2,0.8,2018-01-20 00:00:00+00:00,9.595532907109062,8.826894583274699,8,4685.544137480618
dual,0,0.25,0.75,2018-01-20 00:00:00+00:00,9.151547264475534,8.382419069296505,14,4669.662498102845
dual,0,0.3,0.7,2018-01-20 00:00:00+00:00,9.384098209983797,8.602685196407611,14,4670.983860874854
dual,0,0.35,0.65,2018-01-20 00:00:00+00:00,9.934843779973626,9.073748427520623,16,4663.608656343792
single,0,0.05,0.95,2018-01-21 00:00:00+00:00,10.526315789473683,9.5,0,4056.9885170669604
single,0,0.1,0.9,2018-01-21 00:00:00+00:00,10.526315789473683,9.5,0,4056.9885170669604
single,0,0.15,0.85,2018-01-21 00:00:00+00:00,10.526315789473683,9.5,0,4056.9885170669604
single,0,0.2,0.8,2018-01-21 00:00:00+00:00,10.526315789473683,9.5,0,4056.9885170669604
single,0,0.25,0.75,2018-01-21 00:00:00+00:00,10.526315789473683,9.5,0,4056.9885170669604
single,0,0.3,0.7,2018-01-21 00:00:00+00:00,10.526315789473683,9.5,0,4056.9885170669604
single,0,0.35,0.65,2018-01-21 00:00:00+00:00,10.526315789473683,9.5,0,4056.9885170669604
dual,0,0.05,0.95,2018-01-21 00:00:00+00:00,10.414125860803816,9.38167278066542,2,4097.241744707418
dual,0,0.1,0.9,2018-01-21 00:00:00+00:00,10.54188320675118,9.392555300880048,1,4094.5206054494583
dual,0,0.15,0.85,2018-01-21 00:00:00+00:00,10.565859641200653,9.32706491691235,3,4088.3757777230285
dual,0,0.2,0.8,2018-01-21 00:00:00+00:00,10.32839869880297,9.03093901998072,6,4073.6244834530507
dual,0,0.25,0.75,2018-01-21 00:00:00+00:00,10.410759692252595,9.115004985824918,8,4082.376510090177
dual,0,0.3,0.7,2018-01-21 00:00:00+00:00,10.220762471382526,8.926252979454292,8,4109.083816776013
dual,0,0.35,0.65,2018-01-21 00:00:00+00:00,13.434759714232833,12.070013715086326,14,4183.521603214897
single,0,0.05,0.95,2018-01-22 00:00:00+00:00,8.421052631578947,7.6000000000000005,0,3734.422585211163
single,0,0.1,0.9,2018-01-22 00:00:00+00:00,8.421052631578947,7.6000000000000005,0,3734.422585211163
single,0,0.15,0.85,2018-01-22 00:00:00+00:00,8.421052631578947,7.6000000000000005,0,3734.422585211163
single,0,0.2,0.8,2018-01-22 00:00:00+00:00,8.421052631578947,7.6000000000000005,0,3734.422585211163
single,0,0.25,0.75,2018-01-22 00:00:00+00:00,8.421052631578947,7.6000000000000005,0,3734.422585211163
single,0,0.3,0.7,2018-01-22 00:00:00+00:00,8.421052631578947,7.6000000000000005,0,3734.422585211163
single,0,0.35,0.65,2018-01-22 00:00:00+00:00,8.421052631578947,7.6000000000000005,0,3734.422585211163
dual,0,0.05,0.95,2018-01-22 00:00:00+00:00,8.57837763427722,7.741985814935192,0,3883.1993932740343
dual,0,0.1,0.9,2018-01-22 00:00:00+00:00,8.460077041359485,7.635219529826934,0,3850.3049067990114
dual,0,0.15,0.85,2018-01-22 00:00:00+00:00,8.517823624405134,7.691008700995959,3,3839.5030134240683
dual,0,0.2,0.8,2018-01-22 00:00:00+00:00,8.118025646245712,7.3528934394684455,3,3831.814760556327
dual,0,0.25,0.75,2018-01-22 00:00:00+00:00,8.913360988468089,8.405950664145777,6,3874.1745747205036
dual,0,0.3,0.7,2018-01-22 00:00:00+00:00,8.979370759107422,8.499832559200183,6,3896.8613345559856
dual,0,0.35,0.65,2018-01-22 00:00:00+00:00,14.242760084630829,11.85425563276549,11,4154.739196506349
single,0,0.05,0.95,2018-01-23 00:00:00+00:00,10.526315789473685,9.5,0,3778.195750037437
single,0,0.1,0.9,2018-01-23 00:00:00+00:00,10.526315789473685,9.5,0,3778.195750037437
single,0,0.15,0.85,2018-01-23 00:00:00+00:00,10.526315789473685,9.5,0,3778.195750037437
single,0,0.2,0.8,2018-01-23 00:00:00+00:00,10.526315789473685,9.5,0,3778.195750037437
single,0,0.25,0.75,2018-01-23 00:00:00+00:00,10.526315789473685,9.5,0,3778.195750037437
single,0,0.3,0.7,2018-01-23 00:00:00+00:00,10.526315789473685,9.5,0,3778.195750037437
single,0,0.35,0.65,2018-01-23 00:00:00+00:00,10.526315789473685,9.5,0,3778.195750037437
dual,0,0.05,0.95,2018-01-23 00:00:00+00:00,10.317898611697007,9.311903497056548,0,3844.0368737515428
dual,0,0.1,0.9,2018-01-23 00:00:00+00:00,9.834713290404986,8.8758287445905,0,3847.4083509798206
dual,0,0.15,0.85,2018-01-23 00:00:00+00:00,9.60297601760934,8.660125517707492,1,3844.1536462288586
dual,0,0.2,0.8,2018-01-23 00:00:00+00:00,9.418210944159904,8.43985806451562,3,3847.0035434723977
dual,0,0.25,0.75,2018-01-23 00:00:00+00:00,9.281008766390876,7.999538802981014,11,3863.9223545443974
dual,0,0.3,0.7,2018-01-23 00:00:00+00:00,9.124134956476318,7.928068926962526,11,3855.6803087679186
dual,0,0.35,0.65,2018-01-23 00:00:00+00:00,12.528395891173398,10.977245294563108,15,3889.4119846594012
single,0,0.05,0.95,2018-01-24 00:00:00+00:00,12.31578947368421,11.115,0,3841.9744465968806
single,0,0.1,0.9,2018-01-24 00:00:00+00:00,12.31578947368421,11.115,0,3841.9744465968806
single,0,0.15,0.85,2018-01-24 00:00:00+00:00,12.31578947368421,11.115,0,3841.9744465968806
single,0,0.2,0.8,2018-01-24 00:00:00+00:00,12.31578947368421,11.115,0,3841.9744465968806
single,0,0.25,0.75,2018-01-24 00:00:00+00:00,12.31578947368421,11.115,0,3841.9744465968806
single,0,0.3,0.7,2018-01-24 00:00:00+00:00,12.31578947368421,11.115,0,3841.9744465968806
single,0,0.35,0.65,2018-01-24 00:00:00+00:00,12.31578947368421,11.115,0,3841.9744465968806
dual,0,0.05,0.95,2018-01-24 00:00:00+00:00,11.051790061960382,10.001208730345981,3,3876.3454860135344
dual,0,0.1,0.9,2018-01-24 00:00:00+00:00,10.961772854360955,9.791108699920617,4,3874.556616385184
dual,0,0.15,0.85,2018-01-24 00:00:00+00:00,10.458285291994226,9.356512311134573,6,3882.290768461361
dual,0,0.2,0.8,2018-01-24 00:00:00+00:00,10.704239667369965,9.58911854295294,6,3862.925073012196
dual,0,0.25,0.75,2018-01-24 00:00:00+00:00,11.728726754501684,10.463319510260575,12,4081.0554820279294
dual,0,0.3,0.7,2018-01-24 00:00:00+00:00,12.46408449780053,10.82856827392972,14,4076.702836507893
dual,0,0.35,0.65,2018-01-24 00:00:00+00:00,12.819975465040214,11.122531727848822,17,4057.671924071976
single,0,0.05,0.95,2018-01-25 00:00:00+00:00,14.321329639889196,12.925,0,3538.1832652443914
single,0,0.1,0.9,2018-01-25 00:00:00+00:00,14.321329639889196,12.925,0,3538.1832652443914
single,0,0.15,0.85,2018-01-25 00:00:00+00:00,14.321329639889196,12.925,0,3538.1832652443914
single,0,0.2,0.8,2018-01-25 00:00:00+00:00,14.321329639889196,12.925,0,3538.1832652443914
single,0,0.25,0.75,2018-01-25 00:00:00+00:00,14.321329639889196,12.925,0,3538.1832652443914
single,0,0.3,0.7,2018-01-25 00:00:00+00:00,14.321329639889196,12.925,0,3538.1832652443914
single,0,0.35,0.65,2018-01-25 00:00:00+00:00,14.321329639889196,12.925,0,3538.1832652443914
dual,0,0.05,0.95,2018-01-25 00:00:00+00:00,11.897472675361257,10.848104848532216,5,3723.535946614436
dual,0,0.1,0.9,2018-01-25 00:00:00+00:00,11.785944973124431,10.697086104308935,4,3717.1759259369196
dual,0,0.15,0.85,2018-01-25 00:00:00+00:00,11.817709132822241,10.580068671032468,4,3703.6864082526913
dual,0,0.2,0.8,2018-01-25 00:00:00+00:00,12.033342037938404,10.692758805845168,4,3713.796860303463
dual,0,0.25,0.75,2018-01-25 00:00:00+00:00,13.728553071397737,12.228969094851308,6,3834.0180526200356
dual,0,0.3,0.7,2018-01-25 00:00:00+00:00,14.78111909353215,13.160043970255662,7,3848.7537150531107
dual,0,0.35,0.65,2018-01-25 00:00:00+00:00,17.066931993119102,15.431033099155407,11,3891.423958603108
single,0,0.05,0.95,2018-01-26 00:00:00+00:00,8.421052631578949,7.6000000000000005,0,3799.5824372116454
single,0,0.1,0.9,2018-01-26 00:00:00+00:00,8.421052631578949,7.6000000000000005,0,3799.5824372116454
single,0,0.15,0.85,2018-01-26 00:00:00+00:00,8.421052631578949,7.6000000000000005,0,3799.5824372116454
single,0,0.2,0.8,2018-01-26 00:00:00+00:00,8.421052631578949,7.6000000000000005,0,3799.5824372116454
single,0,0.25,0.75,2018-01-26 00:00:00+00:00,8.421052631578949,7.6000000000000005,0,3799.5824372116454
single,0,0.3,0.7,2018-01-26 00:00:00+00:00,8.421052631578949,7.6000000000000005,0,3799.5824372116454
single,0,0.35,0.65,2018-01-26 00:00:00+00:00,8.421052631578949,7.6000000000000005,0,3799.5824372116454
dual,0,0.05,0.95,2018-01-26 00:00:00+00:00,10.134039807465037,9.145970926237194,0,4013.8711912915373
dual,0,0.1,0.9,2018-01-26 00:00:00+00:00,9.41785106801116,8.499610588880074,0,4010.838942049253
dual,0,0.15,0.85,2018-01-26 00:00:00+00:00,8.911072159701376,8.042242624130493,0,4010.9626117388098
dual,0,0.2,0.8,2018-01-26 00:00:00+00:00,8.364585301564478,7.631754479004695,3,4016.4523010183457
dual,0,0.25,0.75,2018-01-26 00:00:00+00:00,8.999661486652633,8.085747237284675,7,4079.6954263091984
dual,0,0.3,0.7,2018-01-26 00:00:00+00:00,8.991906264672657,8.194998557875287,7,4098.812340286522
dual,0,0.35,0.65,2018-01-26 00:00:00+00:00,10.793016930683063,9.912148606330025,11,4209.170985020985
single,0,0.05,0.95,2018-01-27 00:00:00+00:00,10.637119113573409,9.6,0,3679.8061443190536
single,0,0.1,0.9,2018-01-27 00:00:00+00:00,10.637119113573409,9.6,0,3679.8061443190536
single,0,0.15,0.85,2018-01-27 00:00:00+00:00,10.637119113573409,9.6,0,3679.8061443190536
single,0,0.2,0.8,2018-01-27 00:00:00+00:00,10.637119113573409,9.6,0,3679.8061443190536
single,0,0.25,0.75,2018-01-27 00:00:00+00:00,10.637119113573409,9.6,0,3679.8061443190536
single,0,0.3,0.7,2018-01-27 00:00:00+00:00,10.637119113573409,9.6,0,3679.8061443190536
single,0,0.35,0.65,2018-01-27 00:00:00+00:00,10.637119113573409,9.6,0,3679.8061443190536
dual,0,0.05,0.95,2018-01-27 00:00:00+00:00,11.009351592545684,9.935939812272482,0,3717.340744528532
dual,0,0.1,0.9,2018-01-27 00:00:00+00:00,10.63776944671255,9.600586925658074,0,3718.32611329191
dual,0,0.15,0.85,2018-01-27 00:00:00+00:00,10.651702430858279,9.613161443849597,0,3711.3007992876433
dual,0,0.2,0.8,2018-01-27 00:00:00+00:00,10.646491798116324,9.58398804167816,1,3709.625698819107
dual,0,0.25,0.75,2018-01-27 00:00:00+00:00,10.759637207581045,9.535888323310132,8,3821.2289263859516
dual,0,0.3,0.7,2018-01-27 00:00:00+00:00,10.689064681212441,9.443123245342925,7,3845.7597476061833
dual,0,0.35,0.65,2018-01-27 00:00:00+00:00,10.672778692485297,9.831413269170481,16,3814.991488231621
single,0,0.05,0.95,2018-01-28 00:00:00+00:00,10.321329639889196,9.315,0,3431.1403668104904
single,0,0.1,0.9,2018-01-28 00:00:00+00:00,10.321329639889196,9.315,0,3431.1403668104904
single,0,0.15,0.85,2018-01-28 00:00:00+00:00,10.321329639889196,9.315,0,3431.1403668104904
single,0,0.2,0.8,2018-01-28 00:00:00+00:00,10.321329639889196,9.315,0,3431.1403668104904
single,0,0.25,0.75,2018-01-28 00:00:00+00:00,10.321329639889196,9.315,0,3431.1403668104904
single,0,0.3,0.7,2018-01-28 00:00:00+00:00,10.321329639889196,9.315,0,3431.1403668104904
single,0,0.35,0.65,2018-01-28 00:00:00+00:00,10.321329639889196,9.315,0,3431.1403668104904
dual,0,0.05,0.95,2018-01-28 00:00:00+00:00,11.983402351053645,10.815020621825914,2,3579.1581552522384
dual,0,0.1,0.9,2018-01-28 00:00:00+00:00,12.242167821198505,11.008148137396415,5,3579.1926075240217
dual,0,0.15,0.85,2018-01-28 00:00:00+00:00,12.089878291176628,10.822532595949406,7,3569.593010122703
dual,0,0.2,0.8,2018-01-28 00:00:00+00:00,11.666953995912575,10.429564209220285,10,3577.8412836642774
dual,0,0.25,0.75,2018-01-28 00:00:00+00:00,11.543913558053228,10.33344264740837,15,3574.2822099607197
dual,0,0.3,0.7,2018-01-28 00:00:00+00:00,11.056423648860795,10.073731525355472,17,3593.9245355201674
dual,0,0.35,0.65,2018-01-28 00:00:00+00:00,7.508195549341892,6.873112421790298,24,3736.9082434573943
single,0,0.05,0.95,2018-01-29 00:00:00+00:00,10.858725761772853,9.8,0,3369.6482321570375
single,0,0.1,0.9,2018-01-29 00:00:00+00:00,10.858725761772853,9.8,0,3369.6482321570375
single,0,0.15,0.85,2018-01-29 00:00:00+00:00,10.858725761772853,9.8,0,3369.6482321570375
single,0,0.2,0.8,2018-01-29 00:00:00+00:00,10.858725761772853,9.8,0,3369.6482321570375
single,0,0.25,0.75,2018-01-29 00:00:00+00:00,10.858725761772853,9.8,0,3369.6482321570375
single,0,0.3,0.7,2018-01-29 00:00:00+00:00,10.858725761772853,9.8,0,3369.6482321570375
single,0,0.35,0.65,2018-01-29 00:00:00+00:00,10.858725761772853,9.8,0,3369.6482321570375
dual,0,0.05,0.95,2018-01-29 00:00:00+00:00,11.423400228410912,10.309618706140848,0,3427.310346078711
dual,0,0.1,0.9,2018-01-29 00:00:00+00:00,10.894299499142605,9.8321052979762,0,3416.376335209392
dual,0,0.15,0.85,2018-01-29 00:00:00+00:00,10.700777617391465,9.657451799695796,3,3424.3418159050348
dual,0,0.2,0.8,2018-01-29 00:00:00+00:00,10.30137090978689,9.315571334967975,3,3439.1708083666376
dual,0,0.25,0.75,2018-01-29 00:00:00+00:00,10.604896734875059,9.88040455454918,10,3555.404707842604
dual,0,0.3,0.7,2018-01-29 00:00:00+00:00,10.62012970654764,9.924941720014603,11,3536.04123169023
dual,0,0.35,0.65,2018-01-29 00:00:00+00:00,13.18699510261807,12.123273078496606,17,3676.671249037288
single,0,0.05,0.95,2018-01-30 00:00:00+00:00,10.31578947368421,9.31,0,3807.9971077103887
single,0,0.1,0.9,2018-01-30 00:00:00+00:00,10.31578947368421,9.31,0,3807.997107710389
single,0,0.15,0.85,2018-01-30 00:00:00+00:00,10.31578947368421,9.31,0,3807.9971077103887
single,0,0.2,0.8,2018-01-30 00:00:00+00:00,10.31578947368421,9.31,0,3807.9971077103887
single,0,0.25,0.75,2018-01-30 00:00:00+00:00,10.31578947368421,9.31,0,3807.9971077103887
single,0,0.3,0.7,2018-01-30 00:00:00+00:00,10.315789473684209,9.31,0,3807.997107710389
single,0,0.35,0.65,2018-01-30 00:00:00+00:00,10.315789473684209,9.31,0,3807.997107710389
dual,0,0.05,0.95,2018-01-30 00:00:00+00:00,10.273075079450262,9.271450259203863,0,3859.849713160714
dual,0,0.1,0.9,2018-01-30 00:00:00+00:00,10.105716118865338,8.981026030233652,4,3866.848663544879
dual,0,0.15,0.85,2018-01-30 00:00:00+00:00,9.686932144171264,8.308470060813917,9,3883.170459715515
dual,0,0.2,0.8,2018-01-30 00:00:00+00:00,9.060731321948099,7.78838583620443,9,3892.6987345773264
dual,0,0.25,0.75,2018-01-30 00:00:00+00:00,8.110518665990755,6.863289644375172,14,3908.8430927384884
dual,0,0.3,0.7,2018-01-30 00:00:00+00:00,8.24974733419462,7.006629220328136,15,3905.3384483628183
dual,0,0.35,0.65,2018-01-30 00:00:00+00:00,9.334055899397747,7.997861080651769,17,3921.0679558872757
single,0,0.05,0.95,2018-01-31 00:00:00+00:00,10.526315789473685,9.5,0,3610.9447904256804
single,0,0.1,0.9,2018-01-31 00:00:00+00:00,10.526315789473685,9.5,0,3610.9447904256804
single,0,0.15,0.85,2018-01-31 00:00:00+00:00,10.526315789473685,9.5,0,3610.9447904256804
single,0,0.2,0.8,2018-01-31 00:00:00+00:00,10.526315789473685,9.5,0,3610.9447904256804
single,0,0.25,0.75,2018-01-31 00:00:00+00:00,10.526315789473685,9.5,0,3610.9447904256804
single,0,0.3,0.7,2018-01-31 00:00:00+00:00,10.526315789473685,9.5,0,3610.9447904256804
single,0,0.35,0.65,2018-01-31 00:00:00+00:00,10.526315789473685,9.5,0,3610.9447904256804
dual,0,0.05,0.95,2018-01-31 00:00:00+00:00,10.664546053617952,9.624752813390202,0,3720.4429866743944
dual,0,0.1,0.9,2018-01-31 00:00:00+00:00,10.047314326695284,9.067701179842494,0,3715.3501997495296
dual,0,0.15,0.85,2018-01-31 00:00:00+00:00,9.890651214139437,8.925916610928855,2,3702.576024812956
dual,0,0.2,0.8,2018-01-31 00:00:00+00:00,9.832721546328456,8.828270434598645,3,3694.5461204629773
dual,0,0.25,0.75,2018-01-31 00:00:00+00:00,10.52793703330087,9.547120944860755,7,3786.984057261509
dual,0,0.3,0.7,2018-01-31 00:00:00+00:00,11.29843430682523,10.301587307805537,9,3834.512509187423
dual,0,0.35,0.65,2018-01-31 00:00:00+00:00,13.83512887618401,12.772574732208508,16,3944.6222706369567
single,0,0.05,0.95,2018-02-01 00:00:00+00:00,10.526315789473685,9.5,0,3308.267723136187
single,0,0.1,0.9,2018-02-01 00:00:00+00:00,10.526315789473685,9.5,0,3308.267723136187
single,0,0.15,0.85,2018-02-01 00:00:00+00:00,10.526315789473685,9.5,0,3308.267723136187
single,0,0.2,0.8,2018-02-01 00:00:00+00:00,10.526315789473685,9.5,0,3308.267723136187
single,0,0.25,0.75,2018-02-01 00:00:00+00:00,10.526315789473685,9.5,0,3308.267723136187
single,0,0.3,0.7,2018-02-01 00:00:00+00:00,10.526315789473685,9.5,0,3308.267723136187
single,0,0.35,0.65,2018-02-01 00:00:00+00:00,10.526315789473685,9.5,0,3308.267723136187
dual,0,0.05,0.95,2018-02-01 00:00:00+00:00,10.766029056405095,9.7163412234056,0,3449.4852785692706
dual,0,0.1,0.9,2018-02-01 00:00:00+00:00,10.409689216831383,9.272500006393013,9,3451.3709946850317
dual,0,0.15,0.85,2018-02-01 00:00:00+00:00,10.132203503930764,8.99234912441981,13,3458.186205698946
dual,0,0.2,0.8,2018-02-01 00:00:00+00:00,9.98459295025503,8.731032170377791,13,3437.5297592569336
dual,0,0.25,0.75,2018-02-01 00:00:00+00:00,11.422283572435152,10.06219696723818,16,3512.051943950273
dual,0,0.3,0.7,2018-02-01 00:00:00+00:00,11.976090776576358,10.595759371443261,17,3560.0289466233016
dual,0,0.35,0.65,2018-02-01 00:00:00+00:00,14.598235417367743,13.406943123870729,20,3659.857785428938
single,0,0.05,0.95,2018-02-02 00:00:00+00:00,14.105263157894736,12.73,0,3675.888346773407
single,0,0.1,0.9,2018-02-02 00:00:00+00:00,14.105263157894736,12.73,0,3675.888346773407
single,0,0.15,0.85,2018-02-02 00:00:00+00:00,14.105263157894736,12.73,0,3675.888346773407
single,0,0.2,0.8,2018-02-02 00:00:00+00:00,14.105263157894736,12.73,0,3675.888346773407
single,0,0.25,0.75,2018-02-02 00:00:00+00:00,14.105263157894736,12.73,0,3675.888346773407
single,0,0.3,0.7,2018-02-02 00:00:00+00:00,14.105263157894736,12.73,0,3675.888346773407
single,0,0.35,0.65,2018-02-02 00:00:00+00:00,14.105263157894736,12.73,0,3675.888346773407
dual,0,0.05,0.95,2018-02-02 00:00:00+00:00,12.841150233860958,11.589138086059517,0,3749.5995060951914
dual,0,0.1,0.9,2018-02-02 00:00:00+00:00,12.726003417001541,11.48521808384389,0,3755.1959000039133
dual,0,0.15,0.85,2018-02-02 00:00:00+00:00,12.67121905427052,11.435775196479144,2,3730.363922444707
dual,0,0.2,0.8,2018-02-02 00:00:00+00:00,12.58144492386451,11.35475404378772,2,3723.107588854022
dual,0,0.25,0.75,2018-02-02 00:00:00+00:00,13.220992370105327,11.76807978803025,8,3985.4029456615485
dual,0,0.3,0.7,2018-02-02 00:00:00+00:00,12.868941071676659,11.669398872698203,10,4013.063444830689
dual,0,0.35,0.65,2018-02-02 00:00:00+00:00,14.036703455189981,12.137221024948586,15,4151.9918277232755
single,0,0.05,0.95,2018-02-03 00:00:00+00:00,10.31578947368421,9.31,0,3723.4234184150264
single,0,0.1,0.9,2018-02-03 00:00:00+00:00,10.31578947368421,9.31,0,3723.4234184150264
single,0,0.15,0.85,2018-02-03 00:00:00+00:00,10.31578947368421,9.31,0,3723.4234184150264
single,0,0.2,0.8,2018-02-03 00:00:00+00:00,10.31578947368421,9.31,0,3723.4234184150264
single,0,0.25,0.75,2018-02-03 00:00:00+00:00,10.31578947368421,9.31,0,3723.4234184150264
single,0,0.3,0.7,2018-02-03 00:00:00+00:00,10.31578947368421,9.31,0,3723.4234184150264
single,0,0.35,0.65,2018-02-03 00:00:00+00:00,10.31578947368421,9.31,0,3723.4234184150264
dual,0,0.05,0.95,2018-02-03 00:00:00+00:00,8.798821602872763,8.107597846999617,2,4191.736907089597
dual,0,0.1,0.9,2018-02-03 00:00:00+00:00,8.739065711071204,8.204058703875983,2,4190.972340487137
dual,0,0.15,0.85,2018-02-03 00:00:00+00:00,8.689273956439674,8.101777769883785,6,4172.395221710176
dual,0,0.2,0.8,2018-02-03 00:00:00+00:00,8.8260457374207,8.021067157195256,6,4139.094181105359
dual,0,0.25,0.75,2018-02-03 00:00:00+00:00,9.436332670886454,8.604932456774439,11,4250.27609202844
dual,0,0.3,0.7,2018-02-03 00:00:00+00:00,9.010921618269437,8.1619662904365,10,4147.9022128854085
dual,0,0.35,0.65,2018-02-03 00:00:00+00:00,14.847590149087342,13.111742822354534,16,4455.065590585916
single,0,0.05,0.95,2018-02-04 00:00:00+00:00,6.426592797783934,5.8,0,3511.2146399805297
single,0,0.1,0.9,2018-02-04 00:00:00+00:00,6.426592797783934,5.8,0,3511.2146399805297
single,0,0.15,0.85,2018-02-04 00:00:00+00:00,6.426592797783934,5.8,0,3511.2146399805297
single,0,0.2,0.8,2018-02-04 00:00:00+00:00,6.426592797783934,5.8,0,3511.2146399805297
single,0,0.25,0.75,2018-02-04 00:00:00+00:00,6.426592797783934,5.8,0,3511.2146399805297
single,0,0.3,0.7,2018-02-04 00:00:00+00:00,6.426592797783934,5.8,0,3511.2146399805297
single,0,0.35,0.65,2018-02-04 00:00:00+00:00,6.426592797783934,5.8,0,3511.2146399805297
dual,0,0.05,0.95,2018-02-04 00:00:00+00:00,8.770338691448304,7.915230669032095,0,3703.0622703159315
dual,0,0.1,0.9,2018-02-04 00:00:00+00:00,9.058986290172156,8.17573512688037,2,3683.9349146794243
dual,0,0.15,0.85,2018-02-04 00:00:00+00:00,8.701904304895722,7.85388471124353,2,3679.8169480895162
dual,0,0.2,0.8,2018-02-04 00:00:00+00:00,8.673836428800794,7.844920591273552,2,3678.0380377798774
dual,0,0.25,0.75,2018-02-04 00:00:00+00:00,8.544201622390764,7.755113492576091,10,3761.1496304722677
dual,0,0.3,0.7,2018-02-04 00:00:00+00:00,8.591907109799138,7.941919839672353,11,3788.734413085781
dual,0,0.35,0.65,2018-02-04 00:00:00+00:00,11.312864321129249,9.069818356862427,15,4048.5633064977037
single,0,0.05,0.95,2018-02-05 00:00:00+00:00,8.421052631578949,7.6000000000000005,0,3579.9741608253657
single,0,0.1,0.9,2018-02-05 00:00:00+00:00,8.421052631578949,7.6000000000000005,0,3579.9741608253657
single,0,0.15,0.85,2018-02-05 00:00:00+00:00,8.421052631578949,7.6000000000000005,0,3579.9741608253657
single,0,0.2,0.8,2018-02-05 00:00:00+00:00,8.421052631578949,7.6000000000000005,0,3579.9741608253657
single,0,0.25,0.75,2018-02-05 00:00:00+00:00,8.421052631578949,7.6000000000000005,0,3579.9741608253657
single,0,0.3,0.7,2018-02-05 00:00:00+00:00,8.421052631578949,7.6000000000000005,0,3579.9741608253657
single,0,0.35,0.65,2018-02-05 00:00:00+00:00,8.421052631578949,7.6000000000000005,0,3579.9741608253657
dual,0,0.05,0.95,2018-02-05 00:00:00+00:00,8.783206091937227,8.057063160243693,1,4086.9235745043634
dual,0,0.1,0.9,2018-02-05 00:00:00+00:00,8.823530990126578,8.082905202323367,2,4083.178333387872
dual,0,0.15,0.85,2018-02-05 00:00:00+00:00,8.670125864772526,7.98022016747904,5,4059.451354748731
dual,0,0.2,0.8,2018-02-05 00:00:00+00:00,8.744726293159935,8.035659004084492,6,4105.829027235572
dual,0,0.25,0.75,2018-02-05 00:00:00+00:00,10.215592711669975,9.55412129995782,11,4250.5389882393465
dual,0,0.3,0.7,2018-02-05 00:00:00+00:00,10.454406659738133,10.02060227544602,13,4244.442496172725
dual,0,0.35,0.65,2018-02-05 00:00:00+00:00,14.317239013089598,12.225526006284692,13,4326.066234091442
single,0,0.05,0.95,2018-02-06 00:00:00+00:00,8.421052631578947,7.6,0,4231.403092884457
single,0,0.1,0.9,2018-02-06 00:00:00+00:00,8.421052631578947,7.6,0,4231.403092884457
single,0,0.15,0.85,2018-02-06 00:00:00+00:00,8.421052631578947,7.6,0,4231.403092884457
single,0,0.2,0.8,2018-02-06 00:00:00+00:00,8.421052631578947,7.6,0,4231.403092884457
single,0,0.25,0.75,2018-02-06 00:00:00+00:00,8.421052631578947,7.6,0,4231.403092884457
single,0,0.3,0.7,2018-02-06 00:00:00+00:00,8.421052631578947,7.6,0,4231.403092884457
single,0,0.35,0.65,2018-02-06 00:00:00+00:00,8.421052631578947,7.6,0,4231.403092884457
dual,0,0.05,0.95,2018-02-06 00:00:00+00:00,8.704668231246101,7.855963078699607,0,4285.783374702768
dual,0,0.1,0.9,2018-02-06 00:00:00+00:00,8.582259412349977,7.745489119645855,0,4287.118349269845
dual,0,0.15,0.85,2018-02-06 00:00:00+00:00,7.9958511350898345,7.265513198456923,4,4284.707806899318
dual,0,0.2,0.8,2018-02-06 00:00:00+00:00,7.87938270914417,7.11317809672464,6,4290.608500864889
dual,0,0.25,0.75,2018-02-06 00:00:00+00:00,8.360315710011102,7.104172188511221,8,4317.483257579917
dual,0,0.3,0.7,2018-02-06 00:00:00+00:00,8.433642537062227,7.175729816733303,8,4318.667775344131
dual,0,0.35,0.65,2018-02-06 00:00:00+00:00,8.540940917573305,7.3166299411822715,14,4331.5736767753415
single,0,0.05,0.95,2018-02-07 00:00:00+00:00,8.421052631578947,7.6,0,3574.680620144368
single,0,0.1,0.9,2018-02-07 00:00:00+00:00,8.421052631578947,7.6,0,3574.680620144368
single,0,0.15,0.85,2018-02-07 00:00:00+00:00,8.421052631578947,7.6,0,3574.680620144368
single,0,0.2,0.8,2018-02-07 00:00:00+00:00,8.421052631578947,7.6,0,3574.680620144368
single,0,0.25,0.75,2018-02-07 00:00:00+00:00,8.421052631578947,7.6,0,3574.680620144368
single,0,0.3,0.7,2018-02-07 00:00:00+00:00,8.421052631578947,7.6,0,3574.680620144368
single,0,0.35,0.65,2018-02-07 00:00:00+00:00,8.421052631578947,7.6,0,3574.680620144368
dual,0,0.05,0.95,2018-02-07 00:00:00+00:00,9.977958517270466,9.005107561836594,0,3912.7217997472785
dual,0,0.1,0.9,2018-02-07 00:00:00+00:00,9.730321719540909,8.804102870004535,1,3885.3893080408843
dual,0,0.15,0.85,2018-02-07 00:00:00+00:00,9.540922775578302,8.555713494198919,1,3854.9305564048495
dual,0,0.2,0.8,2018-02-07 00:00:00+00:00,9.838626912491975,8.783213728129724,1,3853.6515406261638
dual,0,0.25,0.75,2018-02-07 00:00:00+00:00,9.759667166228539,8.825123056120171,10,3907.361260390772
dual,0,0.3,0.7,2018-02-07 00:00:00+00:00,10.697356932737538,9.87092624470987,10,3937.480697176264
dual,0,0.35,0.65,2018-02-07 00:00:00+00:00,13.558820722690406,12.763863271630044,15,4114.7204157739625
single,0,0.05,0.95,2018-02-08 00:00:00+00:00,8.421052631578947,7.6,0,4190.208078553163
single,0,0.1,0.9,2018-02-08 00:00:00+00:00,8.421052631578947,7.6,0,4190.208078553163
single,0,0.15,0.85,2018-02-08 00:00:00+00:00,8.421052631578947,7.6,0,4190.208078553163
single,0,0.2,0.8,2018-02-08 00:00:00+00:00,8.421052631578947,7.6,0,4190.208078553163
single,0,0.25,0.75,2018-02-08 00:00:00+00:00,8.421052631578947,7.6,0,4190.208078553163
single,0,0.3,0.7,2018-02-08 00:00:00+00:00,8.421052631578947,7.6,0,4190.208078553163
single,0,0.35,0.65,2018-02-08 00:00:00+00:00,8.421052631578947,7.6,0,4190.208078553163
dual,0,0.05,0.95,2018-02-08 00:00:00+00:00,8.575593470033967,7.739473106705654,0,4264.715405021235
dual,0,0.1,0.9,2018-02-08 00:00:00+00:00,7.613797154975581,6.871451932365463,0,4268.099117095307
dual,0,0.15,0.85,2018-02-08 00:00:00+00:00,7.38952756664346,6.687396398608084,3,4271.161989340491
dual,0,0.2,0.8,2018-02-08 00:00:00+00:00,7.043795897573772,6.319589015916892,2,4279.344551287284
dual,0,0.25,0.75,2018-02-08 00:00:00+00:00,8.222365288069623,6.962300312202638,9,4297.337597632756
dual,0,0.3,0.7,2018-02-08 00:00:00+00:00,6.918263712590852,6.373197437042432,7,4265.2579510138
dual,0,0.35,0.65,2018-02-08 00:00:00+00:00,11.836625347870623,10.079154410150384,15,4301.2595495187525
single,0,0.05,0.95,2018-02-09 00:00:00+00:00,12.421052631578947,11.21,0,3394.278820501493
single,0,0.1,0.9,2018-02-09 00:00:00+00:00,12.421052631578947,11.21,0,3394.278820501493
single,0,0.15,0.85,2018-02-09 00:00:00+00:00,12.421052631578947,11.21,0,3394.278820501493
single,0,0.2,0.8,2018-02-09 00:00:00+00:00,12.421052631578947,11.21,0,3394.278820501493
single,0,0.25,0.75,2018-02-09 00:00:00+00:00,12.421052631578947,11.21,0,3394.278820501493
single,0,0.3,0.7,2018-02-09 00:00:00+00:00,12.421052631578947,11.21,0,3394.278820501493
single,0,0.35,0.65,2018-02-09 00:00:00+00:00,12.421052631578947,11.21,0,3394.278820501493
dual,0,0.05,0.95,2018-02-09 00:00:00+00:00,11.79123696313032,10.941962444722066,3,4021.556246384977
dual,0,0.1,0.9,2018-02-09 00:00:00+00:00,11.475257999440931,10.783095664423657,4,4013.2707310020724
dual,0,0.15,0.85,2018-02-09 00:00:00+00:00,11.269852879780096,10.805061598848951,2,4026.0875398170197
dual,0,0.2,0.8,2018-02-09 00:00:00+00:00,11.014851539094073,10.506912558679618,5,4082.111831776092
dual,0,0.25,0.75,2018-02-09 00:00:00+00:00,14.964177804650024,13.491656591630083,10,4270.3998728244205
dual,0,0.3,0.7,2018-02-09 00:00:00+00:00,15.172096951822988,13.64925895307567,12,4288.790351879872
dual,0,0.35,0.65,2018-02-09 00:00:00+00:00,17.709599264332894,15.10401913291261,12,4420.160177512714
single,0,0.05,0.95,2018-02-10 00:00:00+00:00,8.31578947368421,7.505,0,3915.7944588939536
single,0,0.1,0.9,2018-02-10 00:00:00+00:00,8.31578947368421,7.505,0,3915.7944588939536
single,0,0.15,0.85,2018-02-10 00:00:00+00:00,8.31578947368421,7.505,0,3915.7944588939536
single,0,0.2,0.8,2018-02-10 00:00:00+00:00,8.31578947368421,7.505,0,3915.7944588939536
single,0,0.25,0.75,2018-02-10 00:00:00+00:00,8.31578947368421,7.505,0,3915.7944588939536
single,0,0.3,0.7,2018-02-10 00:00:00+00:00,8.31578947368421,7.505,0,3915.7944588939536
single,0,0.35,0.65,2018-02-10 00:00:00+00:00,8.31578947368421,7.505,0,3915.7944588939536
dual,0,0.05,0.95,2018-02-10 00:00:00+00:00,10.603939761308395,9.570055634580829,0,3965.4419501560274
dual,0,0.1,0.9,2018-02-10 00:00:00+00:00,9.44578209033157,8.524818336524241,3,3965.884064725562
dual,0,0.15,0.85,2018-02-10 00:00:00+00:00,9.257996068747785,8.355341452044875,3,3965.247752517162
dual,0,0.2,0.8,2018-02-10 00:00:00+00:00,8.72958909155997,7.878454155132874,5,3958.7613124102436
dual,0,0.25,0.75,2018-02-10 00:00:00+00:00,8.576495325259962,7.539495731887907,12,3973.413026639744
dual,0,0.3,0.7,2018-02-10 00:00:00+00:00,8.951756789494596,7.806694408403361,12,3972.3499594298773
dual,0,0.35,0.65,2018-02-10 00:00:00+00:00,9.32602216180312,7.9826203775289155,16,3960.857061758455
single,0,0.05,0.95,2018-02-11 00:00:00+00:00,10.31578947368421,9.31,0,3123.8406005689076
single,0,0.1,0.9,2018-02-11 00:00:00+00:00,10.31578947368421,9.31,0,3123.8406005689076
single,0,0.15,0.85,2018-02-11 00:00:00+00:00,10.31578947368421,9.31,0,3123.8406005689076
single,0,0.2,0.8,2018-02-11 00:00:00+00:00,10.31578947368421,9.31,0,3123.8406005689076
single,0,0.25,0.75,2018-02-11 00:00:00+00:00,10.31578947368421,9.31,0,3123.8406005689076
single,0,0.3,0.7,2018-02-11 00:00:00+00:00,10.31578947368421,9.31,0,3123.8406005689076
single,0,0.35,0.65,2018-02-11 00:00:00+00:00,10.31578947368421,9.31,0,3123.8406005689076
dual,0,0.05,0.95,2018-02-11 00:00:00+00:00,10.454118198959513,9.837536831349027,3,3884.905440064136
dual,0,0.1,0.9,2018-02-11 00:00:00+00:00,10.188199645397498,9.661507833017579,7,3909.383282267373
dual,0,0.15,0.85,2018-02-11 00:00:00+00:00,10.136376564046996,9.772135952650416,7,3896.753736550239
dual,0,0.2,0.8,2018-02-11 00:00:00+00:00,10.78035589563634,10.303205030082964,7,3899.8758958013245
dual,0,0.25,0.75,2018-02-11 00:00:00+00:00,13.904386188262915,12.366210491083812,12,4267.422884507136
dual,0,0.3,0.7,2018-02-11 00:00:00+00:00,14.986831853026509,12.392541541065825,12,4293.991215439136
dual,0,0.35,0.65,2018-02-11 00:00:00+00:00,24.578901153091195,22.282458290664806,17,4191.072908477199
single,0,0.05,0.95,2018-02-12 00:00:00+00:00,10.31578947368421,9.31,0,3270.9728075095563
single,0,0.1,0.9,2018-02-12 00:00:00+00:00,10.31578947368421,9.31,0,3270.9728075095563
single,0,0.15,0.85,2018-02-12 00:00:00+00:00,10.31578947368421,9.31,0,3270.9728075095563
single,0,0.2,0.8,2018-02-12 00:00:00+00:00,10.31578947368421,9.31,0,3270.9728075095563
single,0,0.25,0.75,2018-02-12 00:00:00+00:00,10.31578947368421,9.31,0,3270.9728075095563
single,0,0.3,0.7,2018-02-12 00:00:00+00:00,10.31578947368421,9.31,0,3270.9728075095563
single,0,0.35,0.65,2018-02-12 00:00:00+00:00,10.31578947368421,9.31,0,3270.9728075095563
dual,0,0.05,0.95,2018-02-12 00:00:00+00:00,11.17007927361992,10.107135840102147,8,4132.269338571833
dual,0,0.1,0.9,2018-02-12 00:00:00+00:00,11.04377876362499,9.99897581778035,9,4093.2307577015513
dual,0,0.15,0.85,2018-02-12 00:00:00+00:00,10.506867744271677,9.52939250787356,10,4090.880861352919
dual,0,0.2,0.8,2018-02-12 00:00:00+00:00,10.615516163840525,9.626827203436784,12,4082.57778067216
dual,0,0.25,0.75,2018-02-12 00:00:00+00:00,10.981355275179332,9.977370811520037,12,4124.9140649940455
dual,0,0.3,0.7,2018-02-12 00:00:00+00:00,10.53696390698077,9.585208048607404,11,4129.7419564293305
dual,0,0.35,0.65,2018-02-12 00:00:00+00:00,15.364316739076827,14.010293675898419,16,4248.336974985222
single,0,0.05,0.95,2018-02-13 00:00:00+00:00,8.53185595567867,7.699999999999999,0,3446.4280049308118
single,0,0.1,0.9,2018-02-13 00:00:00+00:00,8.53185595567867,7.699999999999999,0,3446.4280049308118
single,0,0.15,0.85,2018-02-13 00:00:00+00:00,8.53185595567867,7.699999999999999,0,3446.4280049308118
single,0,0.2,0.8,2018-02-13 00:00:00+00:00,8.53185595567867,7.699999999999999,0,3446.4280049308118
single,0,0.25,0.75,2018-02-13 00:00:00+00:00,8.53185595567867,7.699999999999999,0,3446.4280049308118
single,0,0.3,0.7,2018-02-13 00:00:00+00:00,8.53185595567867,7.699999999999999,0,3446.4280049308118
single,0,0.35,0.65,2018-02-13 00:00:00+00:00,8.53185595567867,7.699999999999999,0,3446.4280049308118
dual,0,0.05,0.95,2018-02-13 00:00:00+00:00,11.855359736659825,10.699462162335493,0,3693.9766155989946
dual,0,0.1,0.9,2018-02-13 00:00:00+00:00,10.748546286721574,9.700563023766222,2,3669.4468727844064
dual,0,0.15,0.85,2018-02-13 00:00:00+00:00,9.897538754291968,8.932528725748508,2,3701.086586629314
dual,0,0.2,0.8,2018-02-13 00:00:00+00:00,9.926736294120648,8.957056707442085,3,3642.759241911512
dual,0,0.25,0.75,2018-02-13 00:00:00+00:00,13.1375629794785,11.871075473286165,9,3687.8862951235733
dual,0,0.3,0.7,2018-02-13 00:00:00+00:00,12.489901214812676,10.393939464227412,7,3723.7691980601853
dual,0,0.35,0.65,2018-02-13 00:00:00+00:00,14.730232109289812,13.394034478634055,16,4094.4632730729763
single,0,0.05,0.95,2018-02-14 00:00:00+00:00,10.526315789473685,9.5,0,4326.181341256903
single,0,0.1,0.9,2018-02-14 00:00:00+00:00,10.526315789473685,9.5,0,4326.181341256903
single,0,0.15,0.85,2018-02-14 00:00:00+00:00,10.526315789473685,9.5,0,4326.181341256903
single,0,0.2,0.8,2018-02-14 00:00:00+00:00,10.526315789473685,9.5,0,4326.181341256903
single,0,0.25,0.75,2018-02-14 00:00:00+00:00,10.526315789473685,9.5,0,4326.181341256903
single,0,0.3,0.7,2018-02-14 00:00:00+00:00,10.526315789473685,9.5,0,4326.181341256903
single,0,0.35,0.65,2018-02-14 00:00:00+00:00,10.526315789473685,9.5,0,4326.181341256903
dual,0,0.05,0.95,2018-02-14 00:00:00+00:00,10.00236203270749,9.02713173451851,0,4355.572552025272
dual,0,0.1,0.9,2018-02-14 00:00:00+00:00,9.692029544591563,8.534259396088189,8,4360.459661261223
dual,0,0.15,0.85,2018-02-14 00:00:00+00:00,9.421667173170935,8.00056800657614,10,4374.657783127347
dual,0,0.2,0.8,2018-02-14 00:00:00+00:00,9.392544157526562,8.149376014764787,13,4373.183938300658
dual,0,0.25,0.75,2018-02-14 00:00:00+00:00,8.883670349987156,7.798373005784798,14,4395.022671417323
dual,0,0.3,0.7,2018-02-14 00:00:00+00:00,8.875754202893209,7.804966051143541,13,4410.463604676429
dual,0,0.35,0.65,2018-02-14 00:00:00+00:00,10.602939835552018,8.660678810210152,17,4427.540304277165
single,0,0.05,0.95,2018-02-15 00:00:00+00:00,10.31578947368421,9.31,0,2982.019341198536
single,0,0.1,0.9,2018-02-15 00:00:00+00:00,10.31578947368421,9.31,0,2982.019341198536
single,0,0.15,0.85,2018-02-15 00:00:00+00:00,10.31578947368421,9.31,0,2982.019341198536
single,0,0.2,0.8,2018-02-15 00:00:00+00:00,10.31578947368421,9.31,0,2982.019341198536
single,0,0.25,0.75,2018-02-15 00:00:00+00:00,10.31578947368421,9.31,0,2982.019341198536
single,0,0.3,0.7,2018-02-15 00:00:00+00:00,10.31578947368421,9.31,0,2982.019341198536
single,0,0.35,0.65,2018-02-15 00:00:00+00:00,10.31578947368421,9.31,0,2982.019341198536
dual,0,0.05,0.95,2018-02-15 00:00:00+00:00,11.455173665095053,10.338294232748288,0,3485.974358320045
dual,0,0.1,0.9,2018-02-15 00:00:00+00:00,11.437004151591253,10.340009158340573,2,3477.790539532769
dual,0,0.15,0.85,2018-02-15 00:00:00+00:00,11.11275075436051,10.225995035041844,2,3470.6099036748715
dual,0,0.2,0.8,2018-02-15 00:00:00+00:00,10.7725011420552,10.024339607749885,4,3466.6837970209085
dual,0,0.25,0.75,2018-02-15 00:00:00+00:00,11.278484481860755,10.01817820996527,5,3492.84488752185
dual,0,0.3,0.7,2018-02-15 00:00:00+00:00,12.36641329300858,10.951728807103729,9,3588.220491985049
dual,0,0.35,0.65,2018-02-15 00:00:00+00:00,23.307022193664224,19.76547892359987,16,3770.6547597215535
single,0,0.05,0.95,2018-02-16 00:00:00+00:00,10.421052631578949,9.405,0,3223.414738012511
single,0,0.1,0.9,2018-02-16 00:00:00+00:00,10.421052631578949,9.405,0,3223.414738012511
single,0,0.15,0.85,2018-02-16 00:00:00+00:00,10.421052631578949,9.405,0,3223.414738012511
single,0,0.2,0.8,2018-02-16 00:00:00+00:00,10.421052631578949,9.405,0,3223.414738012511
single,0,0.25,0.75,2018-02-16 00:00:00+00:00,10.421052631578949,9.405,0,3223.414738012511
single,0,0.3,0.7,2018-02-16 00:00:00+00:00,10.421052631578949,9.405,0,3223.414738012511
single,0,0.35,0.65,2018-02-16 00:00:00+00:00,10.421052631578949,9.405,0,3223.414738012511
dual,0,0.05,0.95,2018-02-16 00:00:00+00:00,11.596278595819783,10.51817372221192,1,3484.188846433025
dual,0,0.1,0.9,2018-02-16 00:00:00+00:00,11.29241712945304,10.320701768153029,1,3478.8720923176825
dual,0,0.15,0.85,2018-02-16 00:00:00+00:00,11.01906845168,10.078769293402239,6,3473.132405602998
dual,0,0.2,0.8,2018-02-16 00:00:00+00:00,10.665677153284594,9.707406932071166,5,3479.672536454972
dual,0,0.25,0.75,2018-02-16 00:00:00+00:00,11.648947870318484,10.840137863997988,10,3701.9750803582247
dual,0,0.3,0.7,2018-02-16 00:00:00+00:00,10.60175813075098,9.805065765167601,10,3715.2969300103077
dual,0,0.35,0.65,2018-02-16 00:00:00+00:00,14.547180685018757,13.332784358595195,16,3732.5469612681004
single,0,0.05,0.95,2018-02-17 00:00:00+00:00,8.421052631578949,7.6,0,3112.4299158257554
single,0,0.1,0.9,2018-02-17 00:00:00+00:00,8.421052631578949,7.6,0,3112.4299158257554
single,0,0.15,0.85,2018-02-17 00:00:00+00:00,8.421052631578949,7.6,0,3112.4299158257554
single,0,0.2,0.8,2018-02-17 00:00:00+00:00,8.421052631578949,7.6,0,3112.4299158257554
single,0,0.25,0.75,2018-02-17 00:00:00+00:00,8.421052631578949,7.6,0,3112.4299158257554
single,0,0.3,0.7,2018-02-17 00:00:00+00:00,8.421052631578949,7.6,0,3112.4299158257554
single,0,0.35,0.65,2018-02-17 00:00:00+00:00,8.421052631578949,7.6,0,3112.4299158257554
dual,0,0.05,0.95,2018-02-17 00:00:00+00:00,10.586146810264266,9.878808318279287,5,4054.565241803071
dual,0,0.1,0.9,2018-02-17 00:00:00+00:00,10.074345977238472,9.84649415989351,5,4094.3553645932475
dual,0,0.15,0.85,2018-02-17 00:00:00+00:00,10.535805879253955,10.12259278301644,4,4119.742478519167
dual,0,0.2,0.8,2018-02-17 00:00:00+00:00,9.996069571124142,9.554280642096032,4,4196.23609384177
dual,0,0.25,0.75,2018-02-17 00:00:00+00:00,10.879663417371525,9.482292680330138,6,4285.540663190686
dual,0,0.3,0.7,2018-02-17 00:00:00+00:00,11.777861692196966,10.397969199595572,9,4402.67609041462
dual,0,0.35,0.65,2018-02-17 00:00:00+00:00,22.67287035011388,20.035006370928713,13,4418.185067539327
single,0,0.05,0.95,2018-02-18 00:00:00+00:00,8.53185595567867,7.7,0,3567.253255814119
single,0,0.1,0.9,2018-02-18 00:00:00+00:00,8.53185595567867,7.7,0,3567.253255814119
single,0,0.15,0.85,2018-02-18 00:00:00+00:00,8.53185595567867,7.7,0,3567.253255814119
single,0,0.2,0.8,2018-02-18 00:00:00+00:00,8.53185595567867,7.7,0,3567.253255814119
single,0,0.25,0.75,2018-02-18 00:00:00+00:00,8.53185595567867,7.7,0,3567.253255814119
single,0,0.3,0.7,2018-02-18 00:00:00+00:00,8.53185595567867,7.7,0,3567.253255814119
single,0,0.35,0.65,2018-02-18 00:00:00+00:00,8.53185595567867,7.7,0,3567.253255814119
dual,0,0.05,0.95,2018-02-18 00:00:00+00:00,10.719453024107729,9.674306354257228,0,4073.0796469935585
dual,0,0.1,0.9,2018-02-18 00:00:00+00:00,10.872540636991364,9.902535234119135,1,4083.541812726354
dual,0,0.15,0.85,2018-02-18 00:00:00+00:00,10.48688570501323,9.61665572536269,3,4104.856929746951
dual,0,0.2,0.8,2018-02-18 00:00:00+00:00,10.39052779277398,9.384480056811862,5,4052.7728850494495
dual,0,0.25,0.75,2018-02-18 00:00:00+00:00,11.291986203098562,10.48000228947062,9,4117.035997955649
dual,0,0.3,0.7,2018-02-18 00:00:00+00:00,11.340866767278705,10.532764741041618,10,4163.535669287448
dual,0,0.35,0.65,2018-02-18 00:00:00+00:00,21.98040793132254,19.71981073555229,15,4572.560280122286
single,0,0.05,0.95,2018-02-19 00:00:00+00:00,8.421052631578949,7.6,0,3815.0543966538066
single,0,0.1,0.9,2018-02-19 00:00:00+00:00,8.421052631578949,7.6,0,3815.0543966538066
single,0,0.15,0.85,2018-02-19 00:00:00+00:00,8.421052631578949,7.6,0,3815.0543966538066
single,0,0.2,0.8,2018-02-19 00:00:00+00:00,8.421052631578949,7.6,0,3815.0543966538066
single,0,0.25,0.75,2018-02-19 00:00:00+00:00,8.421052631578949,7.6,0,3815.0543966538066
single,0,0.3,0.7,2018-02-19 00:00:00+00:00,8.421052631578949,7.6,0,3815.0543966538066
single,0,0.35,0.65,2018-02-19 00:00:00+00:00,8.421052631578949,7.6,0,3815.0543966538066
dual,0,0.05,0.95,2018-02-19 00:00:00+00:00,8.92676193082584,8.056402642570323,0,3889.6365209057994
dual,0,0.1,0.9,2018-02-19 00:00:00+00:00,8.076756742731877,7.28927296031552,0,3880.0862563870746
dual,0,0.15,0.85,2018-02-19 00:00:00+00:00,7.859319002153479,7.087266028481062,1,3871.0704589253664
dual,0,0.2,0.8,2018-02-19 00:00:00+00:00,7.96510433628228,7.188506663494756,0,3862.554050927808
dual,0,0.25,0.75,2018-02-19 00:00:00+00:00,8.482010215095421,7.621214500762688,2,3853.0850986756045
dual,0,0.3,0.7,2018-02-19 00:00:00+00:00,8.691755837616682,7.77836010034809,8,3872.929208180941
dual,0,0.35,0.65,2018-02-19 00:00:00+00:00,12.853996975282655,11.146588437255328,14,4182.97687964187
single,0,0.05,0.95,2018-02-20 00:00:00+00:00,10.31578947368421,9.309999999999999,0,2933.824626521801
single,0,0.1,0.9,2018-02-20 00:00:00+00:00,10.31578947368421,9.309999999999999,0,2933.824626521801
single,0,0.15,0.85,2018-02-20 00:00:00+00:00,10.31578947368421,9.309999999999999,0,2933.824626521801
single,0,0.2,0.8,2018-02-20 00:00:00+00:00,10.31578947368421,9.309999999999999,0,2933.824626521801
single,0,0.25,0.75,2018-02-20 00:00:00+00:00,10.31578947368421,9.309999999999999,0,2933.824626521801
single,0,0.3,0.7,2018-02-20 00:00:00+00:00,10.31578947368421,9.309999999999999,0,2933.824626521801
single,0,0.35,0.65,2018-02-20 00:00:00+00:00,10.31578947368421,9.309999999999999,0,2933.824626521801
dual,0,0.05,0.95,2018-02-20 00:00:00+00:00,12.400822323513676,11.205079120636096,1,3266.7069829866905
dual,0,0.1,0.9,2018-02-20 00:00:00+00:00,11.385960312148423,10.331361830661809,2,3248.7498931672235
dual,0,0.15,0.85,2018-02-20 00:00:00+00:00,11.379700753461002,10.370886182417154,3,3255.708428301527
dual,0,0.2,0.8,2018-02-20 00:00:00+00:00,10.344742953416194,9.487683187846038,4,3257.3843596716592
dual,0,0.25,0.75,2018-02-20 00:00:00+00:00,14.781873935501146,13.871597298885684,12,3505.0686941945246
dual,0,0.3,0.7,2018-02-20 00:00:00+00:00,16.008079400708127,14.8859987636561,12,3485.1492793861635
dual,0,0.35,0.65,2018-02-20 00:00:00+00:00,19.283966753275088,17.507947362714667,11,3582.89222531522
single,0,0.05,0.95,2018-02-21 00:00:00+00:00,8.421052631578947,7.6,0,3283.211145952594
single,0,0.1,0.9,2018-02-21 00:00:00+00:00,8.421052631578947,7.6,0,3283.211145952594
single,0,0.15,0.85,2018-02-21 00:00:00+00:00,8.421052631578947,7.6,0,3283.211145952594
single,0,0.2,0.8,2018-02-21 00:00:00+00:00,8.421052631578947,7.6,0,3283.211145952594
single,0,0.25,0.75,2018-02-21 00:00:00+00:00,8.421052631578947,7.6,0,3283.211145952594
single,0,0.3,0.7,2018-02-21 00:00:00+00:00,8.421052631578947,7.6,0,3283.211145952594
single,0,0.35,0.65,2018-02-21 00:00:00+00:00,8.421052631578947,7.6,0,3283.211145952594
dual,0,0.05,0.95,2018-02-21 00:00:00+00:00,8.835902726133982,7.974402210335919,0,3477.0738991978405
dual,0,0.1,0.9,2018-02-21 00:00:00+00:00,8.607922229869597,7.799917824660661,1,3451.812457267633
dual,0,0.15,0.85,2018-02-21 00:00:00+00:00,8.57682348024347,7.740583190919733,3,3467.2429994206786
dual,0,0.2,0.8,2018-02-21 00:00:00+00:00,8.683314394924448,7.831175906270045,4,3497.654313794938
dual,0,0.25,0.75,2018-02-21 00:00:00+00:00,10.822346370486029,9.929852535856131,9,3587.9334801977843
dual,0,0.3,0.7,2018-02-21 00:00:00+00:00,9.530439120488259,8.75596851751789,12,3621.6737493704354
dual,0,0.35,0.65,2018-02-21 00:00:00+00:00,15.207621072026004,12.54439652747798,13,3909.6592924788615
single,0,0.05,0.95,2018-02-22 00:00:00+00:00,8.421052631578947,7.6,0,4022.574265646494
single,0,0.1,0.9,2018-02-22 00:00:00+00:00,8.421052631578947,7.6,0,4022.5742656464936
single,0,0.15,0.85,2018-02-22 00:00:00+00:00,8.421052631578947,7.6,0,4022.574265646494
single,0,0.2,0.8,2018-02-22 00:00:00+00:00,8.421052631578947,7.6,0,4022.574265646494
single,0,0.25,0.75,2018-02-22 00:00:00+00:00,8.421052631578947,7.6,0,4022.5742656464936
single,0,0.3,0.7,2018-02-22 00:00:00+00:00,8.421052631578947,7.6,0,4022.574265646494
single,0,0.35,0.65,2018-02-22 00:00:00+00:00,8.421052631578947,7.6,0,4022.5742656464936
dual,0,0.05,0.95,2018-02-22 00:00:00+00:00,9.473060348324406,8.549436964362775,0,4157.265394663493
dual,0,0.1,0.9,2018-02-22 00:00:00+00:00,8.596452340834961,7.757347336708863,4,4147.202005956397
dual,0,0.15,0.85,2018-02-22 00:00:00+00:00,8.138653944381469,7.283166933933568,5,4130.355812855857
dual,0,0.2,0.8,2018-02-22 00:00:00+00:00,7.940008738934283,7.080870883680982,6,4126.808178726011
dual,0,0.25,0.75,2018-02-22 00:00:00+00:00,7.44195575966768,6.653797146473194,10,4108.049012708155
dual,0,0.3,0.7,2018-02-22 00:00:00+00:00,7.122984394363581,6.345617216659841,11,4114.093102891708
dual,0,0.35,0.65,2018-02-22 00:00:00+00:00,7.89093152117308,7.216565697858705,17,4140.470726722819
single,0,0.05,0.95,2018-02-23 00:00:00+00:00,8.421052631578947,7.6,0,4212.560268818892
single,0,0.1,0.9,2018-02-23 00:00:00+00:00,8.421052631578947,7.6,0,4212.560268818892
single,0,0.15,0.85,2018-02-23 00:00:00+00:00,8.421052631578947,7.6,0,4212.560268818892
single,0,0.2,0.8,2018-02-23 00:00:00+00:00,8.421052631578947,7.6,0,4212.560268818892
single,0,0.25,0.75,2018-02-23 00:00:00+00:00,8.421052631578947,7.6,0,4212.560268818892
single,0,0.3,0.7,2018-02-23 00:00:00+00:00,8.421052631578947,7.6,0,4212.560268818892
single,0,0.35,0.65,2018-02-23 00:00:00+00:00,8.421052631578947,7.6,0,4212.560268818892
dual,0,0.05,0.95,2018-02-23 00:00:00+00:00,9.33175152981624,8.421905755659157,0,4299.572816786032
dual,0,0.1,0.9,2018-02-23 00:00:00+00:00,9.21792282014058,8.319175345176873,0,4299.960274968244
dual,0,0.15,0.85,2018-02-23 00:00:00+00:00,8.520916521264619,7.690127160441319,2,4291.540413963227
dual,0,0.2,0.8,2018-02-23 00:00:00+00:00,8.296535803444712,7.487623562608851,5,4280.592238039417
dual,0,0.25,0.75,2018-02-23 00:00:00+00:00,8.300426094019832,7.439469734004085,10,4274.131871628549
dual,0,0.3,0.7,2018-02-23 00:00:00+00:00,8.310108698796308,7.5716521164159865,12,4262.036710767675
dual,0,0.35,0.65,2018-02-23 00:00:00+00:00,9.84845963143719,9.12910262798654,17,4383.006972017647
single,0,0.05,0.95,2018-02-24 00:00:00+00:00,8.421052631578947,7.6,0,3738.805531953375
single,0,0.1,0.9,2018-02-24 00:00:00+00:00,8.421052631578947,7.6,0,3738.805531953375
single,0,0.15,0.85,2018-02-24 00:00:00+00:00,8.421052631578947,7.6,0,3738.805531953375
single,0,0.2,0.8,2018-02-24 00:00:00+00:00,8.421052631578947,7.6,0,3738.805531953375
single,0,0.25,0.75,2018-02-24 00:00:00+00:00,8.421052631578947,7.6,0,3738.805531953375
single,0,0.3,0.7,2018-02-24 00:00:00+00:00,8.421052631578947,7.6,0,3738.805531953375
single,0,0.35,0.65,2018-02-24 00:00:00+00:00,8.421052631578947,7.6,0,3738.805531953375
dual,0,0.05,0.95,2018-02-24 00:00:00+00:00,11.146264928653126,10.059504098109446,0,4368.657448011028
dual,0,0.1,0.9,2018-02-24 00:00:00+00:00,10.320480788131256,9.340187644520356,1,4361.839810254388
dual,0,0.15,0.85,2018-02-24 00:00:00+00:00,10.146618424875642,9.190529947488464,1,4383.475813431017
dual,0,0.2,0.8,2018-02-24 00:00:00+00:00,9.707162824430315,10.059032600364235,3,4552.558013287234
dual,0,0.25,0.75,2018-02-24 00:00:00+00:00,11.803960753596913,10.829939523382643,6,4633.212373976934
dual,0,0.3,0.7,2018-02-24 00:00:00+00:00,11.5509782554038,10.916363830688766,8,4542.442827739163
dual,0,0.35,0.65,2018-02-24 00:00:00+00:00,20.450618117922417,17.495653621365996,14,4604.38712049066
single,0,0.05,0.95,2018-02-25 00:00:00+00:00,6.210526315789474,5.6049999999999995,0,3489.7070855147185
single,0,0.1,0.9,2018-02-25 00:00:00+00:00,6.210526315789474,5.6049999999999995,0,3489.7070855147185
single,0,0.15,0.85,2018-02-25 00:00:00+00:00,6.210526315789474,5.6049999999999995,0,3489.7070855147185
single,0,0.2,0.8,2018-02-25 00:00:00+00:00,6.210526315789474,5.6049999999999995,0,3489.7070855147185
single,0,0.25,0.75,2018-02-25 00:00:00+00:00,6.210526315789474,5.6049999999999995,0,3489.7070855147185
single,0,0.3,0.7,2018-02-25 00:00:00+00:00,6.210526315789474,5.6049999999999995,0,3489.7070855147185
single,0,0.35,0.65,2018-02-25 00:00:00+00:00,6.210526315789474,5.6049999999999995,0,3489.7070855147185
dual,0,0.05,0.95,2018-02-25 00:00:00+00:00,11.125684504309643,10.315521171918919,6,4250.749497736306
dual,0,0.1,0.9,2018-02-25 00:00:00+00:00,11.229617947233361,10.539043066297392,5,4253.8742416766645
dual,0,0.15,0.85,2018-02-25 00:00:00+00:00,10.739179178467463,10.308324228805095,4,4237.233126530405
dual,0,0.2,0.8,2018-02-25 00:00:00+00:00,10.291374284206018,10.045146376080712,4,4215.923282271141
dual,0,0.25,0.75,2018-02-25 00:00:00+00:00,10.526945354128667,10.418009196673536,3,4227.978528018915
dual,0,0.3,0.7,2018-02-25 00:00:00+00:00,11.060227520251832,11.064871615735488,3,4240.413614244654
dual,0,0.35,0.65,2018-02-25 00:00:00+00:00,15.91873016655488,16.094998749901542,11,4372.8157761607745
single,0,0.05,0.95,2018-02-26 00:00:00+00:00,8.421052631578947,7.6,0,4884.464537103304
single,0,0.1,0.9,2018-02-26 00:00:00+00:00,8.421052631578947,7.6,0,4884.464537103304
single,0,0.15,0.85,2018-02-26 00:00:00+00:00,8.421052631578949,7.6,0,4884.464537103304
single,0,0.2,0.8,2018-02-26 00:00:00+00:00,8.421052631578947,7.6,0,4884.464537103304
single,0,0.25,0.75,2018-02-26 00:00:00+00:00,8.421052631578949,7.6,0,4884.464537103304
single,0,0.3,0.7,2018-02-26 00:00:00+00:00,8.421052631578949,7.6,0,4884.464537103304
single,0,0.35,0.65,2018-02-26 00:00:00+00:00,8.421052631578947,7.6,0,4884.464537103304
dual,0,0.05,0.95,2018-02-26 00:00:00+00:00,10.744605713079247,9.69700665605402,0,5033.534482168229
dual,0,0.1,0.9,2018-02-26 00:00:00+00:00,9.739216467688214,8.788227807144503,1,5032.271711253002
dual,0,0.15,0.85,2018-02-26 00:00:00+00:00,9.093814984704341,8.207168023695667,4,5024.100381726448
dual,0,0.2,0.8,2018-02-26 00:00:00+00:00,8.330715059847316,7.485345417806149,7,5016.466517822144
dual,0,0.25,0.75,2018-02-26 00:00:00+00:00,7.84080380336866,7.073988225938117,11,5014.169698977079
dual,0,0.3,0.7,2018-02-26 00:00:00+00:00,7.97271808794391,7.105256313839407,12,5025.966486898177
dual,0,0.35,0.65,2018-02-26 00:00:00+00:00,7.583602164782595,6.641025696053841,17,5046.936583329518
single,0,0.05,0.95,2018-02-27 00:00:00+00:00,8.421052631578949,7.6,0,3919.1880626708326
single,0,0.1,0.9,2018-02-27 00:00:00+00:00,8.421052631578949,7.6,0,3919.1880626708326
single,0,0.15,0.85,2018-02-27 00:00:00+00:00,8.421052631578949,7.6,0,3919.1880626708326
single,0,0.2,0.8,2018-02-27 00:00:00+00:00,8.421052631578949,7.6,0,3919.1880626708326
single,0,0.25,0.75,2018-02-27 00:00:00+00:00,8.421052631578949,7.6,0,3919.1880626708326
single,0,0.3,0.7,2018-02-27 00:00:00+00:00,8.421052631578949,7.6,0,3919.1880626708326
single,0,0.35,0.65,2018-02-27 00:00:00+00:00,8.421052631578949,7.6,0,3919.1880626708326
dual,0,0.05,0.95,2018-02-27 00:00:00+00:00,11.906021061399072,10.895358246621939,7,5309.301010229348
dual,0,0.1,0.9,2018-02-27 00:00:00+00:00,12.292980778581196,11.507464278505644,9,5251.5022384221
dual,0,0.15,0.85,2018-02-27 00:00:00+00:00,12.754617277195301,11.943533973926913,9,5269.942881632471
dual,0,0.2,0.8,2018-02-27 00:00:00+00:00,12.656523823896778,11.849462194908345,12,5318.239607273818
dual,0,0.25,0.75,2018-02-27 00:00:00+00:00,12.835417222988008,11.957344095744553,13,5375.120855696203
dual,0,0.3,0.7,2018-02-27 00:00:00+00:00,14.05831453399087,13.540999598783827,14,5294.238513479757
dual,0,0.35,0.65,2018-02-27 00:00:00+00:00,17.933502654291892,17.270470767711156,19,5361.535051211993
single,0,0.05,0.95,2018-02-28 00:00:00+00:00,12.421052631578947,11.21,0,6745.504277488489
single,0,0.1,0.9,2018-02-28 00:00:00+00:00,12.421052631578947,11.21,0,6745.504277488489
single,0,0.15,0.85,2018-02-28 00:00:00+00:00,12.421052631578947,11.21,0,6745.504277488489
single,0,0.2,0.8,2018-02-28 00:00:00+00:00,12.421052631578947,11.21,0,6745.504277488489
single,0,0.25,0.75,2018-02-28 00:00:00+00:00,12.421052631578947,11.21,0,6745.504277488489
single,0,0.3,0.7,2018-02-28 00:00:00+00:00,12.421052631578947,11.21,0,6745.504277488489
single,0,0.35,0.65,2018-02-28 00:00:00+00:00,12.421052631578947,11.21,0,6745.504277488489
dual,0,0.05,0.95,2018-02-28 00:00:00+00:00,12.799648774809071,11.551683019265191,0,6735.26154901113
dual,0,0.1,0.9,2018-02-28 00:00:00+00:00,12.523709216418784,11.28862899367051,3,6710.550445544428
dual,0,0.15,0.85,2018-02-28 00:00:00+00:00,11.825297572687168,10.570877158089965,11,6727.860873532206
dual,0,0.2,0.8,2018-02-28 00:00:00+00:00,11.916639135523386,10.661789125920434,13,6718.021357265277
dual,0,0.25,0.75,2018-02-28 00:00:00+00:00,12.254732253066344,11.118586518203989,18,6760.335182187461
dual,0,0.3,0.7,2018-02-28 00:00:00+00:00,11.796518851543961,10.695250836827519,18,6722.386134127917
dual,0,0.35,0.65,2018-02-28 00:00:00+00:00,11.485763826413663,10.38058064068155,20,6745.599568812898
single,0,0.05,0.95,2018-03-01 00:00:00+00:00,10.526315789473683,9.5,0,9734.927159272553
single,0,0.1,0.9,2018-03-01 00:00:00+00:00,10.526315789473683,9.5,0,9734.927159272553
single,0,0.15,0.85,2018-03-01 00:00:00+00:00,10.526315789473683,9.5,0,9734.927159272553
single,0,0.2,0.8,2018-03-01 00:00:00+00:00,10.526315789473683,9.5,0,9734.927159272553
single,0,0.25,0.75,2018-03-01 00:00:00+00:00,10.526315789473683,9.5,0,9734.927159272553
single,0,0.3,0.7,2018-03-01 00:00:00+00:00,10.526315789473683,9.5,0,9734.927159272553
single,0,0.35,0.65,2018-03-01 00:00:00+00:00,10.526315789473683,9.5,0,9734.927159272553
dual,0,0.05,0.95,2018-03-01 00:00:00+00:00,12.624192292144542,11.39333354366045,0,9765.146083878752
dual,0,0.1,0.9,2018-03-01 00:00:00+00:00,11.750496275962004,10.511619821276168,1,9647.045353637095
dual,0,0.15,0.85,2018-03-01 00:00:00+00:00,11.210996561948347,9.946661001779274,4,9636.493651680816
dual,0,0.2,0.8,2018-03-01 00:00:00+00:00,10.691334768709302,9.550091538053044,5,9651.992212362677
dual,0,0.25,0.75,2018-03-01 00:00:00+00:00,10.15455921260303,9.431973933670747,6,9476.169112815262
dual,0,0.3,0.7,2018-03-01 00:00:00+00:00,9.693145015409101,9.023476204281328,6,9702.708426557494
dual,0,0.35,0.65,2018-03-01 00:00:00+00:00,8.773534283900204,8.09493894509319,8,9621.349438963069
single,0,0.05,0.95,2018-03-02 00:00:00+00:00,12.315789473684212,11.114999999999998,0,10186.1881874023
single,0,0.1,0.9,2018-03-02 00:00:00+00:00,12.315789473684212,11.114999999999998,0,10186.1881874023
single,0,0.15,0.85,2018-03-02 00:00:00+00:00,12.315789473684212,11.114999999999998,0,10186.1881874023
single,0,0.2,0.8,2018-03-02 00:00:00+00:00,12.315789473684212,11.114999999999998,0,10186.1881874023
single,0,0.25,0.75,2018-03-02 00:00:00+00:00,12.315789473684212,11.114999999999998,0,10186.1881874023
single,0,0.3,0.7,2018-03-02 00:00:00+00:00,12.315789473684212,11.114999999999998,0,10186.1881874023
single,0,0.35,0.65,2018-03-02 00:00:00+00:00,12.315789473684212,11.114999999999998,0,10186.1881874023
dual,0,0.05,0.95,2018-03-02 00:00:00+00:00,12.622231539469032,11.40624375657506,3,10421.255702901519
dual,0,0.1,0.9,2018-03-02 00:00:00+00:00,12.3808345156716,11.338441062810077,2,10421.738391244638
dual,0,0.15,0.85,2018-03-02 00:00:00+00:00,12.257840686110491,11.256557660515206,3,10402.556814302736
dual,0,0.2,0.8,2018-03-02 00:00:00+00:00,11.75786288008522,10.864123804966521,3,10227.593663920383
dual,0,0.25,0.75,2018-03-02 00:00:00+00:00,11.63753822237857,10.848391210219662,5,10245.987787194692
dual,0,0.3,0.7,2018-03-02 00:00:00+00:00,11.061913380895135,10.196996461255877,7,10180.36275988195
dual,0,0.35,0.65,2018-03-02 00:00:00+00:00,11.636653185772559,10.760409373240382,8,10308.620106187776
single,0,0.05,0.95,2018-03-03 00:00:00+00:00,12.526315789473685,11.305,0,7234.7867897220385
single,0,0.1,0.9,2018-03-03 00:00:00+00:00,12.526315789473685,11.305,0,7234.7867897220385
single,0,0.15,0.85,2018-03-03 00:00:00+00:00,12.526315789473685,11.305,0,7234.7867897220385
single,0,0.2,0.8,2018-03-03 00:00:00+00:00,12.526315789473685,11.305,0,7234.7867897220385
single,0,0.25,0.75,2018-03-03 00:00:00+00:00,12.526315789473685,11.305,0,7234.7867897220385
single,0,0.3,0.7,2018-03-03 00:00:00+00:00,12.526315789473685,11.305,0,7234.7867897220385
single,0,0.35,0.65,2018-03-03 00:00:00+00:00,12.526315789473685,11.305,0,7234.7867897220385
dual,0,0.05,0.95,2018-03-03 00:00:00+00:00,14.008141320397648,12.63312374130828,1,7418.824641410896
dual,0,0.1,0.9,2018-03-03 00:00:00+00:00,13.927099534510432,12.507933226373364,1,7421.027121324681
dual,0,0.15,0.85,2018-03-03 00:00:00+00:00,13.3139845558113,11.882606066598381,6,7470.107993813438
dual,0,0.2,0.8,2018-03-03 00:00:00+00:00,13.032380305523759,11.578731684601808,5,7445.702523713848
dual,0,0.25,0.75,2018-03-03 00:00:00+00:00,12.70213800662037,11.177143103398674,8,7422.859660836106
dual,0,0.3,0.7,2018-03-03 00:00:00+00:00,12.764729634038869,11.209219189608028,8,7409.514760357295
dual,0,0.35,0.65,2018-03-03 00:00:00+00:00,11.713015814506589,10.140037750922932,12,7456.268432508285
single,0,0.05,0.95,2018-03-04 00:00:00+00:00,14.210526315789474,12.825,0,5380.4704446375945
single,0,0.1,0.9,2018-03-04 00:00:00+00:00,14.210526315789474,12.825,0,5380.470444637593
single,0,0.15,0.85,2018-03-04 00:00:00+00:00,14.210526315789474,12.825,0,5380.4704446375945
single,0,0.2,0.8,2018-03-04 00:00:00+00:00,14.210526315789474,12.825,0,5380.470444637593
single,0,0.25,0.75,2018-03-04 00:00:00+00:00,14.210526315789474,12.825,0,5380.4704446375945
single,0,0.3,0.7,2018-03-04 00:00:00+00:00,14.210526315789474,12.825,0,5380.4704446375945
single,0,0.35,0.65,2018-03-04 00:00:00+00:00,14.210526315789474,12.825,0,5380.470444637593
dual,0,0.05,0.95,2018-03-04 00:00:00+00:00,14.15366028556856,12.773678407725626,2,5452.977065695758
dual,0,0.1,0.9,2018-03-04 00:00:00+00:00,13.7866203432724,12.452109234291505,7,5456.598464939655
dual,0,0.15,0.85,2018-03-04 00:00:00+00:00,12.443619888467804,11.24048836058528,10,5465.7754949889095
dual,0,0.2,0.8,2018-03-04 00:00:00+00:00,11.659398934718928,10.52941919845624,11,5449.899776059132
dual,0,0.25,0.75,2018-03-04 00:00:00+00:00,11.282084240818328,10.116416597222104,14,5440.190911189068
dual,0,0.3,0.7,2018-03-04 00:00:00+00:00,11.231615535906695,10.050816171978578,14,5441.400137891569
dual,0,0.35,0.65,2018-03-04 00:00:00+00:00,12.202444116644177,10.909008008837702,17,5500.164842681319
single,0,0.05,0.95,2018-03-05 00:00:00+00:00,12.526315789473685,11.305,0,5121.703298287023
single,0,0.1,0.9,2018-03-05 00:00:00+00:00,12.526315789473685,11.305,0,5121.703298287023
single,0,0.15,0.85,2018-03-05 00:00:00+00:00,12.526315789473685,11.305,0,5121.703298287023
single,0,0.2,0.8,2018-03-05 00:00:00+00:00,12.526315789473685,11.305,0,5121.703298287023
single,0,0.25,0.75,2018-03-05 00:00:00+00:00,12.526315789473685,11.305,0,5121.703298287023
single,0,0.3,0.7,2018-03-05 00:00:00+00:00,12.526315789473685,11.305,0,5121.703298287023
single,0,0.35,0.65,2018-03-05 00:00:00+00:00,12.526315789473685,11.305,0,5121.703298287023
dual,0,0.05,0.95,2018-03-05 00:00:00+00:00,14.088041840324205,12.714457760892596,2,5204.226295585784
dual,0,0.1,0.9,2018-03-05 00:00:00+00:00,12.690949331024202,11.51289161894098,8,5234.411642074336
dual,0,0.15,0.85,2018-03-05 00:00:00+00:00,12.722403928465393,11.513911460553986,9,5198.549208792766
dual,0,0.2,0.8,2018-03-05 00:00:00+00:00,14.037781885111773,12.637198534834283,10,5319.9486876605015
dual,0,0.25,0.75,2018-03-05 00:00:00+00:00,13.316774099522998,12.113388624819507,17,5373.86808081495
dual,0,0.3,0.7,2018-03-05 00:00:00+00:00,13.40916213666807,12.196768828342934,17,5372.820616369645
dual,0,0.35,0.65,2018-03-05 00:00:00+00:00,11.681532597091842,10.637583168875388,17,5299.035865075382
single,0,0.05,0.95,2018-03-06 00:00:00+00:00,8.421052631578947,7.6,0,2994.896850435781
single,0,0.1,0.9,2018-03-06 00:00:00+00:00,8.421052631578947,7.6,0,2994.896850435781
single,0,0.15,0.85,2018-03-06 00:00:00+00:00,8.421052631578947,7.6,0,2994.896850435781
single,0,0.2,0.8,2018-03-06 00:00:00+00:00,8.421052631578947,7.6,0,2994.896850435781
single,0,0.25,0.75,2018-03-06 00:00:00+00:00,8.421052631578947,7.6,0,2994.896850435781
single,0,0.3,0.7,2018-03-06 00:00:00+00:00,8.421052631578947,7.6,0,2994.896850435781
single,0,0.35,0.65,2018-03-06 00:00:00+00:00,8.421052631578947,7.6,0,2994.896850435781
dual,0,0.05,0.95,2018-03-06 00:00:00+00:00,10.716756757611273,9.709972366403829,6,3968.76430102531
dual,0,0.1,0.9,2018-03-06 00:00:00+00:00,10.264470631081299,9.650380617518296,6,3961.025058803645
dual,0,0.15,0.85,2018-03-06 00:00:00+00:00,9.948846309081112,9.343773368983111,8,3962.532730213566
dual,0,0.2,0.8,2018-03-06 00:00:00+00:00,9.482365106581831,9.052729661776448,9,3940.2012677566504
dual,0,0.25,0.75,2018-03-06 00:00:00+00:00,13.009947687141159,11.694105201551551,13,4057.5770758952053
dual,0,0.3,0.7,2018-03-06 00:00:00+00:00,14.026480045128423,12.459719028644468,16,4069.659168212821
dual,0,0.35,0.65,2018-03-06 00:00:00+00:00,17.06381327796739,15.408668582872743,17,4138.777135208881
single,0,0.05,0.95,2018-03-07 00:00:00+00:00,8.421052631578947,7.6,0,2789.425210588051
single,0,0.1,0.9,2018-03-07 00:00:00+00:00,8.421052631578947,7.6,0,2789.425210588051
single,0,0.15,0.85,2018-03-07 00:00:00+00:00,8.421052631578947,7.6,0,2789.425210588051
single,0,0.2,0.8,2018-03-07 00:00:00+00:00,8.421052631578947,7.6,0,2789.425210588051
single,0,0.25,0.75,2018-03-07 00:00:00+00:00,8.421052631578947,7.6,0,2789.425210588051
single,0,0.3,0.7,2018-03-07 00:00:00+00:00,8.421052631578947,7.6,0,2789.425210588051
single,0,0.35,0.65,2018-03-07 00:00:00+00:00,8.421052631578947,7.6,0,2789.425210588051
dual,0,0.05,0.95,2018-03-07 00:00:00+00:00,10.406126552136032,9.39152921330277,3,3705.8989076578873
dual,0,0.1,0.9,2018-03-07 00:00:00+00:00,10.005216219905826,9.149599784814571,4,3706.030086211026
dual,0,0.15,0.85,2018-03-07 00:00:00+00:00,9.479210648746303,8.895726831162722,5,3690.0718623175367
dual,0,0.2,0.8,2018-03-07 00:00:00+00:00,9.82806656030404,9.39334922454804,8,3691.1160327756415
dual,0,0.25,0.75,2018-03-07 00:00:00+00:00,11.939040290977585,11.051268643505159,7,3783.132386060609
dual,0,0.3,0.7,2018-03-07 00:00:00+00:00,13.420187890051967,12.11537995777472,10,3835.613398137464
dual,0,0.35,0.65,2018-03-07 00:00:00+00:00,21.82566957106749,19.598854481243684,19,4145.133843520249
single,0,0.05,0.95,2018-03-08 00:00:00+00:00,8.421052631578947,7.6,0,2645.512636785402
single,0,0.1,0.9,2018-03-08 00:00:00+00:00,8.421052631578947,7.6,0,2645.512636785402
single,0,0.15,0.85,2018-03-08 00:00:00+00:00,8.421052631578947,7.6,0,2645.512636785402
single,0,0.2,0.8,2018-03-08 00:00:00+00:00,8.421052631578947,7.6,0,2645.5126367854027
single,0,0.25,0.75,2018-03-08 00:00:00+00:00,8.421052631578947,7.6,0,2645.5126367854027
single,0,0.3,0.7,2018-03-08 00:00:00+00:00,8.421052631578947,7.6,0,2645.5126367854027
single,0,0.35,0.65,2018-03-08 00:00:00+00:00,8.421052631578947,7.6,0,2645.512636785402
dual,0,0.05,0.95,2018-03-08 00:00:00+00:00,11.604757898001314,10.648134615959295,6,4167.307039247437
dual,0,0.1,0.9,2018-03-08 00:00:00+00:00,10.999517750750815,10.225340900886442,8,4166.660874024452
dual,0,0.15,0.85,2018-03-08 00:00:00+00:00,10.534189544353438,10.121831521795897,9,4158.53031531882
dual,0,0.2,0.8,2018-03-08 00:00:00+00:00,10.559556504945757,10.306781465088726,9,4126.290163835321
dual,0,0.25,0.75,2018-03-08 00:00:00+00:00,16.348491275135068,14.142414291311855,13,4336.9267987596295
dual,0,0.3,0.7,2018-03-08 00:00:00+00:00,17.04215914989588,14.494951581260027,13,4384.657447607762
dual,0,0.35,0.65,2018-03-08 00:00:00+00:00,25.54318288436224,22.338984306156597,18,4362.480414468095
single,0,0.05,0.95,2018-03-09 00:00:00+00:00,8.421052631578947,7.6000000000000005,0,4287.829444071256
single,0,0.1,0.9,2018-03-09 00:00:00+00:00,8.421052631578947,7.6000000000000005,0,4287.829444071256
single,0,0.15,0.85,2018-03-09 00:00:00+00:00,8.421052631578947,7.6000000000000005,0,4287.829444071256
single,0,0.2,0.8,2018-03-09 00:00:00+00:00,8.421052631578947,7.6000000000000005,0,4287.829444071256
single,0,0.25,0.75,2018-03-09 00:00:00+00:00,8.421052631578947,7.6000000000000005,0,4287.829444071256
single,0,0.3,0.7,2018-03-09 00:00:00+00:00,8.421052631578947,7.6000000000000005,0,4287.829444071256
single,0,0.35,0.65,2018-03-09 00:00:00+00:00,8.421052631578947,7.6000000000000005,0,4287.829444071256
dual,0,0.05,0.95,2018-03-09 00:00:00+00:00,8.999317815936006,8.117530610552892,2,4362.206089076592
dual,0,0.1,0.9,2018-03-09 00:00:00+00:00,8.39048623493774,7.437511291653203,2,4362.644839062268
dual,0,0.15,0.85,2018-03-09 00:00:00+00:00,7.972959945846868,6.966528375625571,6,4362.478774614338
dual,0,0.2,0.8,2018-03-09 00:00:00+00:00,7.762160457625579,6.851541756988326,7,4362.508247101221
dual,0,0.25,0.75,2018-03-09 00:00:00+00:00,7.488511190467936,6.853381349397312,11,4347.387262926297
dual,0,0.3,0.7,2018-03-09 00:00:00+00:00,7.294421429537775,6.670164235524156,15,4347.094304298472
dual,0,0.35,0.65,2018-03-09 00:00:00+00:00,6.614996248866342,5.67657703955585,19,4399.334084615928
single,0,0.05,0.95,2018-03-10 00:00:00+00:00,10.526315789473685,9.5,0,3088.0760204888697
single,0,0.1,0.9,2018-03-10 00:00:00+00:00,10.526315789473685,9.5,0,3088.0760204888697
single,0,0.15,0.85,2018-03-10 00:00:00+00:00,10.526315789473685,9.5,0,3088.0760204888697
single,0,0.2,0.8,2018-03-10 00:00:00+00:00,10.526315789473685,9.5,0,3088.0760204888697
single,0,0.25,0.75,2018-03-10 00:00:00+00:00,10.526315789473685,9.5,0,3088.0760204888697
single,0,0.3,0.7,2018-03-10 00:00:00+00:00,10.526315789473685,9.5,0,3088.0760204888697
single,0,0.35,0.65,2018-03-10 00:00:00+00:00,10.526315789473685,9.5,0,3088.0760204888697
dual,0,0.05,0.95,2018-03-10 00:00:00+00:00,10.823070411749258,9.841632637574753,6,3829.217754722814
dual,0,0.1,0.9,2018-03-10 00:00:00+00:00,10.908394216056614,9.964684801684983,6,3815.141510193905
dual,0,0.15,0.85,2018-03-10 00:00:00+00:00,10.740545159260733,9.942906651638463,5,3807.575062242555
dual,0,0.2,0.8,2018-03-10 00:00:00+00:00,10.78828991378955,10.125537629589921,6,3802.3838164002154
dual,0,0.25,0.75,2018-03-10 00:00:00+00:00,15.507316322413416,13.771546760620394,14,4048.9357773233723
dual,0,0.3,0.7,2018-03-10 00:00:00+00:00,19.82132130795589,17.402929974896658,12,4094.4730384784907
dual,0,0.35,0.65,2018-03-10 00:00:00+00:00,22.758227218642226,19.843246299771728,20,4220.841827777285
single,0,0.05,0.95,2018-03-11 00:00:00+00:00,8.53185595567867,7.699999999999999,0,3762.1482983862875
single,0,0.1,0.9,2018-03-11 00:00:00+00:00,8.53185595567867,7.699999999999999,0,3762.1482983862875
single,0,0.15,0.85,2018-03-11 00:00:00+00:00,8.53185595567867,7.699999999999999,0,3762.1482983862875
single,0,0.2,0.8,2018-03-11 00:00:00+00:00,8.53185595567867,7.699999999999999,0,3762.1482983862875
single,0,0.25,0.75,2018-03-11 00:00:00+00:00,8.53185595567867,7.699999999999999,0,3762.1482983862875
single,0,0.3,0.7,2018-03-11 00:00:00+00:00,8.53185595567867,7.699999999999999,0,3762.1482983862875
single,0,0.35,0.65,2018-03-11 00:00:00+00:00,8.53185595567867,7.699999999999999,0,3762.1482983862875
dual,0,0.05,0.95,2018-03-11 00:00:00+00:00,10.453401895352576,9.4341952105557,0,4014.3922583874064
dual,0,0.1,0.9,2018-03-11 00:00:00+00:00,9.841948989783733,8.879752360372638,1,3997.8114666042143
dual,0,0.15,0.85,2018-03-11 00:00:00+00:00,9.900095852017273,8.72498307152708,5,4007.160025393521
dual,0,0.2,0.8,2018-03-11 00:00:00+00:00,9.742837315099857,8.539099221371794,9,4002.9317113246166
dual,0,0.25,0.75,2018-03-11 00:00:00+00:00,10.975212775465494,10.04109903783341,11,4030.580124531752
dual,0,0.3,0.7,2018-03-11 00:00:00+00:00,11.397538028046625,10.320041873394525,12,4062.9016186446265
dual,0,0.35,0.65,2018-03-11 00:00:00+00:00,12.094495789637655,11.010282450147985,19,4146.608375959555
single,0,0.05,0.95,2018-03-12 00:00:00+00:00,10.526315789473683,9.5,0,4046.7331975949546
single,0,0.1,0.9,2018-03-12 00:00:00+00:00,10.526315789473683,9.5,0,4046.7331975949546
single,0,0.15,0.85,2018-03-12 00:00:00+00:00,10.526315789473683,9.5,0,4046.7331975949546
single,0,0.2,0.8,2018-03-12 00:00:00+00:00,10.526315789473683,9.5,0,4046.7331975949546
single,0,0.25,0.75,2018-03-12 00:00:00+00:00,10.526315789473683,9.5,0,4046.7331975949546
single,0,0.3,0.7,2018-03-12 00:00:00+00:00,10.526315789473683,9.5,0,4046.7331975949546
single,0,0.35,0.65,2018-03-12 00:00:00+00:00,10.526315789473683,9.5,0,4046.7331975949546
dual,0,0.05,0.95,2018-03-12 00:00:00+00:00,10.90801100769323,9.84447993444314,0,4111.108246711753
dual,0,0.1,0.9,2018-03-12 00:00:00+00:00,9.904072368144918,8.938047693585371,1,4110.805442154279
dual,0,0.15,0.85,2018-03-12 00:00:00+00:00,9.364607188624325,8.427025365106081,3,4112.038486363098
dual,0,0.2,0.8,2018-03-12 00:00:00+00:00,9.141599313782017,8.21933546434913,4,4112.0655023512945
dual,0,0.25,0.75,2018-03-12 00:00:00+00:00,8.857529773593187,8.254913840638917,11,4138.201324659682
dual,0,0.3,0.7,2018-03-12 00:00:00+00:00,8.81866335938074,8.275615927973927,11,4123.888635656264
dual,0,0.35,0.65,2018-03-12 00:00:00+00:00,8.040091113647506,7.073300953979805,18,4108.640887474852
single,0,0.05,0.95,2018-03-13 00:00:00+00:00,12.526315789473685,11.305,0,3692.067592404112
single,0,0.1,0.9,2018-03-13 00:00:00+00:00,12.526315789473685,11.305,0,3692.067592404112
single,0,0.15,0.85,2018-03-13 00:00:00+00:00,12.526315789473685,11.305,0,3692.067592404112
single,0,0.2,0.8,2018-03-13 00:00:00+00:00,12.526315789473685,11.305,0,3692.067592404112
single,0,0.25,0.75,2018-03-13 00:00:00+00:00,12.526315789473685,11.305,0,3692.067592404112
single,0,0.3,0.7,2018-03-13 00:00:00+00:00,12.526315789473685,11.305,0,3692.067592404112
single,0,0.35,0.65,2018-03-13 00:00:00+00:00,12.526315789473685,11.305,0,3692.067592404112
dual,0,0.05,0.95,2018-03-13 00:00:00+00:00,13.413938893708643,12.106079851572051,3,4266.898451655519
dual,0,0.1,0.9,2018-03-13 00:00:00+00:00,13.235795067369999,11.960621773938094,4,4289.683471022771
dual,0,0.15,0.85,2018-03-13 00:00:00+00:00,13.012894930121728,11.866931350841886,5,4327.791303188105
dual,0,0.2,0.8,2018-03-13 00:00:00+00:00,12.854773682001706,11.714370859006642,5,4325.375553080982
dual,0,0.25,0.75,2018-03-13 00:00:00+00:00,18.53293679154932,16.8695707837827,11,4585.066199767142
dual,0,0.3,0.7,2018-03-13 00:00:00+00:00,20.141029460557284,18.421411956156817,13,4583.649487305412
dual,0,0.35,0.65,2018-03-13 00:00:00+00:00,21.34422549801113,19.767604152166154,17,4617.116742643614
single,0,0.05,0.95,2018-03-14 00:00:00+00:00,10.526315789473685,9.5,0,4192.116712948546
single,0,0.1,0.9,2018-03-14 00:00:00+00:00,10.526315789473685,9.5,0,4192.116712948546
single,0,0.15,0.85,2018-03-14 00:00:00+00:00,10.526315789473685,9.5,0,4192.116712948546
single,0,0.2,0.8,2018-03-14 00:00:00+00:00,10.526315789473685,9.5,0,4192.116712948546
single,0,0.25,0.75,2018-03-14 00:00:00+00:00,10.526315789473685,9.5,0,4192.116712948546
single,0,0.3,0.7,2018-03-14 00:00:00+00:00,10.526315789473685,9.5,0,4192.116712948546
single,0,0.35,0.65,2018-03-14 00:00:00+00:00,10.526315789473685,9.5,0,4192.116712948546
dual,0,0.05,0.95,2018-03-14 00:00:00+00:00,10.149316810591962,9.070102474056357,7,4363.780857705694
dual,0,0.1,0.9,2018-03-14 00:00:00+00:00,9.919654979658665,8.811887287525337,9,4362.929709760866
dual,0,0.15,0.85,2018-03-14 00:00:00+00:00,9.807207896883183,8.685532372723754,14,4350.126889699722
dual,0,0.2,0.8,2018-03-14 00:00:00+00:00,9.68219327138129,8.422290016891413,15,4359.559943079161
dual,0,0.25,0.75,2018-03-14 00:00:00+00:00,9.608565140702003,8.60442376382862,20,4571.560740833842
dual,0,0.3,0.7,2018-03-14 00:00:00+00:00,8.39100474096364,7.555849924022743,19,4609.583453003024
dual,0,0.35,0.65,2018-03-14 00:00:00+00:00,7.8262147438298335,7.222642668547321,21,4657.4960130319305
single,0,0.05,0.95,2018-03-15 00:00:00+00:00,6.315789473684211,5.699999999999999,0,3592.570591789385
single,0,0.1,0.9,2018-03-15 00:00:00+00:00,6.315789473684211,5.699999999999999,0,3592.570591789385
single,0,0.15,0.85,2018-03-15 00:00:00+00:00,6.315789473684211,5.699999999999999,0,3592.570591789385
single,0,0.2,0.8,2018-03-15 00:00:00+00:00,6.315789473684211,5.699999999999999,0,3592.570591789385
single,0,0.25,0.75,2018-03-15 00:00:00+00:00,6.315789473684211,5.699999999999999,0,3592.570591789385
single,0,0.3,0.7,2018-03-15 00:00:00+00:00,6.315789473684211,5.699999999999999,0,3592.570591789385
single,0,0.35,0.65,2018-03-15 00:00:00+00:00,6.315789473684211,5.699999999999999,0,3592.570591789385
dual,0,0.05,0.95,2018-03-15 00:00:00+00:00,11.245138761181382,10.149331696320845,4,3735.8549794201117
dual,0,0.1,0.9,2018-03-15 00:00:00+00:00,10.458877533360994,9.328216927668237,4,3733.9992407907685
dual,0,0.15,0.85,2018-03-15 00:00:00+00:00,9.875371730186936,8.827212853002486,8,3720.4289989514623
dual,0,0.2,0.8,2018-03-15 00:00:00+00:00,9.218628696131383,8.2332694905465,10,3715.4103446603185
dual,0,0.25,0.75,2018-03-15 00:00:00+00:00,9.751151732005534,8.791634526310967,11,3717.4733666389984
dual,0,0.3,0.7,2018-03-15 00:00:00+00:00,9.901974886496955,8.207298479378391,14,3761.6297136333637
dual,0,0.35,0.65,2018-03-15 00:00:00+00:00,9.105823061638253,7.552563402002205,17,3824.918241040371
single,0,0.05,0.95,2018-03-16 00:00:00+00:00,10.526315789473685,9.5,0,2932.2260225334485
single,0,0.1,0.9,2018-03-16 00:00:00+00:00,10.526315789473685,9.5,0,2932.2260225334485
single,0,0.15,0.85,2018-03-16 00:00:00+00:00,10.526315789473685,9.5,0,2932.2260225334485
single,0,0.2,0.8,2018-03-16 00:00:00+00:00,10.526315789473685,9.5,0,2932.2260225334485
single,0,0.25,0.75,2018-03-16 00:00:00+00:00,10.526315789473685,9.5,0,2932.2260225334485
single,0,0.3,0.7,2018-03-16 00:00:00+00:00,10.526315789473685,9.5,0,2932.2260225334485
single,0,0.35,0.65,2018-03-16 00:00:00+00:00,10.526315789473685,9.5,0,2932.2260225334485
dual,0,0.05,0.95,2018-03-16 00:00:00+00:00,12.845501007126716,11.593064658931862,0,3494.5639051677363
dual,0,0.1,0.9,2018-03-16 00:00:00+00:00,12.387340501226804,11.227600442321064,1,3462.1491682310316
dual,0,0.15,0.85,2018-03-16 00:00:00+00:00,11.900636694106428,10.944307192674378,3,3462.945119675384
dual,0,0.2,0.8,2018-03-16 00:00:00+00:00,11.717599763554585,10.85174012232864,3,3446.9003065062316
dual,0,0.25,0.75,2018-03-16 00:00:00+00:00,12.754251829262316,12.304735856286605,10,3643.440228087967
dual,0,0.3,0.7,2018-03-16 00:00:00+00:00,14.179796197098602,13.131302576623483,13,3684.0301859433644
dual,0,0.35,0.65,2018-03-16 00:00:00+00:00,21.537854434712393,18.647820212135876,16,3837.059921601178
single,0,0.05,0.95,2018-03-17 00:00:00+00:00,10.31578947368421,9.31,0,4132.073999974601
single,0,0.1,0.9,2018-03-17 00:00:00+00:00,10.31578947368421,9.31,0,4132.073999974601
single,0,0.15,0.85,2018-03-17 00:00:00+00:00,10.31578947368421,9.31,0,4132.073999974601
single,0,0.2,0.8,2018-03-17 00:00:00+00:00,10.31578947368421,9.31,0,4132.073999974601
single,0,0.25,0.75,2018-03-17 00:00:00+00:00,10.31578947368421,9.31,0,4132.073999974601
single,0,0.3,0.7,2018-03-17 00:00:00+00:00,10.31578947368421,9.31,0,4132.073999974601
single,0,0.35,0.65,2018-03-17 00:00:00+00:00,10.31578947368421,9.31,0,4132.073999974601
dual,0,0.05,0.95,2018-03-17 00:00:00+00:00,12.43543973813712,11.22298436366875,2,4239.862769244799
dual,0,0.1,0.9,2018-03-17 00:00:00+00:00,11.862942736911746,10.699452370711098,4,4233.760930330747
dual,0,0.15,0.85,2018-03-17 00:00:00+00:00,11.350397839525563,10.24373405017182,3,4228.955241334871
dual,0,0.2,0.8,2018-03-17 00:00:00+00:00,10.933142025518091,9.851461291433395,5,4223.425983919194
dual,0,0.25,0.75,2018-03-17 00:00:00+00:00,10.553942241636245,9.603100836104664,11,4208.9633632301
dual,0,0.3,0.7,2018-03-17 00:00:00+00:00,10.157452067999419,9.207748710954897,10,4197.3798859830085
dual,0,0.35,0.65,2018-03-17 00:00:00+00:00,11.612725338632593,10.575484618115915,17,4222.221391582469
single,0,0.05,0.95,2018-03-18 00:00:00+00:00,10.31578947368421,9.309999999999999,0,4672.592274023662
single,0,0.1,0.9,2018-03-18 00:00:00+00:00,10.31578947368421,9.309999999999999,0,4672.592274023662
single,0,0.15,0.85,2018-03-18 00:00:00+00:00,10.31578947368421,9.309999999999999,0,4672.592274023662
single,0,0.2,0.8,2018-03-18 00:00:00+00:00,10.31578947368421,9.309999999999999,0,4672.592274023662
single,0,0.25,0.75,2018-03-18 00:00:00+00:00,10.31578947368421,9.309999999999999,0,4672.592274023662
single,0,0.3,0.7,2018-03-18 00:00:00+00:00,10.31578947368421,9.309999999999999,0,4672.592274023662
single,0,0.35,0.65,2018-03-18 00:00:00+00:00,10.315789473684212,9.309999999999999,0,4672.592274023662
dual,0,0.05,0.95,2018-03-18 00:00:00+00:00,11.228695996919203,10.106242707703196,7,4847.701060036797
dual,0,0.1,0.9,2018-03-18 00:00:00+00:00,11.168497749737817,10.031090560361552,10,4804.5126515471575
dual,0,0.15,0.85,2018-03-18 00:00:00+00:00,10.787476401180278,9.597446270685776,15,4768.805488048765
dual,0,0.2,0.8,2018-03-18 00:00:00+00:00,10.348931047710789,9.170963183519978,15,4760.906132801495
dual,0,0.25,0.75,2018-03-18 00:00:00+00:00,10.21072488308699,9.407586126715657,17,4864.191347456658
dual,0,0.3,0.7,2018-03-18 00:00:00+00:00,10.169116889777058,9.344501891760705,18,4914.8677766568735
dual,0,0.35,0.65,2018-03-18 00:00:00+00:00,8.825880536130882,7.6622446773146065,20,5038.541825949377
single,0,0.05,0.95,2018-03-19 00:00:00+00:00,8.421052631578947,7.6,0,4165.675352285496
single,0,0.1,0.9,2018-03-19 00:00:00+00:00,8.421052631578947,7.6,0,4165.675352285496
single,0,0.15,0.85,2018-03-19 00:00:00+00:00,8.421052631578947,7.6,0,4165.675352285496
single,0,0.2,0.8,2018-03-19 00:00:00+00:00,8.421052631578947,7.6,0,4165.675352285496
single,0,0.25,0.75,2018-03-19 00:00:00+00:00,8.421052631578947,7.6,0,4165.675352285497
single,0,0.3,0.7,2018-03-19 00:00:00+00:00,8.421052631578947,7.6,0,4165.675352285496
single,0,0.35,0.65,2018-03-19 00:00:00+00:00,8.421052631578947,7.6,0,4165.675352285496
dual,0,0.05,0.95,2018-03-19 00:00:00+00:00,9.963705519801792,8.992244231621118,0,4342.980716285202
dual,0,0.1,0.9,2018-03-19 00:00:00+00:00,8.975372553218191,8.092462957814119,1,4343.035685248064
dual,0,0.15,0.85,2018-03-19 00:00:00+00:00,8.16970712802896,7.23328985740287,10,4355.561498122207
dual,0,0.2,0.8,2018-03-19 00:00:00+00:00,7.952791792777674,7.012680006572435,12,4368.486420056808
dual,0,0.25,0.75,2018-03-19 00:00:00+00:00,7.4646371695818114,7.179893987768296,13,4427.651808373276
dual,0,0.3,0.7,2018-03-19 00:00:00+00:00,7.81484594609982,7.4135399940018045,12,4465.542489461317
dual,0,0.35,0.65,2018-03-19 00:00:00+00:00,8.859252737312257,8.335555519020264,16,4538.785597940391
single,0,0.05,0.95,2018-03-20 00:00:00+00:00,10.31578947368421,9.309999999999999,0,3121.4788513003605
single,0,0.1,0.9,2018-03-20 00:00:00+00:00,10.31578947368421,9.309999999999999,0,3121.4788513003605
single,0,0.15,0.85,2018-03-20 00:00:00+00:00,10.31578947368421,9.309999999999999,0,3121.4788513003605
single,0,0.2,0.8,2018-03-20 00:00:00+00:00,10.31578947368421,9.309999999999999,0,3121.4788513003605
single,0,0.25,0.75,2018-03-20 00:00:00+00:00,10.31578947368421,9.309999999999999,0,3121.4788513003605
single,0,0.3,0.7,2018-03-20 00:00:00+00:00,10.31578947368421,9.309999999999999,0,3121.4788513003605
single,0,0.35,0.65,2018-03-20 00:00:00+00:00,10.31578947368421,9.309999999999999,0,3121.4788513003605
dual,0,0.05,0.95,2018-03-20 00:00:00+00:00,12.471697832891318,11.398542618538782,4,3624.212630050527
dual,0,0.1,0.9,2018-03-20 00:00:00+00:00,12.162383115302497,11.177225475526662,3,3607.276796454241
dual,0,0.15,0.85,2018-03-20 00:00:00+00:00,12.260600416326149,11.184865148993401,3,3594.9712562396253
dual,0,0.2,0.8,2018-03-20 00:00:00+00:00,12.652712941924943,11.689137427357315,7,3681.3105287382778
dual,0,0.25,0.75,2018-03-20 00:00:00+00:00,14.465008192811455,13.537234761112149,8,3712.080458827698
dual,0,0.3,0.7,2018-03-20 00:00:00+00:00,17.202512839164157,15.879549492503983,9,3729.8308622293816
dual,0,0.35,0.65,2018-03-20 00:00:00+00:00,21.832704473594042,19.342692396758324,15,3875.3981597274283
single,0,0.05,0.95,2018-03-21 00:00:00+00:00,8.421052631578947,7.6,0,3073.384553158693
single,0,0.1,0.9,2018-03-21 00:00:00+00:00,8.421052631578947,7.6,0,3073.384553158693
single,0,0.15,0.85,2018-03-21 00:00:00+00:00,8.421052631578947,7.6,0,3073.384553158693
single,0,0.2,0.8,2018-03-21 00:00:00+00:00,8.421052631578947,7.6,0,3073.384553158693
single,0,0.25,0.75,2018-03-21 00:00:00+00:00,8.421052631578947,7.6,0,3073.384553158693
single,0,0.3,0.7,2018-03-21 00:00:00+00:00,8.421052631578947,7.6,0,3073.384553158693
single,0,0.35,0.65,2018-03-21 00:00:00+00:00,8.421052631578947,7.6,0,3073.384553158693
dual,0,0.05,0.95,2018-03-21 00:00:00+00:00,11.08464821898144,10.003895017630752,0,3255.9828385169394
dual,0,0.1,0.9,2018-03-21 00:00:00+00:00,9.911819333554764,8.854897472745254,5,3258.469922450715
dual,0,0.15,0.85,2018-03-21 00:00:00+00:00,9.292356128675175,8.128495760310253,5,3275.9093255273015
dual,0,0.2,0.8,2018-03-21 00:00:00+00:00,8.351784389066854,7.327540418810325,5,3295.0940380421057
dual,0,0.25,0.75,2018-03-21 00:00:00+00:00,7.905574779109916,7.72307221974385,8,3372.1400786100176
dual,0,0.3,0.7,2018-03-21 00:00:00+00:00,10.405383862593345,9.837977661554094,7,3343.5647933150276
dual,0,0.35,0.65,2018-03-21 00:00:00+00:00,15.402527276942807,13.323197717274242,9,3409.237718843678
single,0,0.05,0.95,2018-03-22 00:00:00+00:00,8.421052631578949,7.6,0,3994.8739134504667
single,0,0.1,0.9,2018-03-22 00:00:00+00:00,8.421052631578949,7.6,0,3994.8739134504667
single,0,0.15,0.85,2018-03-22 00:00:00+00:00,8.421052631578949,7.6,0,3994.8739134504667
single,0,0.2,0.8,2018-03-22 00:00:00+00:00,8.421052631578949,7.6,0,3994.8739134504667
single,0,0.25,0.75,2018-03-22 00:00:00+00:00,8.421052631578949,7.6,0,3994.8739134504667
single,0,0.3,0.7,2018-03-22 00:00:00+00:00,8.421052631578949,7.6,0,3994.8739134504667
single,0,0.35,0.65,2018-03-22 00:00:00+00:00,8.421052631578949,7.6,0,3994.8739134504667
dual,0,0.05,0.95,2018-03-22 00:00:00+00:00,10.088288605713343,9.104680466656289,0,4177.043284930065
dual,0,0.1,0.9,2018-03-22 00:00:00+00:00,9.540695557439891,8.601225117034598,2,4161.662696473764
dual,0,0.15,0.85,2018-03-22 00:00:00+00:00,8.760705285174588,7.6682463023707435,5,4167.356032865873
dual,0,0.2,0.8,2018-03-22 00:00:00+00:00,8.526361160410193,7.617407045620658,12,4155.974381251698
dual,0,0.25,0.75,2018-03-22 00:00:00+00:00,7.962122964599842,6.715923763527728,13,4175.5016250285435
dual,0,0.3,0.7,2018-03-22 00:00:00+00:00,7.980349907634879,6.679957496939372,17,4175.754029966946
dual,0,0.35,0.65,2018-03-22 00:00:00+00:00,7.548273609549718,6.912931960667759,20,4323.366992714132
single,0,0.05,0.95,2018-03-23 00:00:00+00:00,10.526315789473685,9.5,0,3424.1706620671844
single,0,0.1,0.9,2018-03-23 00:00:00+00:00,10.526315789473685,9.5,0,3424.1706620671844
single,0,0.15,0.85,2018-03-23 00:00:00+00:00,10.526315789473685,9.5,0,3424.1706620671844
single,0,0.2,0.8,2018-03-23 00:00:00+00:00,10.526315789473685,9.5,0,3424.1706620671844
single,0,0.25,0.75,2018-03-23 00:00:00+00:00,10.526315789473685,9.5,0,3424.1706620671844
single,0,0.3,0.7,2018-03-23 00:00:00+00:00,10.526315789473685,9.5,0,3424.1706620671844
single,0,0.35,0.65,2018-03-23 00:00:00+00:00,10.526315789473685,9.5,0,3424.1706620671844
dual,0,0.05,0.95,2018-03-23 00:00:00+00:00,13.423610796003487,12.299276994943233,5,4047.4394555171843
dual,0,0.1,0.9,2018-03-23 00:00:00+00:00,12.371661578937726,11.2829418196427,7,4031.5431533322317
dual,0,0.15,0.85,2018-03-23 00:00:00+00:00,11.928490249730917,10.81149462594125,9,4019.821403292066
dual,0,0.2,0.8,2018-03-23 00:00:00+00:00,11.979662105364485,10.784120897523849,11,4014.07484624725
dual,0,0.25,0.75,2018-03-23 00:00:00+00:00,11.335611766800874,10.414159858622735,16,3935.2226458386435
dual,0,0.3,0.7,2018-03-23 00:00:00+00:00,10.518662300975986,9.814366310487431,16,4039.5936660683074
dual,0,0.35,0.65,2018-03-23 00:00:00+00:00,14.717033863307968,14.018624241743215,20,4102.559544835121
single,0,0.05,0.95,2018-03-24 00:00:00+00:00,12.631578947368421,11.4,0,3908.397244977933
single,0,0.1,0.9,2018-03-24 00:00:00+00:00,12.631578947368421,11.4,0,3908.397244977933
single,0,0.15,0.85,2018-03-24 00:00:00+00:00,12.631578947368421,11.4,0,3908.397244977933
single,0,0.2,0.8,2018-03-24 00:00:00+00:00,12.631578947368421,11.4,0,3908.397244977933
single,0,0.25,0.75,2018-03-24 00:00:00+00:00,12.631578947368421,11.4,0,3908.397244977933
single,0,0.3,0.7,2018-03-24 00:00:00+00:00,12.631578947368421,11.4,0,3908.397244977933
single,0,0.35,0.65,2018-03-24 00:00:00+00:00,12.631578947368421,11.4,0,3908.397244977933
dual,0,0.05,0.95,2018-03-24 00:00:00+00:00,11.963178281699772,10.796768399234045,0,3974.2455592913234
dual,0,0.1,0.9,2018-03-24 00:00:00+00:00,11.619275003335291,10.4863956905101,2,3981.856798766128
dual,0,0.15,0.85,2018-03-24 00:00:00+00:00,11.563685230016375,10.43622592008978,4,3981.191837403992
dual,0,0.2,0.8,2018-03-24 00:00:00+00:00,11.595914107032403,10.454427372060763,5,3979.4249935426938
dual,0,0.25,0.75,2018-03-24 00:00:00+00:00,9.56786514505285,8.888457487466846,15,4005.434072812512
dual,0,0.3,0.7,2018-03-24 00:00:00+00:00,9.063690387296027,8.31220836097155,15,3976.7148272445997
dual,0,0.35,0.65,2018-03-24 00:00:00+00:00,10.399768554105577,9.577315928974967,18,3959.500780187738
single,0,0.05,0.95,2018-03-25 00:00:00+00:00,10.526315789473685,9.5,0,2878.823947656613
single,0,0.1,0.9,2018-03-25 00:00:00+00:00,10.526315789473685,9.5,0,2878.823947656613
single,0,0.15,0.85,2018-03-25 00:00:00+00:00,10.526315789473685,9.5,0,2878.823947656613
single,0,0.2,0.8,2018-03-25 00:00:00+00:00,10.526315789473685,9.5,0,2878.823947656613
single,0,0.25,0.75,2018-03-25 00:00:00+00:00,10.526315789473685,9.5,0,2878.823947656613
single,0,0.3,0.7,2018-03-25 00:00:00+00:00,10.526315789473685,9.5,0,2878.823947656613
single,0,0.35,0.65,2018-03-25 00:00:00+00:00,10.526315789473685,9.5,0,2878.823947656613
dual,0,0.05,0.95,2018-03-25 00:00:00+00:00,12.91791511098877,11.720743307724904,2,3473.6530160376396
dual,0,0.1,0.9,2018-03-25 00:00:00+00:00,12.219345703428967,11.426713246864534,4,3430.459229887617
dual,0,0.15,0.85,2018-03-25 00:00:00+00:00,11.218571049112997,10.673523131789224,4,3398.7714530815574
dual,0,0.2,0.8,2018-03-25 00:00:00+00:00,11.035085701555364,10.358401291575273,4,3355.4340842278752
dual,0,0.25,0.75,2018-03-25 00:00:00+00:00,11.860790273773983,11.372109114368817,10,3633.0308166642926
dual,0,0.3,0.7,2018-03-25 00:00:00+00:00,13.07333464110992,11.771131802055617,11,3675.1614146059783
dual,0,0.35,0.65,2018-03-25 00:00:00+00:00,19.445845725436953,16.82095686254958,15,3758.1659073166056
single,0,0.05,0.95,2018-03-26 00:00:00+00:00,8.421052631578949,7.6,0,3057.1600200390185
single,0,0.1,0.9,2018-03-26 00:00:00+00:00,8.421052631578949,7.6,0,3057.1600200390185
single,0,0.15,0.85,2018-03-26 00:00:00+00:00,8.421052631578949,7.6,0,3057.1600200390185
single,0,0.2,0.8,2018-03-26 00:00:00+00:00,8.421052631578949,7.6,0,3057.1600200390185
single,0,0.25,0.75,2018-03-26 00:00:00+00:00,8.421052631578949,7.6,0,3057.1600200390185
single,0,0.3,0.7,2018-03-26 00:00:00+00:00,8.421052631578949,7.6,0,3057.1600200390185
single,0,0.35,0.65,2018-03-26 00:00:00+00:00,8.421052631578949,7.6,0,3057.1600200390185
dual,0,0.05,0.95,2018-03-26 00:00:00+00:00,12.294077911728099,11.189156383236643,9,3827.141848183704
dual,0,0.1,0.9,2018-03-26 00:00:00+00:00,11.924308200823926,10.841344769838472,9,3817.569026863415
dual,0,0.15,0.85,2018-03-26 00:00:00+00:00,11.386163117046259,10.251427818455848,8,3819.870254168087
dual,0,0.2,0.8,2018-03-26 00:00:00+00:00,10.75454204359582,9.52524427017456,9,3862.928313334519
dual,0,0.25,0.75,2018-03-26 00:00:00+00:00,11.433247057371624,10.155491789838887,10,3848.7263116749723
dual,0,0.3,0.7,2018-03-26 00:00:00+00:00,11.19864237349071,9.81406712694891,12,3983.2617243015675
dual,0,0.35,0.65,2018-03-26 00:00:00+00:00,21.70166106912027,18.00195029953911,17,4064.4527623338317
single,0,0.05,0.95,2018-03-27 00:00:00+00:00,10.31578947368421,9.309999999999999,0,2963.0953492857557
single,0,0.1,0.9,2018-03-27 00:00:00+00:00,10.31578947368421,9.309999999999999,0,2963.0953492857557
single,0,0.15,0.85,2018-03-27 00:00:00+00:00,10.31578947368421,9.309999999999999,0,2963.0953492857557
single,0,0.2,0.8,2018-03-27 00:00:00+00:00,10.31578947368421,9.309999999999999,0,2963.0953492857557
single,0,0.25,0.75,2018-03-27 00:00:00+00:00,10.31578947368421,9.309999999999999,0,2963.0953492857557
single,0,0.3,0.7,2018-03-27 00:00:00+00:00,10.31578947368421,9.309999999999999,0,2963.0953492857557
single,0,0.35,0.65,2018-03-27 00:00:00+00:00,10.31578947368421,9.309999999999999,0,2963.0953492857557
dual,0,0.05,0.95,2018-03-27 00:00:00+00:00,11.890374363680204,10.340297203025305,2,3165.01473995816
dual,0,0.1,0.9,2018-03-27 00:00:00+00:00,10.753131232642398,9.097488814739485,7,3163.340784316507
dual,0,0.15,0.85,2018-03-27 00:00:00+00:00,10.244874524798593,8.731961279258003,9,3141.8326229825043
dual,0,0.2,0.8,2018-03-27 00:00:00+00:00,9.831232393284495,8.020820404287374,8,3122.8085889718745
dual,0,0.25,0.75,2018-03-27 00:00:00+00:00,9.603932043091273,7.853800187657217,10,3102.90821040199
dual,0,0.3,0.7,2018-03-27 00:00:00+00:00,9.610293156980072,7.198264637113077,11,3143.7178093619223
dual,0,0.35,0.65,2018-03-27 00:00:00+00:00,7.638444114444686,6.988695813286329,21,3085.550901436308
single,0,0.05,0.95,2018-03-28 00:00:00+00:00,8.421052631578949,7.6,0,2879.8392058321056
single,0,0.1,0.9,2018-03-28 00:00:00+00:00,8.421052631578949,7.6,0,2879.8392058321056
single,0,0.15,0.85,2018-03-28 00:00:00+00:00,8.421052631578949,7.6,0,2879.8392058321056
single,0,0.2,0.8,2018-03-28 00:00:00+00:00,8.421052631578949,7.6,0,2879.8392058321056
single,0,0.25,0.75,2018-03-28 00:00:00+00:00,8.421052631578949,7.6,0,2879.8392058321056
single,0,0.3,0.7,2018-03-28 00:00:00+00:00,8.421052631578949,7.6,0,2879.8392058321056
single,0,0.35,0.65,2018-03-28 00:00:00+00:00,8.421052631578949,7.6,0,2879.8392058321056
dual,0,0.05,0.95,2018-03-28 00:00:00+00:00,10.2267777041895,9.229666878031024,3,3010.711955103817
dual,0,0.1,0.9,2018-03-28 00:00:00+00:00,9.845022563380834,8.778087675074868,3,3030.322768310073
dual,0,0.15,0.85,2018-03-28 00:00:00+00:00,9.006180345872975,7.941439168384371,5,3056.2174384909445
dual,0,0.2,0.8,2018-03-28 00:00:00+00:00,8.659782571617296,7.459801014101218,5,3054.7095743246873
dual,0,0.25,0.75,2018-03-28 00:00:00+00:00,8.694933028144419,7.454491083385129,10,3047.9828993402925
dual,0,0.3,0.7,2018-03-28 00:00:00+00:00,8.622290328724773,7.062175957428847,9,3069.326636689717
dual,0,0.35,0.65,2018-03-28 00:00:00+00:00,9.769734259910969,7.64666286108301,15,3076.144315228602
single,0,0.05,0.95,2018-03-29 00:00:00+00:00,8.421052631578949,7.6000000000000005,0,3383.1479853911424
single,0,0.1,0.9,2018-03-29 00:00:00+00:00,8.421052631578949,7.6000000000000005,0,3383.1479853911424
single,0,0.15,0.85,2018-03-29 00:00:00+00:00,8.421052631578949,7.6000000000000005,0,3383.1479853911424
single,0,0.2,0.8,2018-03-29 00:00:00+00:00,8.421052631578949,7.6000000000000005,0,3383.1479853911424
single,0,0.25,0.75,2018-03-29 00:00:00+00:00,8.421052631578949,7.6000000000000005,0,3383.1479853911424
single,0,0.3,0.7,2018-03-29 00:00:00+00:00,8.421052631578949,7.6000000000000005,0,3383.1479853911424
single,0,0.35,0.65,2018-03-29 00:00:00+00:00,8.421052631578949,7.6000000000000005,0,3383.1479853911424
dual,0,0.05,0.95,2018-03-29 00:00:00+00:00,11.431520037805225,10.31837905271508,3,3841.181858762108
dual,0,0.1,0.9,2018-03-29 00:00:00+00:00,10.867962816143292,9.767453786561427,5,3814.4358838765074
dual,0,0.15,0.85,2018-03-29 00:00:00+00:00,10.188134638241776,9.289791511013203,10,3795.4057408746726
dual,0,0.2,0.8,2018-03-29 00:00:00+00:00,9.373128129517752,8.504278376366837,9,3773.07652045433
dual,0,0.25,0.75,2018-03-29 00:00:00+00:00,10.018586362920985,9.12906774837328,12,3808.4608481522946
dual,0,0.3,0.7,2018-03-29 00:00:00+00:00,8.987119646984915,8.096574380152441,13,3815.9744593983905
dual,0,0.35,0.65,2018-03-29 00:00:00+00:00,10.162420248090042,7.9609017979046435,15,3842.25040274791
single,0,0.05,0.95,2018-03-30 00:00:00+00:00,8.421052631578949,7.6,0,3181.073758550242
single,0,0.1,0.9,2018-03-30 00:00:00+00:00,8.421052631578949,7.6,0,3181.073758550242
single,0,0.15,0.85,2018-03-30 00:00:00+00:00,8.421052631578949,7.6,0,3181.073758550242
single,0,0.2,0.8,2018-03-30 00:00:00+00:00,8.421052631578949,7.6,0,3181.073758550242
single,0,0.25,0.75,2018-03-30 00:00:00+00:00,8.421052631578949,7.6,0,3181.073758550242
single,0,0.3,0.7,2018-03-30 00:00:00+00:00,8.421052631578949,7.6,0,3181.073758550242
single,0,0.35,0.65,2018-03-30 00:00:00+00:00,8.421052631578949,7.6,0,3181.073758550242
dual,0,0.05,0.95,2018-03-30 00:00:00+00:00,10.872783070191833,9.826883114948707,2,3692.3055469967007
dual,0,0.1,0.9,2018-03-30 00:00:00+00:00,10.626632596919585,9.712961786390288,2,3696.422554724325
dual,0,0.15,0.85,2018-03-30 00:00:00+00:00,9.743043292914916,8.930437066802817,2,3688.9597880700944
dual,0,0.2,0.8,2018-03-30 00:00:00+00:00,9.363336204793832,8.784914374380229,2,3702.7231212967827
dual,0,0.25,0.75,2018-03-30 00:00:00+00:00,8.254206547343342,7.8756798408778455,4,3806.998275599462
dual,0,0.3,0.7,2018-03-30 00:00:00+00:00,8.561641072810048,8.193923495847706,3,3784.021462134431
dual,0,0.35,0.65,2018-03-30 00:00:00+00:00,17.809253762822415,14.690669062706338,11,4023.4027535809346
single,0,0.05,0.95,2018-03-31 00:00:00+00:00,8.421052631578947,7.6000000000000005,0,3145.564962673055
single,0,0.1,0.9,2018-03-31 00:00:00+00:00,8.421052631578947,7.6000000000000005,0,3145.564962673055
single,0,0.15,0.85,2018-03-31 00:00:00+00:00,8.421052631578947,7.6000000000000005,0,3145.564962673055
single,0,0.2,0.8,2018-03-31 00:00:00+00:00,8.421052631578947,7.6000000000000005,0,3145.564962673055
single,0,0.25,0.75,2018-03-31 00:00:00+00:00,8.421052631578947,7.6000000000000005,0,3145.564962673055
single,0,0.3,0.7,2018-03-31 00:00:00+00:00,8.421052631578947,7.6000000000000005,0,3145.564962673055
single,0,0.35,0.65,2018-03-31 00:00:00+00:00,8.421052631578947,7.6000000000000005,0,3145.564962673055
dual,0,0.05,0.95,2018-03-31 00:00:00+00:00,12.337263229234413,11.134380064384057,0,3556.361590958293
dual,0,0.1,0.9,2018-03-31 00:00:00+00:00,11.833419124758858,10.679660760094865,0,3538.3331956230913
dual,0,0.15,0.85,2018-03-31 00:00:00+00:00,11.287822968447031,10.179329830318482,2,3534.835962683131
dual,0,0.2,0.8,2018-03-31 00:00:00+00:00,11.31462469437605,10.167856851189349,3,3522.3864292833186
dual,0,0.25,0.75,2018-03-31 00:00:00+00:00,11.043340504057145,10.093417274835716,4,3522.646250061844
dual,0,0.3,0.7,2018-03-31 00:00:00+00:00,12.546322943692138,11.639266200185077,7,3577.5004186817464
dual,0,0.35,0.65,2018-03-31 00:00:00+00:00,16.0556912317897,14.505699935951085,10,3766.0639176399645
single,0,0.05,0.95,2018-04-01 00:00:00+00:00,12.421052631578949,11.21,0,3305.1770156283915
single,0,0.1,0.9,2018-04-01 00:00:00+00:00,12.421052631578949,11.21,0,3305.1770156283915
single,0,0.15,0.85,2018-04-01 00:00:00+00:00,12.421052631578949,11.21,0,3305.1770156283915
single,0,0.2,0.8,2018-04-01 00:00:00+00:00,12.421052631578949,11.21,0,3305.1770156283915
single,0,0.25,0.75,2018-04-01 00:00:00+00:00,12.421052631578949,11.21,0,3305.1770156283915
single,0,0.3,0.7,2018-04-01 00:00:00+00:00,12.421052631578949,11.21,0,3305.1770156283915
single,0,0.35,0.65,2018-04-01 00:00:00+00:00,12.421052631578949,11.21,0,3305.1770156283915
dual,0,0.05,0.95,2018-04-01 00:00:00+00:00,11.50270543478084,10.381191654889708,0,3753.412038813303
dual,0,0.1,0.9,2018-04-01 00:00:00+00:00,11.090472706961716,10.00915161803295,0,3745.5594153760194
dual,0,0.15,0.85,2018-04-01 00:00:00+00:00,10.922624676525286,9.85766877056407,0,3735.7166127894666
dual,0,0.2,0.8,2018-04-01 00:00:00+00:00,11.413970839172851,10.301108682353497,0,3725.2990521808633
dual,0,0.25,0.75,2018-04-01 00:00:00+00:00,10.535112918168235,9.46272380195738,2,3715.8905570759016
dual,0,0.3,0.7,2018-04-01 00:00:00+00:00,10.135175947050058,9.194392028309903,3,3705.897522020384
dual,0,0.35,0.65,2018-04-01 00:00:00+00:00,19.443358350650296,16.389165779814356,15,4124.513377464206
single,0,0.05,0.95,2018-04-02 00:00:00+00:00,10.526315789473685,9.5,0,3223.1446107075976
single,0,0.1,0.9,2018-04-02 00:00:00+00:00,10.526315789473685,9.5,0,3223.1446107075976
single,0,0.15,0.85,2018-04-02 00:00:00+00:00,10.526315789473685,9.5,0,3223.1446107075976
single,0,0.2,0.8,2018-04-02 00:00:00+00:00,10.526315789473685,9.5,0,3223.1446107075976
single,0,0.25,0.75,2018-04-02 00:00:00+00:00,10.526315789473685,9.5,0,3223.1446107075976
single,0,0.3,0.7,2018-04-02 00:00:00+00:00,10.526315789473685,9.5,0,3223.1446107075976
single,0,0.35,0.65,2018-04-02 00:00:00+00:00,10.526315789473685,9.5,0,3223.1446107075976
dual,0,0.05,0.95,2018-04-02 00:00:00+00:00,10.393134460724923,9.379803850804244,3,3369.809666840256
dual,0,0.1,0.9,2018-04-02 00:00:00+00:00,9.778207808344531,8.730985761654368,5,3392.4937113884107
dual,0,0.15,0.85,2018-04-02 00:00:00+00:00,9.70322840787245,8.650006832310936,5,3368.906052303472
dual,0,0.2,0.8,2018-04-02 00:00:00+00:00,9.126901039667613,8.093899824638958,5,3333.6018339437996
dual,0,0.25,0.75,2018-04-02 00:00:00+00:00,8.970092467684008,7.9565184092751595,6,3347.9050548819346
dual,0,0.3,0.7,2018-04-02 00:00:00+00:00,9.523232426869408,8.305996622642922,7,3337.3493139791426
dual,0,0.35,0.65,2018-04-02 00:00:00+00:00,11.369033854590723,10.289656419713902,11,3516.7909427948666
single,0,0.05,0.95,2018-04-03 00:00:00+00:00,10.421052631578949,9.405000000000001,0,2517.0471470258185
single,0,0.1,0.9,2018-04-03 00:00:00+00:00,10.421052631578949,9.405000000000001,0,2517.0471470258185
single,0,0.15,0.85,2018-04-03 00:00:00+00:00,10.421052631578949,9.405000000000001,0,2517.0471470258185
single,0,0.2,0.8,2018-04-03 00:00:00+00:00,10.421052631578949,9.405000000000001,0,2517.0471470258185
single,0,0.25,0.75,2018-04-03 00:00:00+00:00,10.421052631578949,9.405000000000001,0,2517.0471470258185
single,0,0.3,0.7,2018-04-03 00:00:00+00:00,10.421052631578949,9.405000000000001,0,2517.0471470258185
single,0,0.35,0.65,2018-04-03 00:00:00+00:00,10.421052631578949,9.405000000000001,0,2517.0471470258185
dual,0,0.05,0.95,2018-04-03 00:00:00+00:00,10.660333808132854,9.620951261839902,3,2950.584623715799
dual,0,0.1,0.9,2018-04-03 00:00:00+00:00,10.529435103532762,9.50281518093832,4,2940.171152354201
dual,0,0.15,0.85,2018-04-03 00:00:00+00:00,8.46838125478326,7.661913687720739,7,2951.358591228711
dual,0,0.2,0.8,2018-04-03 00:00:00+00:00,7.644637186165465,7.620722082160746,9,2997.244206946926
dual,0,0.25,0.75,2018-04-03 00:00:00+00:00,10.304108906394791,10.303788175799925,9,3023.414216584867
dual,0,0.3,0.7,2018-04-03 00:00:00+00:00,11.228309194096443,11.211377294335751,11,3024.7787069772553
dual,0,0.35,0.65,2018-04-03 00:00:00+00:00,19.856074389184933,16.67843547704984,17,3373.5946821016764
single,0,0.05,0.95,2018-04-04 00:00:00+00:00,8.421052631578949,7.6,0,2935.919080051535
single,0,0.1,0.9,2018-04-04 00:00:00+00:00,8.421052631578949,7.6,0,2935.919080051535
single,0,0.15,0.85,2018-04-04 00:00:00+00:00,8.421052631578949,7.6,0,2935.919080051535
single,0,0.2,0.8,2018-04-04 00:00:00+00:00,8.421052631578949,7.6,0,2935.919080051535
single,0,0.25,0.75,2018-04-04 00:00:00+00:00,8.421052631578949,7.6,0,2935.919080051535
single,0,0.3,0.7,2018-04-04 00:00:00+00:00,8.421052631578949,7.6,0,2935.919080051535
single,0,0.35,0.65,2018-04-04 00:00:00+00:00,8.421052631578949,7.6,0,2935.919080051535
dual,0,0.05,0.95,2018-04-04 00:00:00+00:00,8.73060390740584,7.600367121541804,1,3027.5597719027905
dual,0,0.1,0.9,2018-04-04 00:00:00+00:00,7.762752290585823,6.2527512899410045,8,3055.697946578309
dual,0,0.15,0.85,2018-04-04 00:00:00+00:00,6.929604089923595,5.454991827223344,13,3053.9174800376204
dual,0,0.2,0.8,2018-04-04 00:00:00+00:00,6.505610121531028,5.293121237678784,13,3034.2092705603573
dual,0,0.25,0.75,2018-04-04 00:00:00+00:00,7.28581361572054,5.959517963473955,15,3025.6045831772226
dual,0,0.3,0.7,2018-04-04 00:00:00+00:00,8.158571331801863,6.09728392754606,14,3058.4216572325545
dual,0,0.35,0.65,2018-04-04 00:00:00+00:00,8.10442251262892,7.255004217229181,19,3030.308247858068
single,0,0.05,0.95,2018-04-05 00:00:00+00:00,10.315789473684212,9.309999999999999,0,2335.256643873845
single,0,0.1,0.9,2018-04-05 00:00:00+00:00,10.315789473684212,9.309999999999999,0,2335.256643873845
single,0,0.15,0.85,2018-04-05 00:00:00+00:00,10.315789473684212,9.309999999999999,0,2335.256643873845
single,0,0.2,0.8,2018-04-05 00:00:00+00:00,10.315789473684212,9.309999999999999,0,2335.256643873845
single,0,0.25,0.75,2018-04-05 00:00:00+00:00,10.315789473684212,9.309999999999999,0,2335.256643873845
single,0,0.3,0.7,2018-04-05 00:00:00+00:00,10.315789473684212,9.309999999999999,0,2335.256643873845
single,0,0.35,0.65,2018-04-05 00:00:00+00:00,10.315789473684212,9.309999999999999,0,2335.256643873845
dual,0,0.05,0.95,2018-04-05 00:00:00+00:00,11.522360097203883,10.425934796904576,2,2540.5001353737807
dual,0,0.1,0.9,2018-04-05 00:00:00+00:00,11.124974394166152,10.039413015227371,4,2525.305831322892
dual,0,0.15,0.85,2018-04-05 00:00:00+00:00,11.15633860546289,10.034826254553241,8,2481.6542937186887
dual,0,0.2,0.8,2018-04-05 00:00:00+00:00,10.603462905627392,9.891794897048943,10,2491.289862825808
dual,0,0.25,0.75,2018-04-05 00:00:00+00:00,11.028610071439363,10.119376060440386,10,2528.40969082963
dual,0,0.3,0.7,2018-04-05 00:00:00+00:00,12.17239784872228,11.172230406996686,13,2549.865234967014
dual,0,0.35,0.65,2018-04-05 00:00:00+00:00,16.854750944398447,15.306412727319596,15,2680.699102631995
single,0,0.05,0.95,2018-04-06 00:00:00+00:00,10.31578947368421,9.309999999999999,0,2913.6275131503457
single,0,0.1,0.9,2018-04-06 00:00:00+00:00,10.31578947368421,9.309999999999999,0,2913.6275131503457
single,0,0.15,0.85,2018-04-06 00:00:00+00:00,10.31578947368421,9.309999999999999,0,2913.6275131503457
single,0,0.2,0.8,2018-04-06 00:00:00+00:00,10.31578947368421,9.309999999999999,0,2913.6275131503457
single,0,0.25,0.75,2018-04-06 00:00:00+00:00,10.31578947368421,9.309999999999999,0,2913.6275131503457
single,0,0.3,0.7,2018-04-06 00:00:00+00:00,10.31578947368421,9.309999999999999,0,2913.6275131503457
single,0,0.35,0.65,2018-04-06 00:00:00+00:00,10.31578947368421,9.309999999999999,0,2913.6275131503457
dual,0,0.05,0.95,2018-04-06 00:00:00+00:00,11.396614911188639,10.285444957347748,0,3058.8280148611484
dual,0,0.1,0.9,2018-04-06 00:00:00+00:00,11.051255297178667,9.973757905703748,0,3064.0023319014254
dual,0,0.15,0.85,2018-04-06 00:00:00+00:00,10.598547241208731,9.56518888519088,2,3055.0908622702527
dual,0,0.2,0.8,2018-04-06 00:00:00+00:00,10.47883033966324,9.412276594633125,7,3050.5129895396944
dual,0,0.25,0.75,2018-04-06 00:00:00+00:00,9.81593043986361,8.506349735580297,10,3037.8731077731886
dual,0,0.3,0.7,2018-04-06 00:00:00+00:00,9.343641281937558,7.75126018388022,8,3045.607974339419
dual,0,0.35,0.65,2018-04-06 00:00:00+00:00,13.112855119602933,10.73097634575484,15,3285.1178254778824
single,0,0.05,0.95,2018-04-07 00:00:00+00:00,10.31578947368421,9.309999999999999,0,3156.730275084044
single,0,0.1,0.9,2018-04-07 00:00:00+00:00,10.31578947368421,9.309999999999999,0,3156.730275084044
single,0,0.15,0.85,2018-04-07 00:00:00+00:00,10.31578947368421,9.309999999999999,0,3156.730275084044
single,0,0.2,0.8,2018-04-07 00:00:00+00:00,10.31578947368421,9.309999999999999,0,3156.730275084044
single,0,0.25,0.75,2018-04-07 00:00:00+00:00,10.31578947368421,9.309999999999999,0,3156.730275084044
single,0,0.3,0.7,2018-04-07 00:00:00+00:00,10.31578947368421,9.309999999999999,0,3156.730275084044
single,0,0.35,0.65,2018-04-07 00:00:00+00:00,10.31578947368421,9.309999999999999,0,3156.730275084044
dual,0,0.05,0.95,2018-04-07 00:00:00+00:00,9.815085121078482,9.041281976050145,4,3614.2280605701862
dual,0,0.1,0.9,2018-04-07 00:00:00+00:00,9.730841195949585,9.170061684322313,7,3601.071924115491
dual,0,0.15,0.85,2018-04-07 00:00:00+00:00,9.453630445499495,8.919400162728964,7,3589.49057625933
dual,0,0.2,0.8,2018-04-07 00:00:00+00:00,9.352023501616799,8.857914819433981,8,3574.894101765779
dual,0,0.25,0.75,2018-04-07 00:00:00+00:00,9.987920568720263,9.314332000610271,10,3604.671925944659
dual,0,0.3,0.7,2018-04-07 00:00:00+00:00,10.012339664092796,9.432358309364854,13,3602.700733739229
dual,0,0.35,0.65,2018-04-07 00:00:00+00:00,18.0270521312029,14.954668425262192,17,3933.9701927129345
single,0,0.05,0.95,2018-04-08 00:00:00+00:00,10.526315789473685,9.5,0,2342.751678570492
single,0,0.1,0.9,2018-04-08 00:00:00+00:00,10.526315789473685,9.5,0,2342.751678570492
single,0,0.15,0.85,2018-04-08 00:00:00+00:00,10.526315789473685,9.5,0,2342.751678570492
single,0,0.2,0.8,2018-04-08 00:00:00+00:00,10.526315789473685,9.5,0,2342.751678570492
single,0,0.25,0.75,2018-04-08 00:00:00+00:00,10.526315789473685,9.5,0,2342.751678570492
single,0,0.3,0.7,2018-04-08 00:00:00+00:00,10.526315789473685,9.5,0,2342.751678570492
single,0,0.35,0.65,2018-04-08 00:00:00+00:00,10.526315789473685,9.5,0,2342.751678570492
dual,0,0.05,0.95,2018-04-08 00:00:00+00:00,11.153701993909625,10.27750817301487,6,2827.941569890476
dual,0,0.1,0.9,2018-04-08 00:00:00+00:00,10.32584960791062,9.53715669453859,6,2818.4285480975336
dual,0,0.15,0.85,2018-04-08 00:00:00+00:00,10.081483581672614,9.398163734596592,5,2814.4569588580134
dual,0,0.2,0.8,2018-04-08 00:00:00+00:00,10.221553360709795,9.441574745190035,7,2906.7111419538433
dual,0,0.25,0.75,2018-04-08 00:00:00+00:00,12.990450211316563,11.867423700468185,8,2897.7382653732193
dual,0,0.3,0.7,2018-04-08 00:00:00+00:00,15.757775755621466,14.421103689891432,10,2960.6184008318846
dual,0,0.35,0.65,2018-04-08 00:00:00+00:00,20.70695557732678,17.860220815057296,15,3043.2420317102105
single,0,0.05,0.95,2018-04-09 00:00:00+00:00,10.105263157894736,9.12,0,3998.3226803872703
single,0,0.1,0.9,2018-04-09 00:00:00+00:00,10.105263157894736,9.12,0,3998.32268038727
single,0,0.15,0.85,2018-04-09 00:00:00+00:00,10.105263157894736,9.12,0,3998.32268038727
single,0,0.2,0.8,2018-04-09 00:00:00+00:00,10.105263157894736,9.12,0,3998.32268038727
single,0,0.25,0.75,2018-04-09 00:00:00+00:00,10.105263157894736,9.12,0,3998.3226803872703
single,0,0.3,0.7,2018-04-09 00:00:00+00:00,10.105263157894736,9.12,0,3998.3226803872703
single,0,0.35,0.65,2018-04-09 00:00:00+00:00,10.105263157894736,9.12,0,3998.32268038727
dual,0,0.05,0.95,2018-04-09 00:00:00+00:00,8.787893133847005,7.778768462930603,5,4060.5509633375345
dual,0,0.1,0.9,2018-04-09 00:00:00+00:00,9.26015697638441,7.5446894432363685,10,4108.1264512991
dual,0,0.15,0.85,2018-04-09 00:00:00+00:00,8.87626796162893,6.832773400204693,11,4141.390761246672
dual,0,0.2,0.8,2018-04-09 00:00:00+00:00,9.252525855450196,6.85955897298431,15,4168.792229768768
dual,0,0.25,0.75,2018-04-09 00:00:00+00:00,8.180903872464235,5.709782011536137,15,4192.058024340571
dual,0,0.3,0.7,2018-04-09 00:00:00+00:00,7.389474213944805,6.177137086921188,15,4075.030967504123
dual,0,0.35,0.65,2018-04-09 00:00:00+00:00,4.515823215140453,3.5672074293466807,20,4226.0140650587855
single,0,0.05,0.95,2018-04-10 00:00:00+00:00,8.421052631578949,7.6,0,3189.847233724547
single,0,0.1,0.9,2018-04-10 00:00:00+00:00,8.421052631578949,7.6,0,3189.847233724547
single,0,0.15,0.85,2018-04-10 00:00:00+00:00,8.421052631578949,7.6,0,3189.847233724547
single,0,0.2,0.8,2018-04-10 00:00:00+00:00,8.421052631578949,7.6,0,3189.847233724547
single,0,0.25,0.75,2018-04-10 00:00:00+00:00,8.421052631578949,7.6,0,3189.847233724547
single,0,0.3,0.7,2018-04-10 00:00:00+00:00,8.421052631578949,7.6,0,3189.847233724547
single,0,0.35,0.65,2018-04-10 00:00:00+00:00,8.421052631578949,7.6,0,3189.847233724547
dual,0,0.05,0.95,2018-04-10 00:00:00+00:00,8.552305961165082,7.9602853383685215,2,3576.6163038855348
dual,0,0.1,0.9,2018-04-10 00:00:00+00:00,7.848551491434448,7.469913741222035,2,3562.4247635234115
dual,0,0.15,0.85,2018-04-10 00:00:00+00:00,7.182411086564825,6.95020369064955,4,3562.2540048846754
dual,0,0.2,0.8,2018-04-10 00:00:00+00:00,6.925491281536196,6.7398801815289655,5,3561.039025656586
dual,0,0.25,0.75,2018-04-10 00:00:00+00:00,8.463654771759582,8.476768626284265,10,3691.0872881115197
dual,0,0.3,0.7,2018-04-10 00:00:00+00:00,9.127460097534538,9.20717990912724,13,3885.5210312073104
dual,0,0.35,0.65,2018-04-10 00:00:00+00:00,16.824642007467183,15.164830775362006,17,3962.467686570211
single,0,0.05,0.95,2018-04-11 00:00:00+00:00,10.537396121883656,9.51,0,1382.0419746734183
single,0,0.1,0.9,2018-04-11 00:00:00+00:00,10.537396121883656,9.51,0,1382.0419746734183
single,0,0.15,0.85,2018-04-11 00:00:00+00:00,10.537396121883656,9.51,0,1382.0419746734183
single,0,0.2,0.8,2018-04-11 00:00:00+00:00,10.537396121883656,9.51,0,1382.0419746734183
single,0,0.25,0.75,2018-04-11 00:00:00+00:00,10.537396121883656,9.51,0,1382.0419746734183
single,0,0.3,0.7,2018-04-11 00:00:00+00:00,10.537396121883656,9.51,0,1382.0419746734183
single,0,0.35,0.65,2018-04-11 00:00:00+00:00,10.537396121883656,9.51,0,1382.0419746734183
dual,0,0.05,0.95,2018-04-11 00:00:00+00:00,10.679618530111554,10.929377147354856,7,3114.135697418398
dual,0,0.1,0.9,2018-04-11 00:00:00+00:00,10.198797167434812,10.37811005171108,7,3075.230956199085
dual,0,0.15,0.85,2018-04-11 00:00:00+00:00,9.909449747592443,9.872093633209312,9,3011.148837974776
dual,0,0.2,0.8,2018-04-11 00:00:00+00:00,9.720494212348749,9.946793170260765,11,3061.5586419656775
dual,0,0.25,0.75,2018-04-11 00:00:00+00:00,10.929486793660386,11.763861831278499,14,3130.1264131873295
dual,0,0.3,0.7,2018-04-11 00:00:00+00:00,15.132783015702872,15.06656434463162,14,3276.510026508259
dual,0,0.35,0.65,2018-04-11 00:00:00+00:00,25.21712749938597,22.853457568195836,16,3236.080462504193
single,0,0.05,0.95,2018-04-12 00:00:00+00:00,12.105263157894736,10.925,0,1789.4340670435345
single,0,0.1,0.9,2018-04-12 00:00:00+00:00,12.105263157894736,10.925,0,1789.4340670435345
single,0,0.15,0.85,2018-04-12 00:00:00+00:00,12.105263157894736,10.925,0,1789.4340670435345
single,0,0.2,0.8,2018-04-12 00:00:00+00:00,12.105263157894736,10.925,0,1789.4340670435345
single,0,0.25,0.75,2018-04-12 00:00:00+00:00,12.105263157894736,10.925,0,1789.4340670435345
single,0,0.3,0.7,2018-04-12 00:00:00+00:00,12.105263157894736,10.925,0,1789.4340670435345
single,0,0.35,0.65,2018-04-12 00:00:00+00:00,12.105263157894736,10.925,0,1789.4340670435345
dual,0,0.05,0.95,2018-04-12 00:00:00+00:00,12.418772990124697,11.27807410505508,4,2964.1840233363164
dual,0,0.1,0.9,2018-04-12 00:00:00+00:00,12.203154047844448,11.192704909451367,4,2927.0295741690256
dual,0,0.15,0.85,2018-04-12 00:00:00+00:00,11.932473763457804,11.04182376331007,6,2927.860251112753
dual,0,0.2,0.8,2018-04-12 00:00:00+00:00,11.675116274131984,10.94726124006596,8,2916.430444479999
dual,0,0.25,0.75,2018-04-12 00:00:00+00:00,14.028845388943287,13.0071087605312,11,3018.502032169477
dual,0,0.3,0.7,2018-04-12 00:00:00+00:00,18.184989276553186,16.780374047798578,13,3032.695042267398
dual,0,0.35,0.65,2018-04-12 00:00:00+00:00,27.461172791062232,24.851129904738155,18,3412.7943212346536
single,0,0.05,0.95,2018-04-13 00:00:00+00:00,10.637119113573409,9.6,0,3294.9639301093544
single,0,0.1,0.9,2018-04-13 00:00:00+00:00,10.637119113573409,9.6,0,3294.9639301093544
single,0,0.15,0.85,2018-04-13 00:00:00+00:00,10.637119113573409,9.6,0,3294.9639301093544
single,0,0.2,0.8,2018-04-13 00:00:00+00:00,10.637119113573409,9.6,0,3294.9639301093544
single,0,0.25,0.75,2018-04-13 00:00:00+00:00,10.637119113573409,9.6,0,3294.9639301093544
single,0,0.3,0.7,2018-04-13 00:00:00+00:00,10.637119113573409,9.6,0,3294.9639301093544
single,0,0.35,0.65,2018-04-13 00:00:00+00:00,10.637119113573409,9.6,0,3294.9639301093544
dual,0,0.05,0.95,2018-04-13 00:00:00+00:00,10.195282829502665,9.17409040232121,2,3597.0196878468164
dual,0,0.1,0.9,2018-04-13 00:00:00+00:00,9.909411957353035,8.864597481147376,4,3607.1199169952065
dual,0,0.15,0.85,2018-04-13 00:00:00+00:00,9.747408294976005,8.820717005782328,8,3635.3704503622
dual,0,0.2,0.8,2018-04-13 00:00:00+00:00,9.409276761792418,8.619264576384433,9,3660.4064447913433
dual,0,0.25,0.75,2018-04-13 00:00:00+00:00,10.509769530467517,10.116167116264897,12,3729.0368961528543
dual,0,0.3,0.7,2018-04-13 00:00:00+00:00,9.93387647263521,9.801529208215623,13,3848.812392468084
dual,0,0.35,0.65,2018-04-13 00:00:00+00:00,20.02767954747668,17.43602630943466,20,3922.041073726992
single,0,0.05,0.95,2018-04-14 00:00:00+00:00,10.526315789473685,9.5,0,1888.239703226297
single,0,0.1,0.9,2018-04-14 00:00:00+00:00,10.526315789473685,9.5,0,1888.239703226297
single,0,0.15,0.85,2018-04-14 00:00:00+00:00,10.526315789473685,9.5,0,1888.239703226297
single,0,0.2,0.8,2018-04-14 00:00:00+00:00,10.526315789473685,9.5,0,1888.239703226297
single,0,0.25,0.75,2018-04-14 00:00:00+00:00,10.526315789473685,9.5,0,1888.239703226297
single,0,0.3,0.7,2018-04-14 00:00:00+00:00,10.526315789473685,9.5,0,1888.239703226297
single,0,0.35,0.65,2018-04-14 00:00:00+00:00,10.526315789473685,9.5,0,1888.239703226297
dual,0,0.05,0.95,2018-04-14 00:00:00+00:00,10.66344488051092,9.669242280004717,1,2323.314266681931
dual,0,0.1,0.9,2018-04-14 00:00:00+00:00,11.43850538909607,10.40871474168074,2,2324.161201284426
dual,0,0.15,0.85,2018-04-14 00:00:00+00:00,11.414686526634814,10.424716384928807,2,2316.7250957506676
dual,0,0.2,0.8,2018-04-14 00:00:00+00:00,11.950281192521443,10.838999567263453,4,2324.721168003266
dual,0,0.25,0.75,2018-04-14 00:00:00+00:00,13.365962208391771,12.096081967681648,9,2426.9133797951135
dual,0,0.3,0.7,2018-04-14 00:00:00+00:00,14.424139835138686,13.284432816502528,10,2434.7269226294125
dual,0,0.35,0.65,2018-04-14 00:00:00+00:00,21.81688956764752,19.939089549289058,17,2550.110831058793
single,0,0.05,0.95,2018-04-15 00:00:00+00:00,10.315789473684212,9.31,0,2876.779913481173
single,0,0.1,0.9,2018-04-15 00:00:00+00:00,10.315789473684212,9.31,0,2876.779913481173
single,0,0.15,0.85,2018-04-15 00:00:00+00:00,10.315789473684212,9.31,0,2876.779913481173
single,0,0.2,0.8,2018-04-15 00:00:00+00:00,10.315789473684212,9.31,0,2876.779913481173
single,0,0.25,0.75,2018-04-15 00:00:00+00:00,10.315789473684212,9.31,0,2876.779913481173
single,0,0.3,0.7,2018-04-15 00:00:00+00:00,10.315789473684212,9.31,0,2876.779913481173
single,0,0.35,0.65,2018-04-15 00:00:00+00:00,10.315789473684212,9.31,0,2876.779913481173
dual,0,0.05,0.95,2018-04-15 00:00:00+00:00,10.681086813866566,9.647008981954059,1,2955.4313504285606
dual,0,0.1,0.9,2018-04-15 00:00:00+00:00,10.953830737873524,9.885832240930855,0,2954.9150610738625
dual,0,0.15,0.85,2018-04-15 00:00:00+00:00,10.78255824867204,9.731258819426515,0,2947.616402229882
dual,0,0.2,0.8,2018-04-15 00:00:00+00:00,10.452023153926357,9.422983652125975,1,2943.2506760070455
dual,0,0.25,0.75,2018-04-15 00:00:00+00:00,10.028548482997557,8.910023335206018,7,2956.5497408060583
dual,0,0.3,0.7,2018-04-15 00:00:00+00:00,10.279321204481592,9.035816186274518,7,2946.94296928979
dual,0,0.35,0.65,2018-04-15 00:00:00+00:00,14.60629485577127,12.269779160725456,15,3261.5451633408757
single,0,0.05,0.95,2018-04-16 00:00:00+00:00,12.315789473684212,11.115,0,2124.2569619613378
single,0,0.1,0.9,2018-04-16 00:00:00+00:00,12.315789473684212,11.115,0,2124.2569619613378
single,0,0.15,0.85,2018-04-16 00:00:00+00:00,12.315789473684212,11.115,0,2124.2569619613378
single,0,0.2,0.8,2018-04-16 00:00:00+00:00,12.315789473684212,11.115,0,2124.2569619613378
single,0,0.25,0.75,2018-04-16 00:00:00+00:00,12.315789473684212,11.115,0,2124.2569619613378
single,0,0.3,0.7,2018-04-16 00:00:00+00:00,12.315789473684212,11.115,0,2124.2569619613378
single,0,0.35,0.65,2018-04-16 00:00:00+00:00,12.315789473684212,11.115,0,2124.2569619613378
dual,0,0.05,0.95,2018-04-16 00:00:00+00:00,12.117254763033404,10.935822423637648,2,2392.10256849571
dual,0,0.1,0.9,2018-04-16 00:00:00+00:00,11.753225490803082,10.607286005449781,5,2384.0915077716886
dual,0,0.15,0.85,2018-04-16 00:00:00+00:00,11.75345795100716,10.651458006914922,6,2372.9955328273527
dual,0,0.2,0.8,2018-04-16 00:00:00+00:00,12.087532549867266,11.228023825493947,13,2410.3834767702583
dual,0,0.25,0.75,2018-04-16 00:00:00+00:00,13.054185345422283,12.135217794353222,12,2435.9135600537516
dual,0,0.3,0.7,2018-04-16 00:00:00+00:00,14.459576416811933,13.36440574984529,14,2448.083530786924
dual,0,0.35,0.65,2018-04-16 00:00:00+00:00,22.809970987498556,19.58562765376048,17,2742.6836691161197
single,0,0.05,0.95,2018-04-17 00:00:00+00:00,10.31578947368421,9.31,0,3217.0330182340817
single,0,0.1,0.9,2018-04-17 00:00:00+00:00,10.31578947368421,9.31,0,3217.0330182340813
single,0,0.15,0.85,2018-04-17 00:00:00+00:00,10.31578947368421,9.31,0,3217.0330182340813
single,0,0.2,0.8,2018-04-17 00:00:00+00:00,10.31578947368421,9.31,0,3217.0330182340817
single,0,0.25,0.75,2018-04-17 00:00:00+00:00,10.31578947368421,9.31,0,3217.0330182340817
single,0,0.3,0.7,2018-04-17 00:00:00+00:00,10.31578947368421,9.31,0,3217.0330182340813
single,0,0.35,0.65,2018-04-17 00:00:00+00:00,10.31578947368421,9.31,0,3217.0330182340813
dual,0,0.05,0.95,2018-04-17 00:00:00+00:00,11.02254232533624,9.913928095903081,4,3361.585880159859
dual,0,0.1,0.9,2018-04-17 00:00:00+00:00,10.517442769053776,9.342481644092103,4,3364.751137829643
dual,0,0.15,0.85,2018-04-17 00:00:00+00:00,10.340206890285655,9.060460540151267,11,3371.7061990187913
dual,0,0.2,0.8,2018-04-17 00:00:00+00:00,10.180624002894271,8.856268745338795,13,3372.1608914547714
dual,0,0.25,0.75,2018-04-17 00:00:00+00:00,10.117460467972302,8.925348173238252,17,3350.0506494251404
dual,0,0.3,0.7,2018-04-17 00:00:00+00:00,10.234334612903764,8.861917726753635,18,3358.501118184072
dual,0,0.35,0.65,2018-04-17 00:00:00+00:00,9.392582236552371,7.378685546815396,19,3419.5979446029137
single,0,0.05,0.95,2018-04-18 00:00:00+00:00,8.421052631578949,7.6,0,1514.6717658709433
single,0,0.1,0.9,2018-04-18 00:00:00+00:00,8.421052631578949,7.6,0,1514.6717658709433
single,0,0.15,0.85,2018-04-18 00:00:00+00:00,8.421052631578949,7.6,0,1514.6717658709433
single,0,0.2,0.8,2018-04-18 00:00:00+00:00,8.421052631578949,7.6,0,1514.6717658709433
single,0,0.25,0.75,2018-04-18 00:00:00+00:00,8.421052631578949,7.6,0,1514.6717658709433
single,0,0.3,0.7,2018-04-18 00:00:00+00:00,8.421052631578949,7.6,0,1514.6717658709433
single,0,0.35,0.65,2018-04-18 00:00:00+00:00,8.421052631578949,7.6,0,1514.6717658709433
dual,0,0.05,0.95,2018-04-18 00:00:00+00:00,8.829213063943428,7.968364790208943,4,1629.5402838721877
dual,0,0.1,0.9,2018-04-18 00:00:00+00:00,8.395611457254459,7.585748179403337,5,1626.9960653215746
dual,0,0.15,0.85,2018-04-18 00:00:00+00:00,8.018777937127261,7.247979087289217,5,1632.036090591971
dual,0,0.2,0.8,2018-04-18 00:00:00+00:00,7.539446043500772,6.826394324079777,6,1633.475296528468
dual,0,0.25,0.75,2018-04-18 00:00:00+00:00,10.963847706224943,9.768591091433507,11,1835.3300684863718
dual,0,0.3,0.7,2018-04-18 00:00:00+00:00,14.005907558506244,11.615396217007167,12,1912.4041352691834
dual,0,0.35,0.65,2018-04-18 00:00:00+00:00,15.994404104992155,12.886239171546741,15,1928.7771732938718
single,0,0.05,0.95,2018-04-19 00:00:00+00:00,10.421052631578949,9.405,0,1467.3330581339894
single,0,0.1,0.9,2018-04-19 00:00:00+00:00,10.421052631578949,9.405,0,1467.3330581339894
single,0,0.15,0.85,2018-04-19 00:00:00+00:00,10.421052631578949,9.405,0,1467.3330581339894
single,0,0.2,0.8,2018-04-19 00:00:00+00:00,10.421052631578949,9.405,0,1467.3330581339894
single,0,0.25,0.75,2018-04-19 00:00:00+00:00,10.421052631578949,9.405,0,1467.3330581339894
single,0,0.3,0.7,2018-04-19 00:00:00+00:00,10.421052631578949,9.405,0,1467.3330581339894
single,0,0.35,0.65,2018-04-19 00:00:00+00:00,10.421052631578949,9.405,0,1467.3330581339894
dual,0,0.05,0.95,2018-04-19 00:00:00+00:00,10.556119379018671,9.526897739564353,0,1546.4444433193803
dual,0,0.1,0.9,2018-04-19 00:00:00+00:00,10.273534707318884,9.28462750068531,1,1554.4289759440371
dual,0,0.15,0.85,2018-04-19 00:00:00+00:00,9.953382004315351,9.00972336141841,1,1558.399949585625
dual,0,0.2,0.8,2018-04-19 00:00:00+00:00,9.448588172737065,8.566300738738338,2,1567.8660825854315
dual,0,0.25,0.75,2018-04-19 00:00:00+00:00,11.664278101253384,11.027899614714284,7,1604.3181604606293
dual,0,0.3,0.7,2018-04-19 00:00:00+00:00,12.5738869598808,11.815653087239735,4,1582.4389838497434
dual,0,0.35,0.65,2018-04-19 00:00:00+00:00,15.835963060143566,13.310540414379888,14,1775.451929826782
single,0,0.05,0.95,2018-04-20 00:00:00+00:00,8.421052631578949,7.6,0,1505.3422394521294
single,0,0.1,0.9,2018-04-20 00:00:00+00:00,8.421052631578949,7.6,0,1505.3422394521294
single,0,0.15,0.85,2018-04-20 00:00:00+00:00,8.421052631578949,7.6,0,1505.3422394521294
single,0,0.2,0.8,2018-04-20 00:00:00+00:00,8.421052631578949,7.6,0,1505.3422394521294
single,0,0.25,0.75,2018-04-20 00:00:00+00:00,8.421052631578949,7.6,0,1505.3422394521294
single,0,0.3,0.7,2018-04-20 00:00:00+00:00,8.421052631578949,7.6,0,1505.3422394521294
single,0,0.35,0.65,2018-04-20 00:00:00+00:00,8.421052631578949,7.6,0,1505.3422394521294
dual,0,0.05,0.95,2018-04-20 00:00:00+00:00,10.077365150790314,9.286003034225464,1,1989.429444853918
dual,0,0.1,0.9,2018-04-20 00:00:00+00:00,9.19819198668434,9.07237775683883,4,2020.20817293614
dual,0,0.15,0.85,2018-04-20 00:00:00+00:00,9.002660021893071,8.601705633693305,5,2010.254350980315
dual,0,0.2,0.8,2018-04-20 00:00:00+00:00,8.136950065834156,8.07720211135738,5,2015.509957906794
dual,0,0.25,0.75,2018-04-20 00:00:00+00:00,12.740691287924625,13.005924600126427,8,2124.594357852727
dual,0,0.3,0.7,2018-04-20 00:00:00+00:00,15.22874951273384,15.20045340581676,12,2187.4123386476795
dual,0,0.35,0.65,2018-04-20 00:00:00+00:00,27.052274583519484,24.514677811626335,14,2442.150281195652
single,0,0.05,0.95,2018-04-21 00:00:00+00:00,10.315789473684212,9.309999999999999,0,1704.757651028983
single,0,0.1,0.9,2018-04-21 00:00:00+00:00,10.315789473684212,9.309999999999999,0,1704.757651028983
single,0,0.15,0.85,2018-04-21 00:00:00+00:00,10.315789473684212,9.309999999999999,0,1704.757651028983
single,0,0.2,0.8,2018-04-21 00:00:00+00:00,10.315789473684212,9.309999999999999,0,1704.757651028983
single,0,0.25,0.75,2018-04-21 00:00:00+00:00,10.31578947368421,9.309999999999999,0,1704.757651028983
single,0,0.3,0.7,2018-04-21 00:00:00+00:00,10.31578947368421,9.309999999999999,0,1704.757651028983
single,0,0.35,0.65,2018-04-21 00:00:00+00:00,10.31578947368421,9.309999999999999,0,1704.757651028983
dual,0,0.05,0.95,2018-04-21 00:00:00+00:00,11.622329144013477,10.544707172718851,3,1894.5619095335067
dual,0,0.1,0.9,2018-04-21 00:00:00+00:00,11.009881426293894,9.93641798723024,4,1864.068164819531
dual,0,0.15,0.85,2018-04-21 00:00:00+00:00,10.270404602570586,9.269040153819954,6,1812.0338465431223
dual,0,0.2,0.8,2018-04-21 00:00:00+00:00,10.02573468584683,9.045299805112126,9,1807.3724298807097
dual,0,0.25,0.75,2018-04-21 00:00:00+00:00,13.717976145611761,12.892745323399494,14,2024.9374549837692
dual,0,0.3,0.7,2018-04-21 00:00:00+00:00,16.37828876748125,14.628461064306313,16,1929.713660187932
dual,0,0.35,0.65,2018-04-21 00:00:00+00:00,17.07798489776449,15.257164752269132,21,2216.00102460298
single,0,0.05,0.95,2018-04-22 00:00:00+00:00,12.421052631578949,11.209999999999999,0,1642.4053935925974
single,0,0.1,0.9,2018-04-22 00:00:00+00:00,12.421052631578949,11.209999999999999,0,1642.4053935925974
single,0,0.15,0.85,2018-04-22 00:00:00+00:00,12.421052631578949,11.209999999999999,0,1642.4053935925974
single,0,0.2,0.8,2018-04-22 00:00:00+00:00,12.421052631578947,11.209999999999999,0,1642.4053935925974
single,0,0.25,0.75,2018-04-22 00:00:00+00:00,12.421052631578949,11.209999999999999,0,1642.4053935925974
single,0,0.3,0.7,2018-04-22 00:00:00+00:00,12.421052631578949,11.209999999999999,0,1642.4053935925974
single,0,0.35,0.65,2018-04-22 00:00:00+00:00,12.421052631578949,11.209999999999999,0,1642.4053935925974
dual,0,0.05,0.95,2018-04-22 00:00:00+00:00,11.802180253842591,10.651467679092939,0,1774.5576047349407
dual,0,0.1,0.9,2018-04-22 00:00:00+00:00,12.12018069358872,10.944912595812514,1,1769.3787512726583
dual,0,0.15,0.85,2018-04-22 00:00:00+00:00,11.806832311894754,10.703910300987324,2,1759.8185091806142
dual,0,0.2,0.8,2018-04-22 00:00:00+00:00,11.715244333596205,10.642002941013892,2,1760.7743391357003
dual,0,0.25,0.75,2018-04-22 00:00:00+00:00,13.160313328468117,12.652959620233277,10,1773.9613127928242
dual,0,0.3,0.7,2018-04-22 00:00:00+00:00,12.15006923014018,11.870113559318872,12,1803.799684186896
dual,0,0.35,0.65,2018-04-22 00:00:00+00:00,15.056614094490492,13.286957916058345,16,2054.10470573474
single,0,0.05,0.95,2018-04-23 00:00:00+00:00,12.421052631578949,11.21,0,1710.3351980650132
single,0,0.1,0.9,2018-04-23 00:00:00+00:00,12.421052631578949,11.21,0,1710.3351980650132
single,0,0.15,0.85,2018-04-23 00:00:00+00:00,12.421052631578949,11.21,0,1710.3351980650132
single,0,0.2,0.8,2018-04-23 00:00:00+00:00,12.421052631578949,11.21,0,1710.3351980650132
single,0,0.25,0.75,2018-04-23 00:00:00+00:00,12.421052631578949,11.21,0,1710.3351980650132
single,0,0.3,0.7,2018-04-23 00:00:00+00:00,12.421052631578949,11.21,0,1710.3351980650132
single,0,0.35,0.65,2018-04-23 00:00:00+00:00,12.421052631578949,11.21,0,1710.3351980650132
dual,0,0.05,0.95,2018-04-23 00:00:00+00:00,12.877356713227888,11.78390786893379,4,2257.1579001327364
dual,0,0.1,0.9,2018-04-23 00:00:00+00:00,12.141162072983938,11.326838759890956,4,2273.154773699418
dual,0,0.15,0.85,2018-04-23 00:00:00+00:00,11.170760696959357,10.50809298313103,9,2327.487248566749
dual,0,0.2,0.8,2018-04-23 00:00:00+00:00,9.976897918529083,9.491072579873688,8,2346.0984432556647
dual,0,0.25,0.75,2018-04-23 00:00:00+00:00,10.39785687612981,10.089976645789111,9,2407.2671644485545
dual,0,0.3,0.7,2018-04-23 00:00:00+00:00,10.927673251011756,10.54860454621846,11,2396.4753573913217
dual,0,0.35,0.65,2018-04-23 00:00:00+00:00,24.495384416692694,22.207565045885442,16,2480.608324685253
single,0,0.05,0.95,2018-04-24 00:00:00+00:00,10.421052631578949,9.405,0,3326.5476780575214
single,0,0.1,0.9,2018-04-24 00:00:00+00:00,10.421052631578949,9.405,0,3326.5476780575214
single,0,0.15,0.85,2018-04-24 00:00:00+00:00,10.421052631578949,9.405,0,3326.5476780575214
single,0,0.2,0.8,2018-04-24 00:00:00+00:00,10.421052631578949,9.405,0,3326.5476780575214
single,0,0.25,0.75,2018-04-24 00:00:00+00:00,10.421052631578949,9.405,0,3326.5476780575214
single,0,0.3,0.7,2018-04-24 00:00:00+00:00,10.421052631578949,9.405,0,3326.5476780575214
single,0,0.35,0.65,2018-04-24 00:00:00+00:00,10.421052631578949,9.405,0,3326.5476780575214
dual,0,0.05,0.95,2018-04-24 00:00:00+00:00,10.400364411469841,9.396424572436393,1,3393.1318571383154
dual,0,0.1,0.9,2018-04-24 00:00:00+00:00,10.034605296791701,9.043117152295121,2,3383.851898769798
dual,0,0.15,0.85,2018-04-24 00:00:00+00:00,9.520399312303935,8.494911328953393,5,3375.96318408565
dual,0,0.2,0.8,2018-04-24 00:00:00+00:00,8.836096675120858,7.895785183939303,8,3360.2873109224843
dual,0,0.25,0.75,2018-04-24 00:00:00+00:00,8.759115208222365,7.886783197647794,9,3344.402884130628
dual,0,0.3,0.7,2018-04-24 00:00:00+00:00,8.67373793630426,7.814502710661801,9,3341.286233717401
dual,0,0.35,0.65,2018-04-24 00:00:00+00:00,10.243189316278803,8.573398713372633,17,3469.1859796055774
single,0,0.05,0.95,2018-04-25 00:00:00+00:00,8.421052631578949,7.6,0,1877.4968570118747
single,0,0.1,0.9,2018-04-25 00:00:00+00:00,8.421052631578949,7.6,0,1877.4968570118747
single,0,0.15,0.85,2018-04-25 00:00:00+00:00,8.421052631578949,7.6,0,1877.4968570118747
single,0,0.2,0.8,2018-04-25 00:00:00+00:00,8.421052631578949,7.6,0,1877.4968570118747
single,0,0.25,0.75,2018-04-25 00:00:00+00:00,8.421052631578949,7.6,0,1877.4968570118747
single,0,0.3,0.7,2018-04-25 00:00:00+00:00,8.421052631578949,7.6,0,1877.4968570118747
single,0,0.35,0.65,2018-04-25 00:00:00+00:00,8.421052631578949,7.6,0,1877.4968570118747
dual,0,0.05,0.95,2018-04-25 00:00:00+00:00,11.527078131684641,10.891153044442284,4,2330.755149680499
dual,0,0.1,0.9,2018-04-25 00:00:00+00:00,10.952059598314042,10.343085719063176,7,2338.2945384485797
dual,0,0.15,0.85,2018-04-25 00:00:00+00:00,10.720970392212518,10.25873245063662,7,2329.5615830849765
dual,0,0.2,0.8,2018-04-25 00:00:00+00:00,10.561941114071287,10.397580921414638,7,2318.7977221949186
dual,0,0.25,0.75,2018-04-25 00:00:00+00:00,11.764358796889113,11.820179223092865,12,2424.9724742354488
dual,0,0.3,0.7,2018-04-25 00:00:00+00:00,14.551987745130736,14.38208310748277,12,2461.439228941668
dual,0,0.35,0.65,2018-04-25 00:00:00+00:00,22.56688944302819,20.46661772233294,18,2570.6562418836916
single,0,0.05,0.95,2018-04-26 00:00:00+00:00,10.537396121883656,9.51,0,1901.3882134810488
single,0,0.1,0.9,2018-04-26 00:00:00+00:00,10.537396121883656,9.51,0,1901.3882134810488
single,0,0.15,0.85,2018-04-26 00:00:00+00:00,10.537396121883656,9.51,0,1901.3882134810488
single,0,0.2,0.8,2018-04-26 00:00:00+00:00,10.537396121883656,9.51,0,1901.3882134810488
single,0,0.25,0.75,2018-04-26 00:00:00+00:00,10.537396121883656,9.51,0,1901.388213481049
single,0,0.3,0.7,2018-04-26 00:00:00+00:00,10.537396121883656,9.51,0,1901.388213481049
single,0,0.35,0.65,2018-04-26 00:00:00+00:00,10.537396121883656,9.51,0,1901.388213481049
dual,0,0.05,0.95,2018-04-26 00:00:00+00:00,14.088132043120217,12.741769572248206,6,2448.154853370539
dual,0,0.1,0.9,2018-04-26 00:00:00+00:00,13.792194216860807,12.476933077126738,6,2444.687376907123
dual,0,0.15,0.85,2018-04-26 00:00:00+00:00,13.964028984161462,12.642251929480434,9,2421.109686884978
dual,0,0.2,0.8,2018-04-26 00:00:00+00:00,13.308476475536743,12.038607348642799,11,2405.6098542320406
dual,0,0.25,0.75,2018-04-26 00:00:00+00:00,13.193210510881531,11.906374676449591,11,2495.033535445232
dual,0,0.3,0.7,2018-04-26 00:00:00+00:00,16.60714872228385,14.976896034393032,9,2459.2766957258386
dual,0,0.35,0.65,2018-04-26 00:00:00+00:00,18.107134788818456,16.60019162609477,18,2544.545778590971
single,0,0.05,0.95,2018-04-27 00:00:00+00:00,10.105263157894736,9.12,0,3295.083587630313
single,0,0.1,0.9,2018-04-27 00:00:00+00:00,10.105263157894736,9.12,0,3295.083587630313
single,0,0.15,0.85,2018-04-27 00:00:00+00:00,10.105263157894736,9.12,0,3295.083587630313
single,0,0.2,0.8,2018-04-27 00:00:00+00:00,10.105263157894736,9.12,0,3295.083587630313
single,0,0.25,0.75,2018-04-27 00:00:00+00:00,10.105263157894736,9.12,0,3295.083587630313
single,0,0.3,0.7,2018-04-27 00:00:00+00:00,10.105263157894736,9.12,0,3295.083587630313
single,0,0.35,0.65,2018-04-27 00:00:00+00:00,10.105263157894736,9.12,0,3295.083587630313
dual,0,0.05,0.95,2018-04-27 00:00:00+00:00,9.927406229415064,8.943599874556003,1,3505.974270691824
dual,0,0.1,0.9,2018-04-27 00:00:00+00:00,9.967356555262466,8.961005798635068,8,3495.3351422210526
dual,0,0.15,0.85,2018-04-27 00:00:00+00:00,10.563959971162141,9.20980363062851,7,3490.515406488103
dual,0,0.2,0.8,2018-04-27 00:00:00+00:00,10.34915100550729,9.09035163435236,8,3506.9571538553537
dual,0,0.25,0.75,2018-04-27 00:00:00+00:00,9.865906464498297,8.75458456926075,13,3826.674738111392
dual,0,0.3,0.7,2018-04-27 00:00:00+00:00,9.863159701927875,8.796812597914942,11,3774.0572600724076
dual,0,0.35,0.65,2018-04-27 00:00:00+00:00,18.979683227732302,16.191519489226092,21,4086.3207716235256
single,0,0.05,0.95,2018-04-28 00:00:00+00:00,12.421052631578949,11.21,0,3291.363822212567
single,0,0.1,0.9,2018-04-28 00:00:00+00:00,12.421052631578949,11.21,0,3291.363822212567
single,0,0.15,0.85,2018-04-28 00:00:00+00:00,12.421052631578949,11.21,0,3291.363822212567
single,0,0.2,0.8,2018-04-28 00:00:00+00:00,12.421052631578949,11.21,0,3291.363822212567
single,0,0.25,0.75,2018-04-28 00:00:00+00:00,12.421052631578949,11.21,0,3291.363822212567
single,0,0.3,0.7,2018-04-28 00:00:00+00:00,12.421052631578949,11.21,0,3291.363822212567
single,0,0.35,0.65,2018-04-28 00:00:00+00:00,12.421052631578949,11.21,0,3291.363822212567
dual,0,0.05,0.95,2018-04-28 00:00:00+00:00,12.728296750555668,11.47198262048939,3,3368.145944425048
dual,0,0.1,0.9,2018-04-28 00:00:00+00:00,11.394281079989184,10.25711093489746,6,3355.9474189876278
dual,0,0.15,0.85,2018-04-28 00:00:00+00:00,11.225657137583699,10.114184163411021,10,3335.931356055141
dual,0,0.2,0.8,2018-04-28 00:00:00+00:00,11.437446286241657,10.118245968489356,13,3345.278558988536
dual,0,0.25,0.75,2018-04-28 00:00:00+00:00,10.899703158500373,9.442867471363709,15,3350.6949546150317
dual,0,0.3,0.7,2018-04-28 00:00:00+00:00,10.709502664458165,8.570329211384589,15,3393.248622090173
dual,0,0.35,0.65,2018-04-28 00:00:00+00:00,8.960029855172273,6.473256792078288,22,3436.7071190510487
single,0,0.05,0.95,2018-04-29 00:00:00+00:00,10.31578947368421,9.31,0,2594.061189652892
single,0,0.1,0.9,2018-04-29 00:00:00+00:00,10.31578947368421,9.31,0,2594.061189652892
single,0,0.15,0.85,2018-04-29 00:00:00+00:00,10.31578947368421,9.31,0,2594.061189652892
single,0,0.2,0.8,2018-04-29 00:00:00+00:00,10.31578947368421,9.31,0,2594.061189652892
single,0,0.25,0.75,2018-04-29 00:00:00+00:00,10.31578947368421,9.31,0,2594.061189652892
single,0,0.3,0.7,2018-04-29 00:00:00+00:00,10.31578947368421,9.31,0,2594.061189652892
single,0,0.35,0.65,2018-04-29 00:00:00+00:00,10.31578947368421,9.31,0,2594.061189652892
dual,0,0.05,0.95,2018-04-29 00:00:00+00:00,12.303038216915702,11.311099294826684,2,2998.0657656076733
dual,0,0.1,0.9,2018-04-29 00:00:00+00:00,12.114419177944956,11.138011469730989,4,2957.44553512469
dual,0,0.15,0.85,2018-04-29 00:00:00+00:00,11.587858795206028,10.533357484522003,6,2937.8896797886878
dual,0,0.2,0.8,2018-04-29 00:00:00+00:00,11.028870735930546,9.750673805112438,5,2891.973718640511
dual,0,0.25,0.75,2018-04-29 00:00:00+00:00,14.430903501394951,12.568648376656844,10,3004.5708329027602
dual,0,0.3,0.7,2018-04-29 00:00:00+00:00,14.155167874750541,12.384730800052106,12,3034.0994019902746
dual,0,0.35,0.65,2018-04-29 00:00:00+00:00,17.5101090806723,16.085052190790105,19,2970.714784379201
single,0,0.05,0.95,2018-04-30 00:00:00+00:00,8.421052631578949,7.6,0,1679.6729484785278
single,0,0.1,0.9,2018-04-30 00:00:00+00:00,8.421052631578949,7.6,0,1679.6729484785278
single,0,0.15,0.85,2018-04-30 00:00:00+00:00,8.421052631578949,7.6,0,1679.6729484785278
single,0,0.2,0.8,2018-04-30 00:00:00+00:00,8.421052631578949,7.6,0,1679.6729484785278
single,0,0.25,0.75,2018-04-30 00:00:00+00:00,8.421052631578949,7.6,0,1679.6729484785278
single,0,0.3,0.7,2018-04-30 00:00:00+00:00,8.421052631578949,7.6,0,1679.6729484785278
single,0,0.35,0.65,2018-04-30 00:00:00+00:00,8.421052631578949,7.6,0,1679.6729484785278
dual,0,0.05,0.95,2018-04-30 00:00:00+00:00,11.379360447541941,10.316802015793796,1,2431.4561690210144
dual,0,0.1,0.9,2018-04-30 00:00:00+00:00,10.732822716061284,9.686372501245309,2,2432.034452636878
dual,0,0.15,0.85,2018-04-30 00:00:00+00:00,10.64918508614998,9.69309415078548,5,2448.0344963779144
dual,0,0.2,0.8,2018-04-30 00:00:00+00:00,10.512110984652498,10.035004098572646,7,2470.9258432065244
dual,0,0.25,0.75,2018-04-30 00:00:00+00:00,10.773702381194656,11.024814000377631,9,2505.657535586263
dual,0,0.3,0.7,2018-04-30 00:00:00+00:00,12.814304415924331,12.653151568126297,12,2543.4424969858323
dual,0,0.35,0.65,2018-04-30 00:00:00+00:00,24.422978481044048,21.622390843234836,18,2688.8994247377786
single,0,0.05,0.95,2018-05-01 00:00:00+00:00,8.421052631578949,7.6,0,2172.7524895764604
single,0,0.1,0.9,2018-05-01 00:00:00+00:00,8.421052631578949,7.6,0,2172.7524895764604
single,0,0.15,0.85,2018-05-01 00:00:00+00:00,8.421052631578949,7.6,0,2172.7524895764604
single,0,0.2,0.8,2018-05-01 00:00:00+00:00,8.421052631578949,7.6,0,2172.7524895764604
single,0,0.25,0.75,2018-05-01 00:00:00+00:00,8.421052631578949,7.6,0,2172.7524895764604
single,0,0.3,0.7,2018-05-01 00:00:00+00:00,8.421052631578949,7.6,0,2172.7524895764604
single,0,0.35,0.65,2018-05-01 00:00:00+00:00,8.421052631578949,7.6,0,2172.7524895764604
dual,0,0.05,0.95,2018-05-01 00:00:00+00:00,11.061747882195817,10.054597257988664,4,2717.820682667078
dual,0,0.1,0.9,2018-05-01 00:00:00+00:00,10.79479261123317,9.748245226138529,7,2701.5299182060685
dual,0,0.15,0.85,2018-05-01 00:00:00+00:00,11.117648099693909,9.995073818492127,10,2602.0452375905797
dual,0,0.2,0.8,2018-05-01 00:00:00+00:00,10.442117381321232,9.564745171805857,12,2593.5684680352933
dual,0,0.25,0.75,2018-05-01 00:00:00+00:00,16.502909113835717,15.036891744573275,14,2920.953373710119
dual,0,0.3,0.7,2018-05-01 00:00:00+00:00,17.399037208313196,15.861272903334807,15,2999.743182852313
dual,0,0.35,0.65,2018-05-01 00:00:00+00:00,18.844963207711302,16.521510677070744,17,3063.446703240653
single,0,0.05,0.95,2018-05-02 00:00:00+00:00,10.315789473684212,9.309999999999999,0,2114.734540630116
single,0,0.1,0.9,2018-05-02 00:00:00+00:00,10.315789473684212,9.309999999999999,0,2114.734540630116
single,0,0.15,0.85,2018-05-02 00:00:00+00:00,10.315789473684212,9.309999999999999,0,2114.734540630116
single,0,0.2,0.8,2018-05-02 00:00:00+00:00,10.315789473684212,9.309999999999999,0,2114.734540630116
single,0,0.25,0.75,2018-05-02 00:00:00+00:00,10.315789473684212,9.309999999999999,0,2114.734540630116
single,0,0.3,0.7,2018-05-02 00:00:00+00:00,10.315789473684212,9.309999999999999,0,2114.734540630116
single,0,0.35,0.65,2018-05-02 00:00:00+00:00,10.315789473684212,9.309999999999999,0,2114.734540630116
dual,0,0.05,0.95,2018-05-02 00:00:00+00:00,10.832286541900867,9.776138604065533,0,2296.031035434899
dual,0,0.1,0.9,2018-05-02 00:00:00+00:00,10.184623457661752,9.191622670539733,0,2270.146364347803
dual,0,0.15,0.85,2018-05-02 00:00:00+00:00,9.991083929667086,9.016953246524546,0,2263.335350979295
dual,0,0.2,0.8,2018-05-02 00:00:00+00:00,9.607069024136969,8.582901843531834,1,2267.7559993473583
dual,0,0.25,0.75,2018-05-02 00:00:00+00:00,9.535814752588719,8.08494239555426,11,2315.956910371331
dual,0,0.3,0.7,2018-05-02 00:00:00+00:00,9.949446406327946,7.9324614092941435,12,2317.940956895045
dual,0,0.35,0.65,2018-05-02 00:00:00+00:00,12.838021685176642,9.896655016873227,18,2431.8153566674855
single,0,0.05,0.95,2018-05-03 00:00:00+00:00,8.421052631578949,7.6,0,1771.0551811848718
single,0,0.1,0.9,2018-05-03 00:00:00+00:00,8.421052631578949,7.6,0,1771.0551811848718
single,0,0.15,0.85,2018-05-03 00:00:00+00:00,8.421052631578949,7.6,0,1771.0551811848718
single,0,0.2,0.8,2018-05-03 00:00:00+00:00,8.421052631578949,7.6,0,1771.0551811848718
single,0,0.25,0.75,2018-05-03 00:00:00+00:00,8.421052631578949,7.6,0,1771.0551811848718
single,0,0.3,0.7,2018-05-03 00:00:00+00:00,8.421052631578949,7.6,0,1771.0551811848718
single,0,0.35,0.65,2018-05-03 00:00:00+00:00,8.421052631578949,7.6,0,1771.0551811848718
dual,0,0.05,0.95,2018-05-03 00:00:00+00:00,9.31787918560592,8.509196394159115,4,2017.3825647606936
dual,0,0.1,0.9,2018-05-03 00:00:00+00:00,8.798452211875315,8.172505466893682,3,2031.3926698415337
dual,0,0.15,0.85,2018-05-03 00:00:00+00:00,8.68162884933604,8.1128421875159,4,2033.8687369153536
dual,0,0.2,0.8,2018-05-03 00:00:00+00:00,9.159650813313043,8.487332383422018,7,2073.1753838779346
dual,0,0.25,0.75,2018-05-03 00:00:00+00:00,13.078070334706677,12.221335931134877,9,2170.3346971258834
dual,0,0.3,0.7,2018-05-03 00:00:00+00:00,12.613356619807464,11.581713480661994,10,2189.967555329008
dual,0,0.35,0.65,2018-05-03 00:00:00+00:00,20.313011570108394,17.301316627581965,17,2372.007810207132
single,0,0.05,0.95,2018-05-04 00:00:00+00:00,10.315789473684212,9.31,0,2321.0312492734593
single,0,0.1,0.9,2018-05-04 00:00:00+00:00,10.315789473684212,9.31,0,2321.0312492734593
single,0,0.15,0.85,2018-05-04 00:00:00+00:00,10.315789473684212,9.31,0,2321.0312492734593
single,0,0.2,0.8,2018-05-04 00:00:00+00:00,10.315789473684212,9.309999999999999,0,2321.0312492734593
single,0,0.25,0.75,2018-05-04 00:00:00+00:00,10.315789473684212,9.309999999999999,0,2321.0312492734593
single,0,0.3,0.7,2018-05-04 00:00:00+00:00,10.315789473684212,9.31,0,2321.0312492734593
single,0,0.35,0.65,2018-05-04 00:00:00+00:00,10.315789473684212,9.31,0,2321.0312492734593
dual,0,0.05,0.95,2018-05-04 00:00:00+00:00,10.140819762943835,8.73834174056903,4,2548.6937382035408
dual,0,0.1,0.9,2018-05-04 00:00:00+00:00,10.571552308616798,8.519901563302522,8,2590.463407271981
dual,0,0.15,0.85,2018-05-04 00:00:00+00:00,10.40180004223203,8.894460340594641,10,2547.286786249285
dual,0,0.2,0.8,2018-05-04 00:00:00+00:00,10.170507046138416,8.803889572578381,11,2533.4673565930816
dual,0,0.25,0.75,2018-05-04 00:00:00+00:00,10.247492395936192,7.763510712743987,11,2589.496450444849
dual,0,0.3,0.7,2018-05-04 00:00:00+00:00,10.267264000330595,7.366205760298362,12,2639.117604069541
dual,0,0.35,0.65,2018-05-04 00:00:00+00:00,6.9660872491014585,4.386893742314067,21,2876.617013861399
single,0,0.05,0.95,2018-05-05 00:00:00+00:00,10.31578947368421,9.309999999999999,0,1219.3695013870245
single,0,0.1,0.9,2018-05-05 00:00:00+00:00,10.31578947368421,9.309999999999999,0,1219.3695013870245
single,0,0.15,0.85,2018-05-05 00:00:00+00:00,10.31578947368421,9.309999999999999,0,1219.3695013870245
single,0,0.2,0.8,2018-05-05 00:00:00+00:00,10.31578947368421,9.309999999999999,0,1219.3695013870245
single,0,0.25,0.75,2018-05-05 00:00:00+00:00,10.31578947368421,9.309999999999999,0,1219.3695013870245
single,0,0.3,0.7,2018-05-05 00:00:00+00:00,10.31578947368421,9.309999999999999,0,1219.3695013870245
single,0,0.35,0.65,2018-05-05 00:00:00+00:00,10.31578947368421,9.309999999999999,0,1219.3695013870245
dual,0,0.05,0.95,2018-05-05 00:00:00+00:00,10.167623380150244,9.176280100585597,0,1299.004815122386
dual,0,0.1,0.9,2018-05-05 00:00:00+00:00,10.007087075856973,9.034394010772665,1,1295.5791412631463
dual,0,0.15,0.85,2018-05-05 00:00:00+00:00,9.902421193858416,8.936935127457222,0,1292.327185838709
dual,0,0.2,0.8,2018-05-05 00:00:00+00:00,11.887765841120663,10.716127325663553,4,1292.9085354053418
dual,0,0.25,0.75,2018-05-05 00:00:00+00:00,13.782172764698753,12.841996440823962,7,1361.3788133848918
dual,0,0.3,0.7,2018-05-05 00:00:00+00:00,14.935052721391312,13.360125134202535,9,1372.14882674393
dual,0,0.35,0.65,2018-05-05 00:00:00+00:00,16.281278367909763,13.58333628252587,17,1446.2393453275467
single,0,0.05,0.95,2018-05-06 00:00:00+00:00,8.421052631578947,7.6,0,1065.5793231216533
single,0,0.1,0.9,2018-05-06 00:00:00+00:00,8.421052631578947,7.6,0,1065.5793231216533
single,0,0.15,0.85,2018-05-06 00:00:00+00:00,8.421052631578947,7.6,0,1065.5793231216533
single,0,0.2,0.8,2018-05-06 00:00:00+00:00,8.421052631578947,7.6,0,1065.5793231216533
single,0,0.25,0.75,2018-05-06 00:00:00+00:00,8.421052631578947,7.6,0,1065.5793231216533
single,0,0.3,0.7,2018-05-06 00:00:00+00:00,8.421052631578947,7.6,0,1065.5793231216533
single,0,0.35,0.65,2018-05-06 00:00:00+00:00,8.421052631578947,7.6,0,1065.5793231216533
dual,0,0.05,0.95,2018-05-06 00:00:00+00:00,7.998577786955174,7.22051671725989,1,1316.7329695120573
dual,0,0.1,0.9,2018-05-06 00:00:00+00:00,8.150184492412272,7.4211233272090045,1,1311.6712208765002
dual,0,0.15,0.85,2018-05-06 00:00:00+00:00,8.396462801845182,7.6498289271431785,3,1313.9800863934508
dual,0,0.2,0.8,2018-05-06 00:00:00+00:00,9.05797614828489,8.38833442151131,9,1384.7786039960888
dual,0,0.25,0.75,2018-05-06 00:00:00+00:00,15.160268946701475,13.64762750246497,11,1462.820713561975
dual,0,0.3,0.7,2018-05-06 00:00:00+00:00,17.63817527905291,15.81588599976446,10,1516.2332437989178
dual,0,0.35,0.65,2018-05-06 00:00:00+00:00,23.251245511682743,19.39214221136731,14,1726.9635918197225
single,0,0.05,0.95,2018-05-07 00:00:00+00:00,8.421052631578949,7.6,0,1683.5825899674335
single,0,0.1,0.9,2018-05-07 00:00:00+00:00,8.421052631578949,7.6,0,1683.5825899674335
single,0,0.15,0.85,2018-05-07 00:00:00+00:00,8.421052631578949,7.6,0,1683.5825899674335
single,0,0.2,0.8,2018-05-07 00:00:00+00:00,8.421052631578949,7.6,0,1683.5825899674335
single,0,0.25,0.75,2018-05-07 00:00:00+00:00,8.421052631578949,7.6,0,1683.5825899674335
single,0,0.3,0.7,2018-05-07 00:00:00+00:00,8.421052631578949,7.6,0,1683.5825899674335
single,0,0.35,0.65,2018-05-07 00:00:00+00:00,8.421052631578949,7.6,0,1683.5825899674335
dual,0,0.05,0.95,2018-05-07 00:00:00+00:00,8.799765394341101,7.872805345583043,3,1732.0222689860648
dual,0,0.1,0.9,2018-05-07 00:00:00+00:00,8.405540629631174,7.2474450337315135,4,1739.324562523917
dual,0,0.15,0.85,2018-05-07 00:00:00+00:00,8.724756722676029,7.1275062325778675,5,1748.724820923993
dual,0,0.2,0.8,2018-05-07 00:00:00+00:00,8.85883659539738,7.486725587075474,9,1727.9683341031591
dual,0,0.25,0.75,2018-05-07 00:00:00+00:00,9.024411857416348,7.6846764802538665,16,1818.8507268935473
dual,0,0.3,0.7,2018-05-07 00:00:00+00:00,9.034594544417669,7.925985027261228,14,1801.5828243570184
dual,0,0.35,0.65,2018-05-07 00:00:00+00:00,6.944114850990262,5.790132752486835,21,1863.9748025901554
single,0,0.05,0.95,2018-05-08 00:00:00+00:00,10.315789473684209,9.31,0,3070.834371508636
single,0,0.1,0.9,2018-05-08 00:00:00+00:00,10.315789473684209,9.31,0,3070.834371508636
single,0,0.15,0.85,2018-05-08 00:00:00+00:00,10.315789473684209,9.31,0,3070.834371508636
single,0,0.2,0.8,2018-05-08 00:00:00+00:00,10.315789473684209,9.31,0,3070.834371508636
single,0,0.25,0.75,2018-05-08 00:00:00+00:00,10.315789473684209,9.31,0,3070.834371508636
single,0,0.3,0.7,2018-05-08 00:00:00+00:00,10.315789473684209,9.31,0,3070.834371508636
single,0,0.35,0.65,2018-05-08 00:00:00+00:00,10.315789473684209,9.31,0,3070.834371508636
dual,0,0.05,0.95,2018-05-08 00:00:00+00:00,9.635540659350601,8.696075445063919,10,3244.8962055826887
dual,0,0.1,0.9,2018-05-08 00:00:00+00:00,10.148663996377419,8.642901261124662,9,3273.103809494002
dual,0,0.15,0.85,2018-05-08 00:00:00+00:00,10.024381701476878,8.495906177240226,12,3274.4520619419823
dual,0,0.2,0.8,2018-05-08 00:00:00+00:00,9.519886960996079,8.20028019086591,14,3262.6722513402847
dual,0,0.25,0.75,2018-05-08 00:00:00+00:00,8.268157516670911,7.428713118007941,17,3232.6086107145466
dual,0,0.3,0.7,2018-05-08 00:00:00+00:00,8.338512906886567,7.465934127559639,16,3248.478414690929
dual,0,0.35,0.65,2018-05-08 00:00:00+00:00,7.973287454017441,6.910748271491026,19,3264.2526138848316
single,0,0.05,0.95,2018-05-09 00:00:00+00:00,10.315789473684209,9.309999999999999,0,2372.211516075586
single,0,0.1,0.9,2018-05-09 00:00:00+00:00,10.315789473684209,9.309999999999999,0,2372.211516075586
single,0,0.15,0.85,2018-05-09 00:00:00+00:00,10.315789473684209,9.309999999999999,0,2372.211516075586
single,0,0.2,0.8,2018-05-09 00:00:00+00:00,10.315789473684209,9.309999999999999,0,2372.211516075586
single,0,0.25,0.75,2018-05-09 00:00:00+00:00,10.315789473684209,9.309999999999999,0,2372.211516075586
single,0,0.3,0.7,2018-05-09 00:00:00+00:00,10.315789473684209,9.309999999999999,0,2372.211516075586
single,0,0.35,0.65,2018-05-09 00:00:00+00:00,10.315789473684209,9.309999999999999,0,2372.211516075586
dual,0,0.05,0.95,2018-05-09 00:00:00+00:00,11.28466497640731,10.1844101412076,3,2588.0624777637076
dual,0,0.1,0.9,2018-05-09 00:00:00+00:00,11.002273352714933,9.929551700825225,4,2587.7840698684035
dual,0,0.15,0.85,2018-05-09 00:00:00+00:00,10.46027880951623,9.434613128868985,6,2584.7351299209136
dual,0,0.2,0.8,2018-05-09 00:00:00+00:00,10.050261880910822,9.058304469452956,6,2600.442130687705
dual,0,0.25,0.75,2018-05-09 00:00:00+00:00,10.26476459209507,9.3589500443658,13,2620.2201777336404
dual,0,0.3,0.7,2018-05-09 00:00:00+00:00,9.984595507500638,9.106097445519325,12,2686.0060493775786
dual,0,0.35,0.65,2018-05-09 00:00:00+00:00,13.401723898619654,11.780130770829661,18,2819.80665558011
single,0,0.05,0.95,2018-05-10 00:00:00+00:00,10.537396121883656,9.51,0,1834.58764649031
single,0,0.1,0.9,2018-05-10 00:00:00+00:00,10.537396121883656,9.51,0,1834.58764649031
single,0,0.15,0.85,2018-05-10 00:00:00+00:00,10.537396121883656,9.51,0,1834.58764649031
single,0,0.2,0.8,2018-05-10 00:00:00+00:00,10.537396121883656,9.51,0,1834.58764649031
single,0,0.25,0.75,2018-05-10 00:00:00+00:00,10.537396121883656,9.51,0,1834.58764649031
single,0,0.3,0.7,2018-05-10 00:00:00+00:00,10.537396121883656,9.51,0,1834.58764649031
single,0,0.35,0.65,2018-05-10 00:00:00+00:00,10.537396121883656,9.51,0,1834.58764649031
dual,0,0.05,0.95,2018-05-10 00:00:00+00:00,13.201807983499746,11.918289859545286,2,1946.7997767201646
dual,0,0.1,0.9,2018-05-10 00:00:00+00:00,12.480366714348007,11.220498827175481,2,1953.4956237118606
dual,0,0.15,0.85,2018-05-10 00:00:00+00:00,11.746367041411617,10.550855526812047,7,1947.0521797503106
dual,0,0.2,0.8,2018-05-10 00:00:00+00:00,11.693414306116505,10.50980539580054,6,1956.215121750587
dual,0,0.25,0.75,2018-05-10 00:00:00+00:00,13.831209293116952,12.82912062510882,11,1997.5193800486172
dual,0,0.3,0.7,2018-05-10 00:00:00+00:00,14.251804242165669,13.142506915394534,11,2037.227955235769
dual,0,0.35,0.65,2018-05-10 00:00:00+00:00,14.465882893144741,14.336803501503054,14,2061.6867608301245
single,0,0.05,0.95,2018-05-11 00:00:00+00:00,10.526315789473685,9.5,0,2854.9591945738157
single,0,0.1,0.9,2018-05-11 00:00:00+00:00,10.526315789473685,9.5,0,2854.9591945738157
single,0,0.15,0.85,2018-05-11 00:00:00+00:00,10.526315789473685,9.5,0,2854.9591945738157
single,0,0.2,0.8,2018-05-11 00:00:00+00:00,10.526315789473685,9.5,0,2854.9591945738157
single,0,0.25,0.75,2018-05-11 00:00:00+00:00,10.526315789473685,9.5,0,2854.9591945738157
single,0,0.3,0.7,2018-05-11 00:00:00+00:00,10.526315789473685,9.5,0,2854.9591945738157
single,0,0.35,0.65,2018-05-11 00:00:00+00:00,10.526315789473685,9.5,0,2854.9591945738157
dual,0,0.05,0.95,2018-05-11 00:00:00+00:00,10.613784331704064,9.506192175158816,4,2914.011239113188
dual,0,0.1,0.9,2018-05-11 00:00:00+00:00,10.452377078289805,9.409224037396168,7,2901.438668868027
dual,0,0.15,0.85,2018-05-11 00:00:00+00:00,10.471021962853513,9.473203175072928,12,2896.3445792443995
dual,0,0.2,0.8,2018-05-11 00:00:00+00:00,10.36307807311086,9.284060553440387,14,2888.208926780223
dual,0,0.25,0.75,2018-05-11 00:00:00+00:00,10.423110108626517,9.5,20,3050.7628200944437
dual,0,0.3,0.7,2018-05-11 00:00:00+00:00,10.42153797651592,9.5,19,3073.906198231853
dual,0,0.35,0.65,2018-05-11 00:00:00+00:00,8.838771601321207,8.727485906177023,19,3003.896062948272
single,0,0.05,0.95,2018-05-12 00:00:00+00:00,8.421052631578949,7.6,0,2326.2802868628573
single,0,0.1,0.9,2018-05-12 00:00:00+00:00,8.421052631578949,7.6000000000000005,0,2326.2802868628573
single,0,0.15,0.85,2018-05-12 00:00:00+00:00,8.421052631578949,7.6000000000000005,0,2326.2802868628573
single,0,0.2,0.8,2018-05-12 00:00:00+00:00,8.421052631578949,7.6000000000000005,0,2326.2802868628573
single,0,0.25,0.75,2018-05-12 00:00:00+00:00,8.421052631578949,7.6,0,2326.2802868628573
single,0,0.3,0.7,2018-05-12 00:00:00+00:00,8.421052631578949,7.6,0,2326.2802868628573
single,0,0.35,0.65,2018-05-12 00:00:00+00:00,8.421052631578949,7.6000000000000005,0,2326.2802868628573
dual,0,0.05,0.95,2018-05-12 00:00:00+00:00,9.910376416526152,8.982079021787756,3,2495.043338159635
dual,0,0.1,0.9,2018-05-12 00:00:00+00:00,9.69267784162415,8.79009701530548,4,2471.1189726445114
dual,0,0.15,0.85,2018-05-12 00:00:00+00:00,9.54057812950123,8.539880697256145,9,2506.4924235736667
dual,0,0.2,0.8,2018-05-12 00:00:00+00:00,9.462066752646972,8.248793570723953,11,2485.988822396539
dual,0,0.25,0.75,2018-05-12 00:00:00+00:00,9.830105074363644,8.966669829613188,15,2544.088142648302
dual,0,0.3,0.7,2018-05-12 00:00:00+00:00,10.740899033323636,9.788661377574583,15,2576.488144941354
dual,0,0.35,0.65,2018-05-12 00:00:00+00:00,12.608622806292205,11.078903518129987,21,2655.9098631775105
single,0,0.05,0.95,2018-05-13 00:00:00+00:00,8.421052631578949,7.6,0,1904.275229375041
single,0,0.1,0.9,2018-05-13 00:00:00+00:00,8.421052631578949,7.6,0,1904.275229375041
single,0,0.15,0.85,2018-05-13 00:00:00+00:00,8.421052631578949,7.6,0,1904.275229375041
single,0,0.2,0.8,2018-05-13 00:00:00+00:00,8.421052631578949,7.6,0,1904.275229375041
single,0,0.25,0.75,2018-05-13 00:00:00+00:00,8.421052631578949,7.6,0,1904.275229375041
single,0,0.3,0.7,2018-05-13 00:00:00+00:00,8.421052631578949,7.6,0,1904.275229375041
single,0,0.35,0.65,2018-05-13 00:00:00+00:00,8.421052631578949,7.6,0,1904.275229375041
dual,0,0.05,0.95,2018-05-13 00:00:00+00:00,9.850120554798977,8.885297476169276,1,2059.552898515483
dual,0,0.1,0.9,2018-05-13 00:00:00+00:00,9.494245648159222,8.193601130756255,5,2075.3254944093055
dual,0,0.15,0.85,2018-05-13 00:00:00+00:00,8.999713928681047,7.637152392196974,9,2082.1814802733943
dual,0,0.2,0.8,2018-05-13 00:00:00+00:00,8.311073841140413,6.947134192611715,10,2088.6358418481727
dual,0,0.25,0.75,2018-05-13 00:00:00+00:00,10.877676426901882,9.262266543521905,14,2166.535456220463
dual,0,0.3,0.7,2018-05-13 00:00:00+00:00,11.381929305741584,9.565451059389463,14,2200.00117938185
dual,0,0.35,0.65,2018-05-13 00:00:00+00:00,12.43937874685103,10.530924977726078,14,2250.691573145539
single,0,0.05,0.95,2018-05-14 00:00:00+00:00,10.31578947368421,9.309999999999999,0,1546.3170724144757
single,0,0.1,0.9,2018-05-14 00:00:00+00:00,10.31578947368421,9.309999999999999,0,1546.3170724144757
single,0,0.15,0.85,2018-05-14 00:00:00+00:00,10.31578947368421,9.309999999999999,0,1546.3170724144757
single,0,0.2,0.8,2018-05-14 00:00:00+00:00,10.31578947368421,9.309999999999999,0,1546.3170724144757
single,0,0.25,0.75,2018-05-14 00:00:00+00:00,10.31578947368421,9.309999999999999,0,1546.3170724144757
single,0,0.3,0.7,2018-05-14 00:00:00+00:00,10.31578947368421,9.309999999999999,0,1546.3170724144757
single,0,0.35,0.65,2018-05-14 00:00:00+00:00,10.31578947368421,9.309999999999999,0,1546.3170724144757
dual,0,0.05,0.95,2018-05-14 00:00:00+00:00,11.404330465496246,10.292439005665472,3,1670.3464087549198
dual,0,0.1,0.9,2018-05-14 00:00:00+00:00,10.646230379910538,9.610965922545763,5,1659.583729012606
dual,0,0.15,0.85,2018-05-14 00:00:00+00:00,10.403387552565908,9.484278960568862,4,1641.4623734092456
dual,0,0.2,0.8,2018-05-14 00:00:00+00:00,10.527201097818818,9.940212157048112,8,1675.540427999337
dual,0,0.25,0.75,2018-05-14 00:00:00+00:00,11.326025000115102,10.67466397058235,10,1744.2777109267204
dual,0,0.3,0.7,2018-05-14 00:00:00+00:00,11.713536139305685,10.981774682253917,9,1785.5471087674493
dual,0,0.35,0.65,2018-05-14 00:00:00+00:00,18.290869099056295,15.823368898960895,19,2011.6863893869513
single,0,0.05,0.95,2018-05-15 00:00:00+00:00,10.637119113573405,9.6,0,1650.14106852317
single,0,0.1,0.9,2018-05-15 00:00:00+00:00,10.637119113573405,9.6,0,1650.14106852317
single,0,0.15,0.85,2018-05-15 00:00:00+00:00,10.637119113573405,9.6,0,1650.14106852317
single,0,0.2,0.8,2018-05-15 00:00:00+00:00,10.637119113573405,9.6,0,1650.14106852317
single,0,0.25,0.75,2018-05-15 00:00:00+00:00,10.637119113573405,9.6,0,1650.14106852317
single,0,0.3,0.7,2018-05-15 00:00:00+00:00,10.637119113573405,9.6,0,1650.14106852317
single,0,0.35,0.65,2018-05-15 00:00:00+00:00,10.637119113573405,9.6,0,1650.14106852317
dual,0,0.05,0.95,2018-05-15 00:00:00+00:00,9.833978399286163,8.875183799772081,1,1704.2775556349698
dual,0,0.1,0.9,2018-05-15 00:00:00+00:00,9.055805019572427,8.133317662300232,3,1708.5854493217128
dual,0,0.15,0.85,2018-05-15 00:00:00+00:00,9.328978646458916,8.138048051265095,3,1707.1606390113304
dual,0,0.2,0.8,2018-05-15 00:00:00+00:00,9.397386232033778,8.180959458565303,6,1696.0205013338282
dual,0,0.25,0.75,2018-05-15 00:00:00+00:00,10.121750775059908,9.051316779950945,11,1717.61831745901
dual,0,0.3,0.7,2018-05-15 00:00:00+00:00,12.187602256506695,10.660243534235917,10,1732.5384717510585
dual,0,0.35,0.65,2018-05-15 00:00:00+00:00,13.232992494125236,10.972094844922076,15,1825.0417706641174
single,0,0.05,0.95,2018-05-16 00:00:00+00:00,12.210526315789474,11.02,0,2834.079653651653
single,0,0.1,0.9,2018-05-16 00:00:00+00:00,12.210526315789474,11.02,0,2834.079653651653
single,0,0.15,0.85,2018-05-16 00:00:00+00:00,12.210526315789474,11.02,0,2834.079653651653
single,0,0.2,0.8,2018-05-16 00:00:00+00:00,12.210526315789474,11.02,0,2834.079653651653
single,0,0.25,0.75,2018-05-16 00:00:00+00:00,12.210526315789474,11.02,0,2834.079653651653
single,0,0.3,0.7,2018-05-16 00:00:00+00:00,12.210526315789474,11.02,0,2834.079653651653
single,0,0.35,0.65,2018-05-16 00:00:00+00:00,12.210526315789474,11.02,0,2834.079653651653
dual,0,0.05,0.95,2018-05-16 00:00:00+00:00,12.502423410488236,11.287345813033387,5,3043.2340860145214
dual,0,0.1,0.9,2018-05-16 00:00:00+00:00,11.929877284107938,10.838255850104897,6,3045.7006681689268
dual,0,0.15,0.85,2018-05-16 00:00:00+00:00,12.079090241072143,11.057983341639648,7,3023.915956797946
dual,0,0.2,0.8,2018-05-16 00:00:00+00:00,11.828975166619506,10.930451946004823,7,3043.126565477212
dual,0,0.25,0.75,2018-05-16 00:00:00+00:00,12.095817746614125,11.75048675348278,11,3282.0508866648997
dual,0,0.3,0.7,2018-05-16 00:00:00+00:00,12.416861407954222,12.056664438525525,14,3308.125052907017
dual,0,0.35,0.65,2018-05-16 00:00:00+00:00,16.363740294754574,13.497131567426596,19,3597.0725359278827
single,0,0.05,0.95,2018-05-17 00:00:00+00:00,10.315789473684212,9.31,0,1571.504327476124
single,0,0.1,0.9,2018-05-17 00:00:00+00:00,10.315789473684212,9.31,0,1571.504327476124
single,0,0.15,0.85,2018-05-17 00:00:00+00:00,10.315789473684212,9.31,0,1571.504327476124
single,0,0.2,0.8,2018-05-17 00:00:00+00:00,10.315789473684212,9.31,0,1571.504327476124
single,0,0.25,0.75,2018-05-17 00:00:00+00:00,10.315789473684212,9.31,0,1571.504327476124
single,0,0.3,0.7,2018-05-17 00:00:00+00:00,10.315789473684212,9.31,0,1571.504327476124
single,0,0.35,0.65,2018-05-17 00:00:00+00:00,10.315789473684212,9.31,0,1571.504327476124
dual,0,0.05,0.95,2018-05-17 00:00:00+00:00,9.014353450179435,8.10397275543664,7,1650.3253458472461
dual,0,0.1,0.9,2018-05-17 00:00:00+00:00,9.197367400414517,8.120669331529378,10,1657.6285607281998
dual,0,0.15,0.85,2018-05-17 00:00:00+00:00,9.258977727023941,8.041552825276865,12,1664.8177112430847
dual,0,0.2,0.8,2018-05-17 00:00:00+00:00,9.597173783041615,8.309213644449795,13,1666.3569956643937
dual,0,0.25,0.75,2018-05-17 00:00:00+00:00,9.977457101613679,8.864991452436133,18,1675.6124017111035
dual,0,0.3,0.7,2018-05-17 00:00:00+00:00,9.716150214954375,8.719066333329302,19,1665.7705576420203
dual,0,0.35,0.65,2018-05-17 00:00:00+00:00,9.453184483705538,8.471143773884872,23,1679.205501577421
single,0,0.05,0.95,2018-05-18 00:00:00+00:00,10.31578947368421,9.31,0,1821.8161671929008
single,0,0.1,0.9,2018-05-18 00:00:00+00:00,10.31578947368421,9.31,0,1821.8161671929008
single,0,0.15,0.85,2018-05-18 00:00:00+00:00,10.31578947368421,9.31,0,1821.8161671929008
single,0,0.2,0.8,2018-05-18 00:00:00+00:00,10.31578947368421,9.31,0,1821.8161671929008
single,0,0.25,0.75,2018-05-18 00:00:00+00:00,10.31578947368421,9.31,0,1821.8161671929008
single,0,0.3,0.7,2018-05-18 00:00:00+00:00,10.31578947368421,9.31,0,1821.8161671929008
single,0,0.35,0.65,2018-05-18 00:00:00+00:00,10.31578947368421,9.31,0,1821.8161671929008
dual,0,0.05,0.95,2018-05-18 00:00:00+00:00,10.03657747595143,9.058011172046168,2,1900.8207828811192
dual,0,0.1,0.9,2018-05-18 00:00:00+00:00,9.928008944843649,8.960028072721393,3,1898.3362056581059
dual,0,0.15,0.85,2018-05-18 00:00:00+00:00,9.055793429669997,8.172853570277171,5,1901.6316758659532
dual,0,0.2,0.8,2018-05-18 00:00:00+00:00,8.589050489711532,7.7516180669646575,6,1897.2704281682954
dual,0,0.25,0.75,2018-05-18 00:00:00+00:00,11.16400454345009,9.592919974582248,13,2044.3262235126135
dual,0,0.3,0.7,2018-05-18 00:00:00+00:00,12.793288091616295,10.705242932955152,14,2089.2532839839955
dual,0,0.35,0.65,2018-05-18 00:00:00+00:00,15.568986743628013,12.52607914698988,18,2182.676962276299
single,0,0.05,0.95,2018-05-19 00:00:00+00:00,10.526315789473683,9.5,0,1227.7086129326271
single,0,0.1,0.9,2018-05-19 00:00:00+00:00,10.526315789473683,9.5,0,1227.7086129326271
single,0,0.15,0.85,2018-05-19 00:00:00+00:00,10.526315789473683,9.5,0,1227.7086129326271
single,0,0.2,0.8,2018-05-19 00:00:00+00:00,10.526315789473683,9.5,0,1227.7086129326271
single,0,0.25,0.75,2018-05-19 00:00:00+00:00,10.526315789473683,9.5,0,1227.7086129326271
single,0,0.3,0.7,2018-05-19 00:00:00+00:00,10.526315789473683,9.5,0,1227.7086129326271
single,0,0.35,0.65,2018-05-19 00:00:00+00:00,10.526315789473683,9.5,0,1227.7086129326271
dual,0,0.05,0.95,2018-05-19 00:00:00+00:00,9.996835215040557,9.033335153553104,1,1344.8784642212886
dual,0,0.1,0.9,2018-05-19 00:00:00+00:00,10.506320192629717,9.477218032554948,5,1344.3558347201665
dual,0,0.15,0.85,2018-05-19 00:00:00+00:00,10.652111318075088,9.607761880523295,5,1332.047276083332
dual,0,0.2,0.8,2018-05-19 00:00:00+00:00,10.494442404398455,9.800024727165303,5,1345.1933317890312
dual,0,0.25,0.75,2018-05-19 00:00:00+00:00,16.9065827786999,14.5846842231996,12,1480.93508328899
dual,0,0.3,0.7,2018-05-19 00:00:00+00:00,21.871199816007653,18.83194742466551,13,1574.5432484424787
dual,0,0.35,0.65,2018-05-19 00:00:00+00:00,21.316597703665884,18.258746779142015,15,1660.2286509430633
single,0,0.05,0.95,2018-05-20 00:00:00+00:00,8.53185595567867,7.7,0,1062.5067695881637
single,0,0.1,0.9,2018-05-20 00:00:00+00:00,8.53185595567867,7.7,0,1062.5067695881637
single,0,0.15,0.85,2018-05-20 00:00:00+00:00,8.53185595567867,7.7,0,1062.5067695881637
single,0,0.2,0.8,2018-05-20 00:00:00+00:00,8.53185595567867,7.7,0,1062.5067695881637
single,0,0.25,0.75,2018-05-20 00:00:00+00:00,8.53185595567867,7.7,0,1062.5067695881637
single,0,0.3,0.7,2018-05-20 00:00:00+00:00,8.53185595567867,7.7,0,1062.5067695881637
single,0,0.35,0.65,2018-05-20 00:00:00+00:00,8.53185595567867,7.7,0,1062.5067695881637
dual,0,0.05,0.95,2018-05-20 00:00:00+00:00,10.698281666681513,9.817451882679833,6,1666.4220393540736
dual,0,0.1,0.9,2018-05-20 00:00:00+00:00,10.235480600956166,9.501411292827543,6,1675.2493283442332
dual,0,0.15,0.85,2018-05-20 00:00:00+00:00,9.492339772376257,8.871948684586915,7,1683.000252924159
dual,0,0.2,0.8,2018-05-20 00:00:00+00:00,9.253125950071146,8.66370367165564,8,1706.1646243215916
dual,0,0.25,0.75,2018-05-20 00:00:00+00:00,21.89694513608304,18.399900384602944,11,1971.578597043531
dual,0,0.3,0.7,2018-05-20 00:00:00+00:00,24.224474358866217,20.534381723265497,14,2002.7458566232713
dual,0,0.35,0.65,2018-05-20 00:00:00+00:00,32.3892032193188,27.946519948804266,18,2061.7227743358217
single,0,0.05,0.95,2018-05-21 00:00:00+00:00,10.31578947368421,9.31,0,1265.134924913039
single,0,0.1,0.9,2018-05-21 00:00:00+00:00,10.31578947368421,9.31,0,1265.134924913039
single,0,0.15,0.85,2018-05-21 00:00:00+00:00,10.31578947368421,9.31,0,1265.134924913039
single,0,0.2,0.8,2018-05-21 00:00:00+00:00,10.31578947368421,9.31,0,1265.134924913039
single,0,0.25,0.75,2018-05-21 00:00:00+00:00,10.31578947368421,9.31,0,1265.134924913039
single,0,0.3,0.7,2018-05-21 00:00:00+00:00,10.31578947368421,9.31,0,1265.134924913039
single,0,0.35,0.65,2018-05-21 00:00:00+00:00,10.31578947368421,9.31,0,1265.134924913039
dual,0,0.05,0.95,2018-05-21 00:00:00+00:00,11.138727383690997,10.265716481976275,3,1695.0712537737209
dual,0,0.1,0.9,2018-05-21 00:00:00+00:00,10.643327402132584,9.77967854012276,4,1676.7067609960836
dual,0,0.15,0.85,2018-05-21 00:00:00+00:00,11.213017471453046,10.116158737037537,5,1644.2744394640754
dual,0,0.2,0.8,2018-05-21 00:00:00+00:00,10.273090736727214,9.264603089965224,4,1650.605626471205
dual,0,0.25,0.75,2018-05-21 00:00:00+00:00,13.172924961543352,12.073320081659823,12,1767.0835019800847
dual,0,0.3,0.7,2018-05-21 00:00:00+00:00,15.680792139449384,14.257711318717003,11,1784.580942612596
dual,0,0.35,0.65,2018-05-21 00:00:00+00:00,22.720669716009724,19.571736909798176,16,2069.8700221441145
single,0,0.05,0.95,2018-05-22 00:00:00+00:00,8.321329639889196,7.51,0,1467.5212003860856
single,0,0.1,0.9,2018-05-22 00:00:00+00:00,8.321329639889196,7.51,0,1467.5212003860856
single,0,0.15,0.85,2018-05-22 00:00:00+00:00,8.321329639889196,7.51,0,1467.5212003860856
single,0,0.2,0.8,2018-05-22 00:00:00+00:00,8.321329639889196,7.51,0,1467.5212003860856
single,0,0.25,0.75,2018-05-22 00:00:00+00:00,8.321329639889196,7.51,0,1467.5212003860856
single,0,0.3,0.7,2018-05-22 00:00:00+00:00,8.321329639889196,7.51,0,1467.5212003860856
single,0,0.35,0.65,2018-05-22 00:00:00+00:00,8.321329639889196,7.51,0,1467.5212003860856
dual,0,0.05,0.95,2018-05-22 00:00:00+00:00,10.617713061000037,9.943745588425067,3,1790.709847619314
dual,0,0.1,0.9,2018-05-22 00:00:00+00:00,11.55508413943983,10.825001282247703,2,1755.3408485031782
dual,0,0.15,0.85,2018-05-22 00:00:00+00:00,11.609653446402877,10.899474321442113,4,1696.6701349827529
dual,0,0.2,0.8,2018-05-22 00:00:00+00:00,12.2992411474468,11.614948971415775,5,1729.1459583236551
dual,0,0.25,0.75,2018-05-22 00:00:00+00:00,15.946302855227213,14.721996639531216,9,1773.6984655623776
dual,0,0.3,0.7,2018-05-22 00:00:00+00:00,18.60344993386053,16.599174537870702,14,1847.917219781103
dual,0,0.35,0.65,2018-05-22 00:00:00+00:00,19.743366485674336,18.01843304949528,18,1947.7176452269255
single,0,0.05,0.95,2018-05-23 00:00:00+00:00,8.421052631578949,7.6,0,1140.8831122921915
single,0,0.1,0.9,2018-05-23 00:00:00+00:00,8.421052631578949,7.6,0,1140.8831122921915
single,0,0.15,0.85,2018-05-23 00:00:00+00:00,8.421052631578949,7.6,0,1140.8831122921915
single,0,0.2,0.8,2018-05-23 00:00:00+00:00,8.421052631578949,7.6,0,1140.8831122921915
single,0,0.25,0.75,2018-05-23 00:00:00+00:00,8.421052631578949,7.6,0,1140.8831122921915
single,0,0.3,0.7,2018-05-23 00:00:00+00:00,8.421052631578949,7.6,0,1140.8831122921915
single,0,0.35,0.65,2018-05-23 00:00:00+00:00,8.421052631578949,7.6,0,1140.8831122921915
dual,0,0.05,0.95,2018-05-23 00:00:00+00:00,9.941444474736102,8.972153638449333,0,1758.5266099593307
dual,0,0.1,0.9,2018-05-23 00:00:00+00:00,9.873518414823739,9.004846680673115,1,1756.8219377500513
dual,0,0.15,0.85,2018-05-23 00:00:00+00:00,9.320038530870125,8.585072083164736,1,1759.8691270850923
dual,0,0.2,0.8,2018-05-23 00:00:00+00:00,8.948380317823098,8.635523211665731,3,1784.800572173123
dual,0,0.25,0.75,2018-05-23 00:00:00+00:00,17.191779861726264,14.703545420199852,6,1946.903034758311
dual,0,0.3,0.7,2018-05-23 00:00:00+00:00,19.42455427534908,17.66840813652523,8,2094.357286551529
dual,0,0.35,0.65,2018-05-23 00:00:00+00:00,28.778972711187382,26.068022871846615,18,2133.8127659080506
single,0,0.05,0.95,2018-05-24 00:00:00+00:00,10.315789473684212,9.31,0,2626.6528410552046
single,0,0.1,0.9,2018-05-24 00:00:00+00:00,10.315789473684212,9.31,0,2626.6528410552046
single,0,0.15,0.85,2018-05-24 00:00:00+00:00,10.315789473684212,9.31,0,2626.6528410552046
single,0,0.2,0.8,2018-05-24 00:00:00+00:00,10.315789473684212,9.31,0,2626.6528410552046
single,0,0.25,0.75,2018-05-24 00:00:00+00:00,10.315789473684212,9.31,0,2626.652841055204
single,0,0.3,0.7,2018-05-24 00:00:00+00:00,10.315789473684212,9.31,0,2626.652841055204
single,0,0.35,0.65,2018-05-24 00:00:00+00:00,10.315789473684212,9.31,0,2626.6528410552046
dual,0,0.05,0.95,2018-05-24 00:00:00+00:00,8.789021641618014,7.886761637008504,1,2981.8609232262265
dual,0,0.1,0.9,2018-05-24 00:00:00+00:00,7.3081262688306765,6.8292643149605095,5,3022.7511945491706
dual,0,0.15,0.85,2018-05-24 00:00:00+00:00,6.723449942018918,6.148778480801743,10,3066.0323071502376
dual,0,0.2,0.8,2018-05-24 00:00:00+00:00,6.751896023129682,6.022982999472311,12,3051.485833301875
dual,0,0.25,0.75,2018-05-24 00:00:00+00:00,7.0484192486561055,6.273307215991153,12,3122.0554524121617
dual,0,0.3,0.7,2018-05-24 00:00:00+00:00,7.283959895738738,6.576634973980539,13,3135.0105736439473
dual,0,0.35,0.65,2018-05-24 00:00:00+00:00,12.44158921000533,11.835638539646265,17,3095.1877605178456
single,0,0.05,0.95,2018-05-25 00:00:00+00:00,10.637119113573409,9.6,0,2289.109703917278
single,0,0.1,0.9,2018-05-25 00:00:00+00:00,10.637119113573409,9.6,0,2289.109703917278
single,0,0.15,0.85,2018-05-25 00:00:00+00:00,10.637119113573409,9.6,0,2289.109703917278
single,0,0.2,0.8,2018-05-25 00:00:00+00:00,10.637119113573409,9.6,0,2289.109703917278
single,0,0.25,0.75,2018-05-25 00:00:00+00:00,10.637119113573409,9.6,0,2289.109703917278
single,0,0.3,0.7,2018-05-25 00:00:00+00:00,10.637119113573409,9.6,0,2289.109703917278
single,0,0.35,0.65,2018-05-25 00:00:00+00:00,10.637119113573409,9.6,0,2289.109703917278
dual,0,0.05,0.95,2018-05-25 00:00:00+00:00,11.435435737788385,10.351108077857708,1,2844.1248085907314
dual,0,0.1,0.9,2018-05-25 00:00:00+00:00,11.30694045006327,10.345889563439663,2,2822.31619742471
dual,0,0.15,0.85,2018-05-25 00:00:00+00:00,10.94479083306426,10.045565932165658,2,2823.3085230004285
dual,0,0.2,0.8,2018-05-25 00:00:00+00:00,10.677525270499572,9.716815818268813,4,2825.5878769438805
dual,0,0.25,0.75,2018-05-25 00:00:00+00:00,9.687235213659296,9.076330030148803,10,2984.8469122311776
dual,0,0.3,0.7,2018-05-25 00:00:00+00:00,9.39682754304661,8.762796768481245,13,3046.4152089502004
dual,0,0.35,0.65,2018-05-25 00:00:00+00:00,15.669525575819414,14.146167578143912,17,2997.5027627423306
single,0,0.05,0.95,2018-05-26 00:00:00+00:00,12.421052631578949,11.21,0,1850.121248652813
single,0,0.1,0.9,2018-05-26 00:00:00+00:00,12.421052631578949,11.21,0,1850.121248652813
single,0,0.15,0.85,2018-05-26 00:00:00+00:00,12.421052631578949,11.21,0,1850.121248652813
single,0,0.2,0.8,2018-05-26 00:00:00+00:00,12.421052631578949,11.21,0,1850.121248652813
single,0,0.25,0.75,2018-05-26 00:00:00+00:00,12.421052631578949,11.21,0,1850.121248652813
single,0,0.3,0.7,2018-05-26 00:00:00+00:00,12.421052631578949,11.21,0,1850.121248652813
single,0,0.35,0.65,2018-05-26 00:00:00+00:00,12.421052631578949,11.21,0,1850.121248652813
dual,0,0.05,0.95,2018-05-26 00:00:00+00:00,12.635282042975877,11.418685901918753,1,2167.628869233996
dual,0,0.1,0.9,2018-05-26 00:00:00+00:00,11.661429821817837,10.759276989281487,3,2170.0767388892104
dual,0,0.15,0.85,2018-05-26 00:00:00+00:00,11.16900366918053,10.240454864560485,7,2143.410100699017
dual,0,0.2,0.8,2018-05-26 00:00:00+00:00,10.818561161547686,9.58977568581355,7,2171.747424846988
dual,0,0.25,0.75,2018-05-26 00:00:00+00:00,11.850218811881811,10.648153399688288,9,2226.588508276096
dual,0,0.3,0.7,2018-05-26 00:00:00+00:00,11.814836020685426,10.750826543806202,10,2318.591847848452
dual,0,0.35,0.65,2018-05-26 00:00:00+00:00,16.707958143360386,13.178932224382748,18,2530.8274313867205
single,0,0.05,0.95,2018-05-27 00:00:00+00:00,14.74792243767313,13.31,0,1034.3043869006005
single,0,0.1,0.9,2018-05-27 00:00:00+00:00,14.74792243767313,13.31,0,1034.3043869006005
single,0,0.15,0.85,2018-05-27 00:00:00+00:00,14.74792243767313,13.31,0,1034.3043869006005
single,0,0.2,0.8,2018-05-27 00:00:00+00:00,14.74792243767313,13.31,0,1034.3043869006005
single,0,0.25,0.75,2018-05-27 00:00:00+00:00,14.74792243767313,13.31,0,1034.3043869006005
single,0,0.3,0.7,2018-05-27 00:00:00+00:00,14.74792243767313,13.31,0,1034.3043869006005
single,0,0.35,0.65,2018-05-27 00:00:00+00:00,14.74792243767313,13.31,0,1034.3043869006005
dual,0,0.05,0.95,2018-05-27 00:00:00+00:00,13.724840964089015,12.48150272926395,3,1686.9174113126335
dual,0,0.1,0.9,2018-05-27 00:00:00+00:00,13.569187845089765,12.3869628428472,3,1679.4194229368409
dual,0,0.15,0.85,2018-05-27 00:00:00+00:00,12.971456501953242,11.79104775646104,5,1673.8463840319812
dual,0,0.2,0.8,2018-05-27 00:00:00+00:00,12.893402558679488,11.814902351321795,6,1681.0744386172364
dual,0,0.25,0.75,2018-05-27 00:00:00+00:00,24.153872552543717,22.107986777863992,12,1870.8617543815303
dual,0,0.3,0.7,2018-05-27 00:00:00+00:00,25.596127954577096,23.471045389511175,17,1935.2980553266648
dual,0,0.35,0.65,2018-05-27 00:00:00+00:00,28.773864978027376,26.095314805014354,22,2060.813458555487
single,0,0.05,0.95,2018-05-28 00:00:00+00:00,10.74792243767313,9.7,0,1157.167736351384
single,0,0.1,0.9,2018-05-28 00:00:00+00:00,10.74792243767313,9.7,0,1157.167736351384
single,0,0.15,0.85,2018-05-28 00:00:00+00:00,10.74792243767313,9.7,0,1157.167736351384
single,0,0.2,0.8,2018-05-28 00:00:00+00:00,10.74792243767313,9.7,0,1157.167736351384
single,0,0.25,0.75,2018-05-28 00:00:00+00:00,10.74792243767313,9.7,0,1157.167736351384
single,0,0.3,0.7,2018-05-28 00:00:00+00:00,10.74792243767313,9.7,0,1157.167736351384
single,0,0.35,0.65,2018-05-28 00:00:00+00:00,10.74792243767313,9.7,0,1157.167736351384
dual,0,0.05,0.95,2018-05-28 00:00:00+00:00,13.714362328382038,13.18762905865544,5,2677.031787209156
dual,0,0.1,0.9,2018-05-28 00:00:00+00:00,14.696299534558047,14.240981690397794,4,2687.5289080805314
dual,0,0.15,0.85,2018-05-28 00:00:00+00:00,14.991139317327006,14.955565984565407,8,2721.142190252719
dual,0,0.2,0.8,2018-05-28 00:00:00+00:00,14.674360037547636,14.694905572222542,7,2708.7694589070966
dual,0,0.25,0.75,2018-05-28 00:00:00+00:00,25.342665519056556,24.595166583279195,16,2746.6872635405775
dual,0,0.3,0.7,2018-05-28 00:00:00+00:00,29.824754992471483,27.011841380705512,17,2868.388486340955
dual,0,0.35,0.65,2018-05-28 00:00:00+00:00,35.46214490670142,32.099585778298035,18,2784.580461521922
single,0,0.05,0.95,2018-05-29 00:00:00+00:00,14.421052631578947,13.015,0,2709.1313037344107
single,0,0.1,0.9,2018-05-29 00:00:00+00:00,14.421052631578947,13.015,0,2709.1313037344107
single,0,0.15,0.85,2018-05-29 00:00:00+00:00,14.421052631578947,13.015,0,2709.1313037344107
single,0,0.2,0.8,2018-05-29 00:00:00+00:00,14.421052631578947,13.015,0,2709.1313037344107
single,0,0.25,0.75,2018-05-29 00:00:00+00:00,14.421052631578947,13.015,0,2709.1313037344107
single,0,0.3,0.7,2018-05-29 00:00:00+00:00,14.421052631578947,13.015,0,2709.1313037344107
single,0,0.35,0.65,2018-05-29 00:00:00+00:00,14.421052631578947,13.015,0,2709.1313037344107
dual,0,0.05,0.95,2018-05-29 00:00:00+00:00,13.341836307016926,12.041007267082776,0,2872.1777287933546
dual,0,0.1,0.9,2018-05-29 00:00:00+00:00,12.403761627176703,11.194394868526976,0,2860.0568597524134
dual,0,0.15,0.85,2018-05-29 00:00:00+00:00,12.101285566422792,10.778482181189961,2,2858.1856400789297
dual,0,0.2,0.8,2018-05-29 00:00:00+00:00,11.830813860435722,10.499126677773138,4,2860.688528366336
dual,0,0.25,0.75,2018-05-29 00:00:00+00:00,12.716505070949037,10.910543884976313,9,2865.0403549405682
dual,0,0.3,0.7,2018-05-29 00:00:00+00:00,12.560584392558422,11.377947618106203,10,3024.6691922162754
dual,0,0.35,0.65,2018-05-29 00:00:00+00:00,11.889200438704417,10.495114523526063,16,3063.0500933898606
single,0,0.05,0.95,2018-05-30 00:00:00+00:00,10.421052631578949,9.405,0,3321.077949578558
single,0,0.1,0.9,2018-05-30 00:00:00+00:00,10.421052631578949,9.405,0,3321.077949578558
single,0,0.15,0.85,2018-05-30 00:00:00+00:00,10.421052631578949,9.405,0,3321.0779495785578
single,0,0.2,0.8,2018-05-30 00:00:00+00:00,10.421052631578949,9.405,0,3321.077949578558
single,0,0.25,0.75,2018-05-30 00:00:00+00:00,10.421052631578949,9.405,0,3321.0779495785578
single,0,0.3,0.7,2018-05-30 00:00:00+00:00,10.421052631578949,9.405,0,3321.077949578558
single,0,0.35,0.65,2018-05-30 00:00:00+00:00,10.421052631578949,9.405,0,3321.0779495785578
dual,0,0.05,0.95,2018-05-30 00:00:00+00:00,10.464240073276834,9.443976666132341,0,3351.063779237073
dual,0,0.1,0.9,2018-05-30 00:00:00+00:00,10.014902958945465,9.028735300334908,1,3343.6225018483974
dual,0,0.15,0.85,2018-05-30 00:00:00+00:00,9.505053989838295,8.491272184956694,3,3346.0350481362784
dual,0,0.2,0.8,2018-05-30 00:00:00+00:00,9.143878627319186,8.111738609712438,4,3350.3637123651697
dual,0,0.25,0.75,2018-05-30 00:00:00+00:00,11.51927145803829,10.322559098819319,10,3333.337606751968
dual,0,0.3,0.7,2018-05-30 00:00:00+00:00,13.092133626523786,11.019192959020883,11,3396.807650824602
dual,0,0.35,0.65,2018-05-30 00:00:00+00:00,13.590198106919656,10.999962206034828,18,3506.8313639630605
single,0,0.05,0.95,2018-05-31 00:00:00+00:00,10.637119113573409,9.6,0,2028.1288001363894
single,0,0.1,0.9,2018-05-31 00:00:00+00:00,10.637119113573409,9.6,0,2028.1288001363894
single,0,0.15,0.85,2018-05-31 00:00:00+00:00,10.637119113573409,9.6,0,2028.1288001363894
single,0,0.2,0.8,2018-05-31 00:00:00+00:00,10.637119113573409,9.6,0,2028.1288001363894
single,0,0.25,0.75,2018-05-31 00:00:00+00:00,10.637119113573409,9.6,0,2028.1288001363894
single,0,0.3,0.7,2018-05-31 00:00:00+00:00,10.637119113573409,9.6,0,2028.1288001363894
single,0,0.35,0.65,2018-05-31 00:00:00+00:00,10.637119113573409,9.6,0,2028.1288001363894
dual,0,0.05,0.95,2018-05-31 00:00:00+00:00,10.55824251970344,9.532695794908063,1,2413.0567058896313
dual,0,0.1,0.9,2018-05-31 00:00:00+00:00,10.750015193493835,9.800053747375987,3,2401.9216361467406
dual,0,0.15,0.85,2018-05-31 00:00:00+00:00,10.548601733015275,9.76272401033395,4,2426.271179576118
dual,0,0.2,0.8,2018-05-31 00:00:00+00:00,10.586899834704486,9.979358013015235,4,2435.988515949314
dual,0,0.25,0.75,2018-05-31 00:00:00+00:00,12.437988379545533,11.758732637359781,8,2516.932272349943
dual,0,0.3,0.7,2018-05-31 00:00:00+00:00,15.06535945979175,13.378084523098527,10,2802.829000919004
dual,0,0.35,0.65,2018-05-31 00:00:00+00:00,21.944591306568004,19.056066507721606,18,3297.124155548364
single,0,0.05,0.95,2018-06-01 00:00:00+00:00,10.315789473684212,9.31,0,2135.375554708871
single,0,0.1,0.9,2018-06-01 00:00:00+00:00,10.315789473684212,9.31,0,2135.375554708871
single,0,0.15,0.85,2018-06-01 00:00:00+00:00,10.315789473684212,9.31,0,2135.375554708871
single,0,0.2,0.8,2018-06-01 00:00:00+00:00,10.315789473684212,9.31,0,2135.375554708871
single,0,0.25,0.75,2018-06-01 00:00:00+00:00,10.315789473684212,9.31,0,2135.375554708871
single,0,0.3,0.7,2018-06-01 00:00:00+00:00,10.315789473684212,9.31,0,2135.375554708871
single,0,0.35,0.65,2018-06-01 00:00:00+00:00,10.315789473684212,9.31,0,2135.375554708871
dual,0,0.05,0.95,2018-06-01 00:00:00+00:00,10.739885539459308,9.795263239030865,1,2348.614608447245
dual,0,0.1,0.9,2018-06-01 00:00:00+00:00,10.891501022495724,9.719630817672426,5,2323.07543894819
dual,0,0.15,0.85,2018-06-01 00:00:00+00:00,10.998865792178814,9.64659616890671,6,2311.5679732726476
dual,0,0.2,0.8,2018-06-01 00:00:00+00:00,10.393176588850292,9.606183593833492,9,2331.97253163809
dual,0,0.25,0.75,2018-06-01 00:00:00+00:00,11.0790535920105,10.231646291220638,11,2446.3041603627867
dual,0,0.3,0.7,2018-06-01 00:00:00+00:00,12.26935306028721,11.25575785971887,10,2489.970104899336
dual,0,0.35,0.65,2018-06-01 00:00:00+00:00,14.829357449905366,12.71909778945238,17,2694.2321496893446
single,0,0.05,0.95,2018-06-02 00:00:00+00:00,12.421052631578949,11.21,0,1486.8508852631126
single,0,0.1,0.9,2018-06-02 00:00:00+00:00,12.421052631578949,11.21,0,1486.8508852631126
single,0,0.15,0.85,2018-06-02 00:00:00+00:00,12.421052631578949,11.21,0,1486.8508852631126
single,0,0.2,0.8,2018-06-02 00:00:00+00:00,12.421052631578949,11.21,0,1486.8508852631126
single,0,0.25,0.75,2018-06-02 00:00:00+00:00,12.421052631578949,11.21,0,1486.8508852631126
single,0,0.3,0.7,2018-06-02 00:00:00+00:00,12.421052631578949,11.21,0,1486.8508852631126
single,0,0.35,0.65,2018-06-02 00:00:00+00:00,12.421052631578949,11.21,0,1486.8508852631126
dual,0,0.05,0.95,2018-06-02 00:00:00+00:00,11.69030109705775,10.55049674009462,0,1642.124686571898
dual,0,0.1,0.9,2018-06-02 00:00:00+00:00,11.816709145453428,10.814484062849093,1,1649.7476948128312
dual,0,0.15,0.85,2018-06-02 00:00:00+00:00,11.376570882555436,10.375015755997332,4,1639.001280483319
dual,0,0.2,0.8,2018-06-02 00:00:00+00:00,11.201415464334223,10.19710096725332,7,1649.890149403181
dual,0,0.25,0.75,2018-06-02 00:00:00+00:00,13.182255096413902,12.523200338690145,12,2023.267598577823
dual,0,0.3,0.7,2018-06-02 00:00:00+00:00,16.511193036804798,14.426712142165893,17,2205.2199446510367
dual,0,0.35,0.65,2018-06-02 00:00:00+00:00,21.936551213150352,18.98471649245205,20,2208.522445212706
single,0,0.05,0.95,2018-06-03 00:00:00+00:00,10.526315789473685,9.5,0,1793.5736240981137
single,0,0.1,0.9,2018-06-03 00:00:00+00:00,10.526315789473685,9.5,0,1793.5736240981137
single,0,0.15,0.85,2018-06-03 00:00:00+00:00,10.526315789473685,9.5,0,1793.5736240981137
single,0,0.2,0.8,2018-06-03 00:00:00+00:00,10.526315789473685,9.5,0,1793.5736240981137
single,0,0.25,0.75,2018-06-03 00:00:00+00:00,10.526315789473685,9.5,0,1793.5736240981137
single,0,0.3,0.7,2018-06-03 00:00:00+00:00,10.526315789473685,9.5,0,1793.5736240981137
single,0,0.35,0.65,2018-06-03 00:00:00+00:00,10.526315789473685,9.5,0,1793.5736240981137
dual,0,0.05,0.95,2018-06-03 00:00:00+00:00,10.644211721770796,9.606401078898143,0,2067.064052496621
dual,0,0.1,0.9,2018-06-03 00:00:00+00:00,10.260277513725999,9.309921434457976,5,2084.2658011331273
dual,0,0.15,0.85,2018-06-03 00:00:00+00:00,10.084085237885557,9.107581605704803,9,2099.5361566964775
dual,0,0.2,0.8,2018-06-03 00:00:00+00:00,10.777555622378745,9.891600554106448,7,2125.4323924942487
dual,0,0.25,0.75,2018-06-03 00:00:00+00:00,12.64977779784802,11.531462231039821,13,2362.3560875843896
dual,0,0.3,0.7,2018-06-03 00:00:00+00:00,16.4227336562912,14.496701726333296,11,2486.5567483421523
dual,0,0.35,0.65,2018-06-03 00:00:00+00:00,21.22179125174219,17.694958923993497,20,2687.751449101603
single,0,0.05,0.95,2018-06-04 00:00:00+00:00,12.315789473684212,11.114999999999998,0,1981.2633203209598
single,0,0.1,0.9,2018-06-04 00:00:00+00:00,12.315789473684212,11.114999999999998,0,1981.2633203209598
single,0,0.15,0.85,2018-06-04 00:00:00+00:00,12.315789473684212,11.114999999999998,0,1981.2633203209598
single,0,0.2,0.8,2018-06-04 00:00:00+00:00,12.315789473684212,11.114999999999998,0,1981.2633203209598
single,0,0.25,0.75,2018-06-04 00:00:00+00:00,12.315789473684212,11.114999999999998,0,1981.2633203209598
single,0,0.3,0.7,2018-06-04 00:00:00+00:00,12.315789473684212,11.114999999999998,0,1981.2633203209598
single,0,0.35,0.65,2018-06-04 00:00:00+00:00,12.315789473684212,11.114999999999998,0,1981.2633203209598
dual,0,0.05,0.95,2018-06-04 00:00:00+00:00,12.579677805024865,11.379859792122412,2,2422.6778413890843
dual,0,0.1,0.9,2018-06-04 00:00:00+00:00,12.066408866509365,10.877217003152182,2,2433.9653538141433
dual,0,0.15,0.85,2018-06-04 00:00:00+00:00,12.243027009092408,11.015985266179971,4,2442.492651405792
dual,0,0.2,0.8,2018-06-04 00:00:00+00:00,12.03103748267078,10.845078481805771,2,2399.8217329655945
dual,0,0.25,0.75,2018-06-04 00:00:00+00:00,14.370796483216322,12.890210631252877,8,2697.126090991014
dual,0,0.3,0.7,2018-06-04 00:00:00+00:00,13.729027339401874,12.150994437913633,12,2575.2130323032457
dual,0,0.35,0.65,2018-06-04 00:00:00+00:00,14.77185210486442,13.283125898506203,17,2833.656539814279
single,0,0.05,0.95,2018-06-05 00:00:00+00:00,12.315789473684212,11.114999999999998,0,2409.692266076367
single,0,0.1,0.9,2018-06-05 00:00:00+00:00,12.315789473684212,11.114999999999998,0,2409.692266076367
single,0,0.15,0.85,2018-06-05 00:00:00+00:00,12.315789473684212,11.114999999999998,0,2409.692266076367
single,0,0.2,0.8,2018-06-05 00:00:00+00:00,12.315789473684212,11.114999999999998,0,2409.692266076367
single,0,0.25,0.75,2018-06-05 00:00:00+00:00,12.315789473684212,11.114999999999998,0,2409.692266076367
single,0,0.3,0.7,2018-06-05 00:00:00+00:00,12.315789473684212,11.114999999999998,0,2409.692266076367
single,0,0.35,0.65,2018-06-05 00:00:00+00:00,12.315789473684212,11.114999999999998,0,2409.692266076367
dual,0,0.05,0.95,2018-06-05 00:00:00+00:00,11.470436370185313,10.501158160487506,1,2839.6951786770096
dual,0,0.1,0.9,2018-06-05 00:00:00+00:00,10.038589291295311,9.35412188082945,3,2831.7352431977733
dual,0,0.15,0.85,2018-06-05 00:00:00+00:00,9.021083089441177,8.73280867428085,5,2838.1167301796086
dual,0,0.2,0.8,2018-06-05 00:00:00+00:00,8.258268926791905,8.336271635320584,7,2831.4659470198662
dual,0,0.25,0.75,2018-06-05 00:00:00+00:00,8.916690695377497,8.516406120256704,8,2800.5158245007374
dual,0,0.3,0.7,2018-06-05 00:00:00+00:00,8.376767859621513,8.236416559739084,10,2818.3784620409733
dual,0,0.35,0.65,2018-06-05 00:00:00+00:00,15.655764671726963,14.36998098757272,11,2883.9200646140953
single,0,0.05,0.95,2018-06-06 00:00:00+00:00,10.637119113573409,9.600000000000001,0,1561.3927668057518
single,0,0.1,0.9,2018-06-06 00:00:00+00:00,10.637119113573409,9.600000000000001,0,1561.3927668057518
single,0,0.15,0.85,2018-06-06 00:00:00+00:00,10.637119113573409,9.6,0,1561.3927668057518
single,0,0.2,0.8,2018-06-06 00:00:00+00:00,10.637119113573409,9.6,0,1561.3927668057518
single,0,0.25,0.75,2018-06-06 00:00:00+00:00,10.637119113573409,9.6,0,1561.3927668057518
single,0,0.3,0.7,2018-06-06 00:00:00+00:00,10.637119113573409,9.6,0,1561.3927668057518
single,0,0.35,0.65,2018-06-06 00:00:00+00:00,10.637119113573409,9.600000000000001,0,1561.3927668057518
dual,0,0.05,0.95,2018-06-06 00:00:00+00:00,12.240208693250196,11.169048924983127,3,2238.697077813775
dual,0,0.1,0.9,2018-06-06 00:00:00+00:00,11.67996905348479,10.735606135135338,3,2229.1690232558085
dual,0,0.15,0.85,2018-06-06 00:00:00+00:00,12.149438095610051,11.266989841541385,7,2213.296117547841
dual,0,0.2,0.8,2018-06-06 00:00:00+00:00,12.372856412773679,11.458417377958327,8,2220.770010129582
dual,0,0.25,0.75,2018-06-06 00:00:00+00:00,16.071959720459922,14.98834619358368,13,2287.825924351072
dual,0,0.3,0.7,2018-06-06 00:00:00+00:00,20.538057296480872,17.59172120588035,14,2425.4592274787883
dual,0,0.35,0.65,2018-06-06 00:00:00+00:00,25.39207057295316,22.907135548700296,19,2526.9634395728394
single,0,0.05,0.95,2018-06-07 00:00:00+00:00,12.210526315789474,11.02,0,2790.8657181492363
single,0,0.1,0.9,2018-06-07 00:00:00+00:00,12.210526315789474,11.02,0,2790.8657181492363
single,0,0.15,0.85,2018-06-07 00:00:00+00:00,12.210526315789474,11.02,0,2790.8657181492363
single,0,0.2,0.8,2018-06-07 00:00:00+00:00,12.210526315789474,11.02,0,2790.8657181492363
single,0,0.25,0.75,2018-06-07 00:00:00+00:00,12.210526315789474,11.02,0,2790.8657181492363
single,0,0.3,0.7,2018-06-07 00:00:00+00:00,12.210526315789474,11.02,0,2790.8657181492363
single,0,0.35,0.65,2018-06-07 00:00:00+00:00,12.210526315789474,11.02,0,2790.8657181492363
dual,0,0.05,0.95,2018-06-07 00:00:00+00:00,12.016264861584348,10.844679037579875,0,2875.2449488243574
dual,0,0.1,0.9,2018-06-07 00:00:00+00:00,11.810131850884602,10.658643995423354,0,2870.1470084059824
dual,0,0.15,0.85,2018-06-07 00:00:00+00:00,11.756755532994077,10.456985221078899,4,2872.571833310547
dual,0,0.2,0.8,2018-06-07 00:00:00+00:00,11.727280858939663,10.456980205308641,6,2869.654609211815
dual,0,0.25,0.75,2018-06-07 00:00:00+00:00,11.506103642302008,10.330311326865676,17,2856.8737168840876
dual,0,0.3,0.7,2018-06-07 00:00:00+00:00,11.720352282767848,10.50910481909505,15,2854.9048327206883
dual,0,0.35,0.65,2018-06-07 00:00:00+00:00,9.336403092147059,6.95702505198987,22,2988.333789303678
single,0,0.05,0.95,2018-06-08 00:00:00+00:00,10.31578947368421,9.31,0,1811.883633863998
single,0,0.1,0.9,2018-06-08 00:00:00+00:00,10.31578947368421,9.31,0,1811.883633863998
single,0,0.15,0.85,2018-06-08 00:00:00+00:00,10.31578947368421,9.31,0,1811.8836338639978
single,0,0.2,0.8,2018-06-08 00:00:00+00:00,10.31578947368421,9.31,0,1811.8836338639978
single,0,0.25,0.75,2018-06-08 00:00:00+00:00,10.31578947368421,9.31,0,1811.883633863998
single,0,0.3,0.7,2018-06-08 00:00:00+00:00,10.31578947368421,9.31,0,1811.8836338639978
single,0,0.35,0.65,2018-06-08 00:00:00+00:00,10.31578947368421,9.31,0,1811.8836338639978
dual,0,0.05,0.95,2018-06-08 00:00:00+00:00,8.842580617298983,8.521674346137619,6,2386.4748283442923
dual,0,0.1,0.9,2018-06-08 00:00:00+00:00,7.550872104253946,7.549952183316587,10,2395.7601339587886
dual,0,0.15,0.85,2018-06-08 00:00:00+00:00,6.971191887854706,7.1503949091263905,11,2386.9863606798967
dual,0,0.2,0.8,2018-06-08 00:00:00+00:00,6.554781063021789,7.005383525953079,10,2418.4832548879876
dual,0,0.25,0.75,2018-06-08 00:00:00+00:00,11.085349382006441,11.604944205271131,11,2439.427026710595
dual,0,0.3,0.7,2018-06-08 00:00:00+00:00,14.616592358486482,14.171862313051305,12,2419.059311968373
dual,0,0.35,0.65,2018-06-08 00:00:00+00:00,20.824352999739666,18.88897858226505,21,2642.6731409647537
single,0,0.05,0.95,2018-06-09 00:00:00+00:00,12.421052631578949,11.21,0,1473.3436371201399
single,0,0.1,0.9,2018-06-09 00:00:00+00:00,12.421052631578949,11.21,0,1473.3436371201399
single,0,0.15,0.85,2018-06-09 00:00:00+00:00,12.421052631578949,11.21,0,1473.3436371201399
single,0,0.2,0.8,2018-06-09 00:00:00+00:00,12.421052631578949,11.21,0,1473.3436371201399
single,0,0.25,0.75,2018-06-09 00:00:00+00:00,12.421052631578949,11.21,0,1473.3436371201399
single,0,0.3,0.7,2018-06-09 00:00:00+00:00,12.421052631578949,11.21,0,1473.3436371201399
single,0,0.35,0.65,2018-06-09 00:00:00+00:00,12.421052631578949,11.21,0,1473.3436371201399
dual,0,0.05,0.95,2018-06-09 00:00:00+00:00,12.516107698502413,11.336920629082467,5,2390.458402216798
dual,0,0.1,0.9,2018-06-09 00:00:00+00:00,12.25572258946756,12.194504059938065,5,2422.5335230812184
dual,0,0.15,0.85,2018-06-09 00:00:00+00:00,12.05534566459385,12.085787958547783,7,2406.4888390388205
dual,0,0.2,0.8,2018-06-09 00:00:00+00:00,11.93314986652102,12.156961850850312,10,2407.997655368582
dual,0,0.25,0.75,2018-06-09 00:00:00+00:00,21.631738773146484,19.74392974025296,13,2624.3974858622737
dual,0,0.3,0.7,2018-06-09 00:00:00+00:00,20.42603694029988,18.772602803367594,14,2639.0355427699897
dual,0,0.35,0.65,2018-06-09 00:00:00+00:00,30.592259904040304,27.704514563396376,20,2751.1359054122877
single,0,0.05,0.95,2018-06-10 00:00:00+00:00,8.421052631578949,7.6,0,1920.346551735632
single,0,0.1,0.9,2018-06-10 00:00:00+00:00,8.421052631578949,7.6,0,1920.3465517356317
single,0,0.15,0.85,2018-06-10 00:00:00+00:00,8.421052631578949,7.6,0,1920.346551735632
single,0,0.2,0.8,2018-06-10 00:00:00+00:00,8.421052631578949,7.6,0,1920.346551735632
single,0,0.25,0.75,2018-06-10 00:00:00+00:00,8.421052631578949,7.6,0,1920.3465517356317
single,0,0.3,0.7,2018-06-10 00:00:00+00:00,8.421052631578949,7.6,0,1920.346551735632
single,0,0.35,0.65,2018-06-10 00:00:00+00:00,8.421052631578949,7.6,0,1920.3465517356317
dual,0,0.05,0.95,2018-06-10 00:00:00+00:00,10.928161169099658,9.862665455112438,0,2179.84035441049
dual,0,0.1,0.9,2018-06-10 00:00:00+00:00,11.396139100188115,10.151183402564493,2,2171.6794701901986
dual,0,0.15,0.85,2018-06-10 00:00:00+00:00,10.39960145804557,9.262154989417702,5,2151.2811858694663
dual,0,0.2,0.8,2018-06-10 00:00:00+00:00,10.191729083059705,9.085980984445593,6,2140.647348825336
dual,0,0.25,0.75,2018-06-10 00:00:00+00:00,10.025004417578216,9.142566486864341,11,2285.495071785951
dual,0,0.3,0.7,2018-06-10 00:00:00+00:00,12.247670431608608,11.18090219581486,15,2307.618614971942
dual,0,0.35,0.65,2018-06-10 00:00:00+00:00,12.213642302858858,9.799280899214892,18,2447.95443743384
single,0,0.05,0.95,2018-06-11 00:00:00+00:00,10.637119113573409,9.6,0,1649.505500452286
single,0,0.1,0.9,2018-06-11 00:00:00+00:00,10.637119113573409,9.6,0,1649.505500452286
single,0,0.15,0.85,2018-06-11 00:00:00+00:00,10.637119113573409,9.6,0,1649.505500452286
single,0,0.2,0.8,2018-06-11 00:00:00+00:00,10.637119113573409,9.6,0,1649.505500452286
single,0,0.25,0.75,2018-06-11 00:00:00+00:00,10.637119113573409,9.6,0,1649.505500452286
single,0,0.3,0.7,2018-06-11 00:00:00+00:00,10.637119113573409,9.6,0,1649.505500452286
single,0,0.35,0.65,2018-06-11 00:00:00+00:00,10.637119113573409,9.6,0,1649.505500452286
dual,0,0.05,0.95,2018-06-11 00:00:00+00:00,11.807661353993067,10.656414371978745,0,1909.5281230701837
dual,0,0.1,0.9,2018-06-11 00:00:00+00:00,11.281034681631493,10.209007265750138,2,1844.3675293681636
dual,0,0.15,0.85,2018-06-11 00:00:00+00:00,11.156540910897565,10.05709330181099,6,1824.227067187589
dual,0,0.2,0.8,2018-06-11 00:00:00+00:00,11.427933415486024,10.313709907476136,6,1794.3201146637116
dual,0,0.25,0.75,2018-06-11 00:00:00+00:00,13.040157597780706,11.507670358746958,8,1806.3032722050702
dual,0,0.3,0.7,2018-06-11 00:00:00+00:00,13.633123915218665,11.806155594189303,7,1794.4327569969578
dual,0,0.35,0.65,2018-06-11 00:00:00+00:00,10.464624954884952,8.172187049434909,21,1954.0207511196686
single,0,0.05,0.95,2018-06-12 00:00:00+00:00,10.31578947368421,9.31,0,2350.144405020967
single,0,0.1,0.9,2018-06-12 00:00:00+00:00,10.31578947368421,9.31,0,2350.144405020967
single,0,0.15,0.85,2018-06-12 00:00:00+00:00,10.31578947368421,9.31,0,2350.144405020967
single,0,0.2,0.8,2018-06-12 00:00:00+00:00,10.31578947368421,9.31,0,2350.144405020967
single,0,0.25,0.75,2018-06-12 00:00:00+00:00,10.31578947368421,9.31,0,2350.144405020967
single,0,0.3,0.7,2018-06-12 00:00:00+00:00,10.31578947368421,9.31,0,2350.144405020967
single,0,0.35,0.65,2018-06-12 00:00:00+00:00,10.31578947368421,9.31,0,2350.144405020967
dual,0,0.05,0.95,2018-06-12 00:00:00+00:00,12.165032779378684,10.978942083389263,0,2570.5408001885125
dual,0,0.1,0.9,2018-06-12 00:00:00+00:00,11.823177031602253,10.670417271021034,0,2530.7390746004094
dual,0,0.15,0.85,2018-06-12 00:00:00+00:00,11.436211064540537,10.321180485747835,0,2504.8486443861857
dual,0,0.2,0.8,2018-06-12 00:00:00+00:00,10.901306246214373,9.830262178922776,1,2494.5630517366208
dual,0,0.25,0.75,2018-06-12 00:00:00+00:00,10.972317603966928,9.692240308450394,3,2458.7052865850915
dual,0,0.3,0.7,2018-06-12 00:00:00+00:00,11.698586169102185,10.530646219132079,7,2493.519731325277
dual,0,0.35,0.65,2018-06-12 00:00:00+00:00,12.669882350833932,9.7589033261265,16,2675.048263421899
single,0,0.05,0.95,2018-06-13 00:00:00+00:00,14.105263157894736,12.73,0,1505.6473667036294
single,0,0.1,0.9,2018-06-13 00:00:00+00:00,14.105263157894736,12.73,0,1505.6473667036294
single,0,0.15,0.85,2018-06-13 00:00:00+00:00,14.105263157894736,12.73,0,1505.6473667036294
single,0,0.2,0.8,2018-06-13 00:00:00+00:00,14.105263157894736,12.73,0,1505.6473667036294
single,0,0.25,0.75,2018-06-13 00:00:00+00:00,14.105263157894736,12.73,0,1505.6473667036294
single,0,0.3,0.7,2018-06-13 00:00:00+00:00,14.105263157894736,12.73,0,1505.6473667036294
single,0,0.35,0.65,2018-06-13 00:00:00+00:00,14.105263157894736,12.73,0,1505.6473667036294
dual,0,0.05,0.95,2018-06-13 00:00:00+00:00,11.858005391568444,10.803363681772314,4,2591.3287995548735
dual,0,0.1,0.9,2018-06-13 00:00:00+00:00,12.679654625832123,11.610423129697491,8,2602.1313934704804
dual,0,0.15,0.85,2018-06-13 00:00:00+00:00,13.762039012423402,12.627684451055453,8,2582.021882992402
dual,0,0.2,0.8,2018-06-13 00:00:00+00:00,14.125767785940866,12.913610680270892,10,2600.9651444163046
dual,0,0.25,0.75,2018-06-13 00:00:00+00:00,15.96635403401568,14.633378400548882,13,2543.0219835046373
dual,0,0.3,0.7,2018-06-13 00:00:00+00:00,20.388752473801237,18.650788949724017,11,2550.415928299145
dual,0,0.35,0.65,2018-06-13 00:00:00+00:00,24.266839997951095,21.995823098150865,19,2743.343422781061
single,0,0.05,0.95,2018-06-14 00:00:00+00:00,10.526315789473685,9.5,0,1376.5814178342973
single,0,0.1,0.9,2018-06-14 00:00:00+00:00,10.526315789473685,9.5,0,1376.5814178342973
single,0,0.15,0.85,2018-06-14 00:00:00+00:00,10.526315789473685,9.5,0,1376.5814178342973
single,0,0.2,0.8,2018-06-14 00:00:00+00:00,10.526315789473685,9.5,0,1376.5814178342973
single,0,0.25,0.75,2018-06-14 00:00:00+00:00,10.526315789473685,9.5,0,1376.5814178342973
single,0,0.3,0.7,2018-06-14 00:00:00+00:00,10.526315789473685,9.5,0,1376.5814178342973
single,0,0.35,0.65,2018-06-14 00:00:00+00:00,10.526315789473685,9.5,0,1376.5814178342973
dual,0,0.05,0.95,2018-06-14 00:00:00+00:00,11.689642348002403,10.811957899748634,4,1664.09148387741
dual,0,0.1,0.9,2018-06-14 00:00:00+00:00,10.533034635075365,9.823504519771419,6,1706.8246248230198
dual,0,0.15,0.85,2018-06-14 00:00:00+00:00,9.694538806495252,9.089209679975225,6,1736.3679844810817
dual,0,0.2,0.8,2018-06-14 00:00:00+00:00,10.294271269270713,9.595399459692388,8,1767.4234236192863
dual,0,0.25,0.75,2018-06-14 00:00:00+00:00,11.631982086063248,10.710777544828979,10,1759.9088650523918
dual,0,0.3,0.7,2018-06-14 00:00:00+00:00,14.126332239513225,12.960216221225304,13,1857.5401826019443
dual,0,0.35,0.65,2018-06-14 00:00:00+00:00,17.88450408107565,15.712186992983655,18,2034.0257514149466
single,0,0.05,0.95,2018-06-15 00:00:00+00:00,10.526315789473683,9.5,0,2138.1133882975705
single,0,0.1,0.9,2018-06-15 00:00:00+00:00,10.526315789473683,9.5,0,2138.1133882975705
single,0,0.15,0.85,2018-06-15 00:00:00+00:00,10.526315789473683,9.5,0,2138.1133882975705
single,0,0.2,0.8,2018-06-15 00:00:00+00:00,10.526315789473683,9.5,0,2138.1133882975705
single,0,0.25,0.75,2018-06-15 00:00:00+00:00,10.526315789473683,9.5,0,2138.1133882975705
single,0,0.3,0.7,2018-06-15 00:00:00+00:00,10.526315789473683,9.5,0,2138.1133882975705
single,0,0.35,0.65,2018-06-15 00:00:00+00:00,10.526315789473683,9.5,0,2138.1133882975705
dual,0,0.05,0.95,2018-06-15 00:00:00+00:00,10.401342008365638,9.49276421341138,4,2351.391925276535
dual,0,0.1,0.9,2018-06-15 00:00:00+00:00,10.184750567140835,9.362005267419336,8,2347.52453920501
dual,0,0.15,0.85,2018-06-15 00:00:00+00:00,9.916858554419699,9.176419882552647,9,2314.8484518101645
dual,0,0.2,0.8,2018-06-15 00:00:00+00:00,9.651920872095474,8.928380113071483,11,2327.247851398482
dual,0,0.25,0.75,2018-06-15 00:00:00+00:00,9.626466403208205,8.78092065781355,14,2377.0160653881694
dual,0,0.3,0.7,2018-06-15 00:00:00+00:00,9.97677731271378,9.197324086484976,14,2406.3599653609836
dual,0,0.35,0.65,2018-06-15 00:00:00+00:00,9.157614430071273,7.948394788315724,17,2333.8328460857438
single,0,0.05,0.95,2018-06-16 00:00:00+00:00,10.526315789473683,9.5,0,2085.0818302052994
single,0,0.1,0.9,2018-06-16 00:00:00+00:00,10.526315789473683,9.5,0,2085.0818302052994
single,0,0.15,0.85,2018-06-16 00:00:00+00:00,10.526315789473685,9.5,0,2085.0818302053
single,0,0.2,0.8,2018-06-16 00:00:00+00:00,10.526315789473683,9.5,0,2085.0818302052994
single,0,0.25,0.75,2018-06-16 00:00:00+00:00,10.526315789473685,9.5,0,2085.0818302053
single,0,0.3,0.7,2018-06-16 00:00:00+00:00,10.526315789473683,9.5,0,2085.0818302052994
single,0,0.35,0.65,2018-06-16 00:00:00+00:00,10.526315789473685,9.5,0,2085.0818302053
dual,0,0.05,0.95,2018-06-16 00:00:00+00:00,11.303134616367407,10.201078991271586,2,2290.817576251165
dual,0,0.1,0.9,2018-06-16 00:00:00+00:00,11.086883642658277,9.962513259249285,5,2269.6138107613733
dual,0,0.15,0.85,2018-06-16 00:00:00+00:00,10.910276186240877,9.728201137350956,8,2236.5220763804136
dual,0,0.2,0.8,2018-06-16 00:00:00+00:00,11.029450544890427,9.793568192440501,7,2249.476008465264
dual,0,0.25,0.75,2018-06-16 00:00:00+00:00,13.471986141672737,11.068586402604922,12,2405.061667416197
dual,0,0.3,0.7,2018-06-16 00:00:00+00:00,15.549002808042728,12.737994542249798,15,2485.819284816807
dual,0,0.35,0.65,2018-06-16 00:00:00+00:00,16.90788888769181,14.213270451164151,14,2443.669739033
single,0,0.05,0.95,2018-06-17 00:00:00+00:00,12.421052631578947,11.21,0,2596.2401110524006
single,0,0.1,0.9,2018-06-17 00:00:00+00:00,12.421052631578947,11.21,0,2596.2401110524006
single,0,0.15,0.85,2018-06-17 00:00:00+00:00,12.421052631578947,11.21,0,2596.2401110524006
single,0,0.2,0.8,2018-06-17 00:00:00+00:00,12.421052631578947,11.21,0,2596.2401110524006
single,0,0.25,0.75,2018-06-17 00:00:00+00:00,12.421052631578947,11.21,0,2596.2401110524006
single,0,0.3,0.7,2018-06-17 00:00:00+00:00,12.421052631578947,11.21,0,2596.2401110524006
single,0,0.35,0.65,2018-06-17 00:00:00+00:00,12.421052631578947,11.21,0,2596.2401110524006
dual,0,0.05,0.95,2018-06-17 00:00:00+00:00,13.247228753038765,11.955623949617486,0,2756.8332181845612
dual,0,0.1,0.9,2018-06-17 00:00:00+00:00,12.925296630224732,11.641426075515811,1,2750.4395886653756
dual,0,0.15,0.85,2018-06-17 00:00:00+00:00,12.990742928076134,11.658399883991214,5,2741.436101502879
dual,0,0.2,0.8,2018-06-17 00:00:00+00:00,12.86295196176273,11.515722060757229,5,2729.1086219882013
dual,0,0.25,0.75,2018-06-17 00:00:00+00:00,12.83363914054178,11.439492992605068,15,2926.1879806793313
dual,0,0.3,0.7,2018-06-17 00:00:00+00:00,12.743050066932057,9.981421147083314,16,3033.971129144888
dual,0,0.35,0.65,2018-06-17 00:00:00+00:00,12.915140815007879,9.75591458554461,22,3123.711927216112
single,0,0.05,0.95,2018-06-18 00:00:00+00:00,12.210526315789473,11.02,0,2350.5699376855946
single,0,0.1,0.9,2018-06-18 00:00:00+00:00,12.210526315789473,11.02,0,2350.5699376855946
single,0,0.15,0.85,2018-06-18 00:00:00+00:00,12.210526315789474,11.02,0,2350.5699376855946
single,0,0.2,0.8,2018-06-18 00:00:00+00:00,12.210526315789473,11.02,0,2350.5699376855946
single,0,0.25,0.75,2018-06-18 00:00:00+00:00,12.210526315789474,11.02,0,2350.5699376855946
single,0,0.3,0.7,2018-06-18 00:00:00+00:00,12.210526315789473,11.02,0,2350.5699376855946
single,0,0.35,0.65,2018-06-18 00:00:00+00:00,12.210526315789473,11.02,0,2350.5699376855946
dual,0,0.05,0.95,2018-06-18 00:00:00+00:00,13.231246346244369,11.94119982748554,0,2585.90940484127
dual,0,0.1,0.9,2018-06-18 00:00:00+00:00,12.924862520142822,11.587843160073252,2,2532.1277036054053
dual,0,0.15,0.85,2018-06-18 00:00:00+00:00,12.962616719323803,11.456183415345276,7,2506.220513250696
dual,0,0.2,0.8,2018-06-18 00:00:00+00:00,12.735631987851633,11.104800062734732,9,2483.255635733351
dual,0,0.25,0.75,2018-06-18 00:00:00+00:00,13.071803314061569,11.281978145987658,14,2542.5674117792423
dual,0,0.3,0.7,2018-06-18 00:00:00+00:00,12.394510397261216,10.541457601986718,13,2509.8094564427365
dual,0,0.35,0.65,2018-06-18 00:00:00+00:00,12.071632731586734,9.894049948136349,19,2564.2418202489544
single,0,0.05,0.95,2018-06-19 00:00:00+00:00,10.421052631578949,9.405000000000001,0,2320.1313323024365
single,0,0.1,0.9,2018-06-19 00:00:00+00:00,10.421052631578949,9.405000000000001,0,2320.1313323024365
single,0,0.15,0.85,2018-06-19 00:00:00+00:00,10.421052631578949,9.405000000000001,0,2320.1313323024365
single,0,0.2,0.8,2018-06-19 00:00:00+00:00,10.421052631578949,9.405000000000001,0,2320.1313323024365
single,0,0.25,0.75,2018-06-19 00:00:00+00:00,10.421052631578949,9.405000000000001,0,2320.1313323024365
single,0,0.3,0.7,2018-06-19 00:00:00+00:00,10.421052631578949,9.405000000000001,0,2320.1313323024365
single,0,0.35,0.65,2018-06-19 00:00:00+00:00,10.421052631578949,9.405000000000001,0,2320.1313323024365
dual,0,0.05,0.95,2018-06-19 00:00:00+00:00,11.053436782893385,9.975726696561278,0,2561.4491752745193
dual,0,0.1,0.9,2018-06-19 00:00:00+00:00,10.255463209687605,9.255555546743063,0,2525.6331132075115
dual,0,0.15,0.85,2018-06-19 00:00:00+00:00,9.705097807710196,8.71939444821981,1,2495.6655059001173
dual,0,0.2,0.8,2018-06-19 00:00:00+00:00,9.437405233316696,8.473594814308242,1,2480.1443145704857
dual,0,0.25,0.75,2018-06-19 00:00:00+00:00,11.555607309721339,11.202243974068615,7,2614.384589125726
dual,0,0.3,0.7,2018-06-19 00:00:00+00:00,14.873120692852858,14.029401403982336,13,2662.213074793711
dual,0,0.35,0.65,2018-06-19 00:00:00+00:00,18.45373199707,16.25675363195726,15,2745.11393478233
single,0,0.05,0.95,2018-06-20 00:00:00+00:00,12.742382271468143,11.5,0,2555.9512548025814
single,0,0.1,0.9,2018-06-20 00:00:00+00:00,12.742382271468143,11.5,0,2555.9512548025814
single,0,0.15,0.85,2018-06-20 00:00:00+00:00,12.742382271468143,11.5,0,2555.9512548025814
single,0,0.2,0.8,2018-06-20 00:00:00+00:00,12.742382271468143,11.5,0,2555.9512548025814
single,0,0.25,0.75,2018-06-20 00:00:00+00:00,12.742382271468143,11.5,0,2555.9512548025814
single,0,0.3,0.7,2018-06-20 00:00:00+00:00,12.742382271468143,11.5,0,2555.9512548025814
single,0,0.35,0.65,2018-06-20 00:00:00+00:00,12.742382271468143,11.5,0,2555.9512548025814
dual,0,0.05,0.95,2018-06-20 00:00:00+00:00,13.131529917549214,11.851205750588166,0,2704.220194351845
dual,0,0.1,0.9,2018-06-20 00:00:00+00:00,11.61751176675234,10.263456257447753,7,2726.2221467787026
dual,0,0.15,0.85,2018-06-20 00:00:00+00:00,11.469306895396915,10.185375779651796,11,2718.406190667752
dual,0,0.2,0.8,2018-06-20 00:00:00+00:00,11.659268237299822,10.422359953880498,14,2707.7288756799444
dual,0,0.25,0.75,2018-06-20 00:00:00+00:00,12.502283276262997,10.673949171619766,16,2740.256807644254
dual,0,0.3,0.7,2018-06-20 00:00:00+00:00,12.971053023103737,10.8514891642021,15,2751.131987741739
dual,0,0.35,0.65,2018-06-20 00:00:00+00:00,9.03412426983594,8.818238870966729,17,2695.851474372007
single,0,0.05,0.95,2018-06-21 00:00:00+00:00,10.526315789473685,9.5,0,1188.4879110095128
single,0,0.1,0.9,2018-06-21 00:00:00+00:00,10.526315789473685,9.5,0,1188.4879110095128
single,0,0.15,0.85,2018-06-21 00:00:00+00:00,10.526315789473685,9.5,0,1188.4879110095128
single,0,0.2,0.8,2018-06-21 00:00:00+00:00,10.526315789473685,9.5,0,1188.4879110095128
single,0,0.25,0.75,2018-06-21 00:00:00+00:00,10.526315789473685,9.5,0,1188.4879110095128
single,0,0.3,0.7,2018-06-21 00:00:00+00:00,10.526315789473685,9.5,0,1188.4879110095128
single,0,0.35,0.65,2018-06-21 00:00:00+00:00,10.526315789473685,9.5,0,1188.4879110095128
dual,0,0.05,0.95,2018-06-21 00:00:00+00:00,11.735017038559057,10.715459196637951,2,1397.1911188431927
dual,0,0.1,0.9,2018-06-21 00:00:00+00:00,11.269073565443598,10.261292103687603,4,1390.5614137254158
dual,0,0.15,0.85,2018-06-21 00:00:00+00:00,10.757967271400716,9.59338499511816,4,1378.7066737882164
dual,0,0.2,0.8,2018-06-21 00:00:00+00:00,10.55238264061771,9.374017642592676,5,1376.441907227027
dual,0,0.25,0.75,2018-06-21 00:00:00+00:00,12.356630564330505,11.048246090639504,6,1442.4154256586921
dual,0,0.3,0.7,2018-06-21 00:00:00+00:00,13.154252094784603,12.052119339737141,10,1477.9794778624398
dual,0,0.35,0.65,2018-06-21 00:00:00+00:00,24.527365887917906,20.617451924149613,17,1660.8189793426202
single,0,0.05,0.95,2018-06-22 00:00:00+00:00,8.421052631578949,7.6,0,891.0685507160599
single,0,0.1,0.9,2018-06-22 00:00:00+00:00,8.421052631578949,7.6,0,891.0685507160599
single,0,0.15,0.85,2018-06-22 00:00:00+00:00,8.421052631578949,7.6,0,891.0685507160599
single,0,0.2,0.8,2018-06-22 00:00:00+00:00,8.421052631578949,7.6,0,891.0685507160599
single,0,0.25,0.75,2018-06-22 00:00:00+00:00,8.421052631578949,7.6,0,891.0685507160599
single,0,0.3,0.7,2018-06-22 00:00:00+00:00,8.421052631578949,7.6,0,891.0685507160599
single,0,0.35,0.65,2018-06-22 00:00:00+00:00,8.421052631578949,7.6,0,891.0685507160599
dual,0,0.05,0.95,2018-06-22 00:00:00+00:00,9.192447684135635,8.507456694558645,1,1263.891070134542
dual,0,0.1,0.9,2018-06-22 00:00:00+00:00,9.064230371487902,8.406662968814306,3,1254.7971670689826
dual,0,0.15,0.85,2018-06-22 00:00:00+00:00,8.81591228326533,8.16039724480491,4,1247.4448279832454
dual,0,0.2,0.8,2018-06-22 00:00:00+00:00,8.514940999092259,8.280380253272472,6,1268.8941161890887
dual,0,0.25,0.75,2018-06-22 00:00:00+00:00,16.310967378034036,14.882303215650955,11,1375.6563294231742
dual,0,0.3,0.7,2018-06-22 00:00:00+00:00,22.33314308309258,20.250661632491052,16,1477.32717780635
dual,0,0.35,0.65,2018-06-22 00:00:00+00:00,25.436105120391296,23.051084871153147,21,1685.6901187420985
single,0,0.05,0.95,2018-06-23 00:00:00+00:00,10.526315789473685,9.5,0,865.6613432937515
single,0,0.1,0.9,2018-06-23 00:00:00+00:00,10.526315789473685,9.5,0,865.6613432937515
single,0,0.15,0.85,2018-06-23 00:00:00+00:00,10.526315789473685,9.5,0,865.6613432937515
single,0,0.2,0.8,2018-06-23 00:00:00+00:00,10.526315789473685,9.5,0,865.6613432937515
single,0,0.25,0.75,2018-06-23 00:00:00+00:00,10.526315789473685,9.5,0,865.6613432937515
single,0,0.3,0.7,2018-06-23 00:00:00+00:00,10.526315789473685,9.5,0,865.6613432937515
single,0,0.35,0.65,2018-06-23 00:00:00+00:00,10.526315789473685,9.5,0,865.6613432937515
dual,0,0.05,0.95,2018-06-23 00:00:00+00:00,9.981585349705275,9.04568774878659,2,1224.5030906076004
dual,0,0.1,0.9,2018-06-23 00:00:00+00:00,9.977050217884608,9.052510518631877,3,1222.753791531798
dual,0,0.15,0.85,2018-06-23 00:00:00+00:00,9.64495165472381,8.767171956569147,4,1219.7377794095023
dual,0,0.2,0.8,2018-06-23 00:00:00+00:00,10.374072137816878,9.619358021373507,6,1222.9926572683262
dual,0,0.25,0.75,2018-06-23 00:00:00+00:00,22.20344147573608,19.170443977988185,15,1460.5417093833125
dual,0,0.3,0.7,2018-06-23 00:00:00+00:00,23.768839603107978,20.149961725498784,14,1506.4733463467546
dual,0,0.35,0.65,2018-06-23 00:00:00+00:00,22.398512097721635,19.127764183351083,17,1600.751576439453
single,0,0.05,0.95,2018-06-24 00:00:00+00:00,10.526315789473683,9.5,0,989.7090579548989
single,0,0.1,0.9,2018-06-24 00:00:00+00:00,10.526315789473683,9.5,0,989.709057954899
single,0,0.15,0.85,2018-06-24 00:00:00+00:00,10.526315789473683,9.5,0,989.709057954899
single,0,0.2,0.8,2018-06-24 00:00:00+00:00,10.526315789473683,9.5,0,989.709057954899
single,0,0.25,0.75,2018-06-24 00:00:00+00:00,10.526315789473683,9.5,0,989.7090579548989
single,0,0.3,0.7,2018-06-24 00:00:00+00:00,10.526315789473683,9.5,0,989.709057954899
single,0,0.35,0.65,2018-06-24 00:00:00+00:00,10.526315789473683,9.5,0,989.709057954899
dual,0,0.05,0.95,2018-06-24 00:00:00+00:00,9.918520703839329,8.951464935215,0,1041.9631792231496
dual,0,0.1,0.9,2018-06-24 00:00:00+00:00,9.338905753734656,8.415615628983529,5,1037.8311184060005
dual,0,0.15,0.85,2018-06-24 00:00:00+00:00,8.438370003101081,7.556191933218586,5,1041.6013099101654
dual,0,0.2,0.8,2018-06-24 00:00:00+00:00,8.800462319660511,7.84290713234232,6,1042.9949765001659
dual,0,0.25,0.75,2018-06-24 00:00:00+00:00,11.497348696397538,10.090476885951253,16,1147.857966083595
dual,0,0.3,0.7,2018-06-24 00:00:00+00:00,11.433941564880929,10.095469070911003,16,1165.405267465198
dual,0,0.35,0.65,2018-06-24 00:00:00+00:00,10.468091531406246,9.542452607094138,18,1297.3682925378216
single,0,0.05,0.95,2018-06-25 00:00:00+00:00,8.421052631578949,7.6,0,1164.0044495142038
single,0,0.1,0.9,2018-06-25 00:00:00+00:00,8.421052631578949,7.6,0,1164.0044495142038
single,0,0.15,0.85,2018-06-25 00:00:00+00:00,8.421052631578949,7.6,0,1164.0044495142038
single,0,0.2,0.8,2018-06-25 00:00:00+00:00,8.421052631578949,7.6,0,1164.0044495142038
single,0,0.25,0.75,2018-06-25 00:00:00+00:00,8.421052631578949,7.6,0,1164.0044495142038
single,0,0.3,0.7,2018-06-25 00:00:00+00:00,8.421052631578949,7.6,0,1164.0044495142038
single,0,0.35,0.65,2018-06-25 00:00:00+00:00,8.421052631578949,7.6,0,1164.0044495142038
dual,0,0.05,0.95,2018-06-25 00:00:00+00:00,8.576474146659464,7.740267917360168,0,1282.8617405544753
dual,0,0.1,0.9,2018-06-25 00:00:00+00:00,8.511953124072011,7.688800099339476,1,1271.6842122268667
dual,0,0.15,0.85,2018-06-25 00:00:00+00:00,8.250621194091837,7.43699546594449,2,1254.247882628857
dual,0,0.2,0.8,2018-06-25 00:00:00+00:00,7.992231322849822,7.456176259700067,4,1335.4495287133502
dual,0,0.25,0.75,2018-06-25 00:00:00+00:00,15.117355050274071,13.113966743219626,5,1410.7376321875224
dual,0,0.3,0.7,2018-06-25 00:00:00+00:00,16.810447733292378,14.363036271929298,6,1510.581347316193
dual,0,0.35,0.65,2018-06-25 00:00:00+00:00,13.593599704872755,11.568708857603065,14,1583.7294841937974
single,0,0.05,0.95,2018-06-26 00:00:00+00:00,10.315789473684212,9.309999999999999,0,1066.402750841134
single,0,0.1,0.9,2018-06-26 00:00:00+00:00,10.315789473684212,9.309999999999999,0,1066.402750841134
single,0,0.15,0.85,2018-06-26 00:00:00+00:00,10.315789473684212,9.309999999999999,0,1066.402750841134
single,0,0.2,0.8,2018-06-26 00:00:00+00:00,10.315789473684212,9.309999999999999,0,1066.402750841134
single,0,0.25,0.75,2018-06-26 00:00:00+00:00,10.315789473684212,9.309999999999999,0,1066.402750841134
single,0,0.3,0.7,2018-06-26 00:00:00+00:00,10.315789473684212,9.309999999999999,0,1066.402750841134
single,0,0.35,0.65,2018-06-26 00:00:00+00:00,10.315789473684212,9.309999999999999,0,1066.402750841134
dual,0,0.05,0.95,2018-06-26 00:00:00+00:00,10.242152274227742,9.243542427490539,0,1609.163493089204
dual,0,0.1,0.9,2018-06-26 00:00:00+00:00,10.526736824907694,9.51481063844053,1,1577.4410492794282
dual,0,0.15,0.85,2018-06-26 00:00:00+00:00,10.06516044779113,9.216501832768213,3,1577.2984565167262
dual,0,0.2,0.8,2018-06-26 00:00:00+00:00,9.630721831107653,8.997273325367638,5,1652.7025371901268
dual,0,0.25,0.75,2018-06-26 00:00:00+00:00,16.95086566554607,15.51118713761427,9,1696.9806842070466
dual,0,0.3,0.7,2018-06-26 00:00:00+00:00,23.60127698994259,20.777866834496002,11,1804.5822186215203
dual,0,0.35,0.65,2018-06-26 00:00:00+00:00,28.24335611599193,23.867477176298443,18,1980.617802968644
single,0,0.05,0.95,2018-06-27 00:00:00+00:00,8.421052631578949,7.6,0,1002.4179250778001
single,0,0.1,0.9,2018-06-27 00:00:00+00:00,8.421052631578949,7.6,0,1002.4179250778001
single,0,0.15,0.85,2018-06-27 00:00:00+00:00,8.421052631578949,7.6,0,1002.4179250778001
single,0,0.2,0.8,2018-06-27 00:00:00+00:00,8.421052631578949,7.6,0,1002.4179250778001
single,0,0.25,0.75,2018-06-27 00:00:00+00:00,8.421052631578949,7.6,0,1002.4179250778001
single,0,0.3,0.7,2018-06-27 00:00:00+00:00,8.421052631578949,7.6,0,1002.4179250778001
single,0,0.35,0.65,2018-06-27 00:00:00+00:00,8.421052631578949,7.6,0,1002.4179250778001
dual,0,0.05,0.95,2018-06-27 00:00:00+00:00,8.083321840095966,7.376452610009599,1,1543.274157051827
dual,0,0.1,0.9,2018-06-27 00:00:00+00:00,7.782063576406868,7.207862007761934,2,1523.2693209549288
dual,0,0.15,0.85,2018-06-27 00:00:00+00:00,7.487908688994921,6.961710237881482,2,1499.7917501444963
dual,0,0.2,0.8,2018-06-27 00:00:00+00:00,7.211952425952848,7.433865109147544,4,1536.048699010181
dual,0,0.25,0.75,2018-06-27 00:00:00+00:00,20.62557006056143,18.673390674478707,10,1657.0483009758955
dual,0,0.3,0.7,2018-06-27 00:00:00+00:00,24.868522768010138,22.22608848447556,13,1699.0299648240652
dual,0,0.35,0.65,2018-06-27 00:00:00+00:00,28.428895720409336,24.98105304558958,18,1769.0386007202562
single,0,0.05,0.95,2018-06-28 00:00:00+00:00,8.421052631578949,7.6,0,1089.9090424488488
single,0,0.1,0.9,2018-06-28 00:00:00+00:00,8.421052631578949,7.6,0,1089.9090424488488
single,0,0.15,0.85,2018-06-28 00:00:00+00:00,8.421052631578949,7.6,0,1089.9090424488488
single,0,0.2,0.8,2018-06-28 00:00:00+00:00,8.421052631578949,7.6,0,1089.9090424488488
single,0,0.25,0.75,2018-06-28 00:00:00+00:00,8.421052631578949,7.6,0,1089.9090424488488
single,0,0.3,0.7,2018-06-28 00:00:00+00:00,8.421052631578949,7.6,0,1089.9090424488488
single,0,0.35,0.65,2018-06-28 00:00:00+00:00,8.421052631578949,7.6,0,1089.9090424488488
dual,0,0.05,0.95,2018-06-28 00:00:00+00:00,8.439163327074121,7.616344902684395,0,1191.3670950975304
dual,0,0.1,0.9,2018-06-28 00:00:00+00:00,8.541697188777079,7.709434658820063,1,1185.3338852314578
dual,0,0.15,0.85,2018-06-28 00:00:00+00:00,8.26938401148054,7.463119070361188,3,1181.1238293451383
dual,0,0.2,0.8,2018-06-28 00:00:00+00:00,8.145027776829972,7.530516752497853,7,1233.6852704021621
dual,0,0.25,0.75,2018-06-28 00:00:00+00:00,12.454124357090361,10.944921064991853,10,1259.7535982616812
dual,0,0.3,0.7,2018-06-28 00:00:00+00:00,13.223212913001733,11.530907824961488,10,1308.8846414196723
dual,0,0.35,0.65,2018-06-28 00:00:00+00:00,11.1857822945739,10.108127163911067,17,1338.9045301258025
single,0,0.05,0.95,2018-06-29 00:00:00+00:00,10.315789473684212,9.31,0,959.986773896994
single,0,0.1,0.9,2018-06-29 00:00:00+00:00,10.315789473684212,9.31,0,959.986773896994
single,0,0.15,0.85,2018-06-29 00:00:00+00:00,10.315789473684212,9.31,0,959.986773896994
single,0,0.2,0.8,2018-06-29 00:00:00+00:00,10.315789473684212,9.31,0,959.986773896994
single,0,0.25,0.75,2018-06-29 00:00:00+00:00,10.315789473684212,9.31,0,959.986773896994
single,0,0.3,0.7,2018-06-29 00:00:00+00:00,10.315789473684212,9.31,0,959.986773896994
single,0,0.35,0.65,2018-06-29 00:00:00+00:00,10.315789473684212,9.31,0,959.986773896994
dual,0,0.05,0.95,2018-06-29 00:00:00+00:00,9.431239582239366,8.511693722971028,0,1064.7749045811497
dual,0,0.1,0.9,2018-06-29 00:00:00+00:00,9.458873861585163,8.536633660080609,0,1062.4084126271994
dual,0,0.15,0.85,2018-06-29 00:00:00+00:00,9.678671080410343,8.678358968423515,3,1065.978840191677
dual,0,0.2,0.8,2018-06-29 00:00:00+00:00,9.69255132899789,8.429478150754182,3,1073.9266007404754
dual,0,0.25,0.75,2018-06-29 00:00:00+00:00,12.85315395796173,10.975158318539489,13,1123.43715935635
dual,0,0.3,0.7,2018-06-29 00:00:00+00:00,13.25074269670182,11.065450806874079,11,1199.5727468874534
dual,0,0.35,0.65,2018-06-29 00:00:00+00:00,12.212677891483477,10.411919110241307,16,1247.0202749707582
single,0,0.05,0.95,2018-06-30 00:00:00+00:00,10.537396121883656,9.51,0,1179.3963026670997
single,0,0.1,0.9,2018-06-30 00:00:00+00:00,10.537396121883656,9.51,0,1179.3963026670997
single,0,0.15,0.85,2018-06-30 00:00:00+00:00,10.537396121883656,9.51,0,1179.3963026670997
single,0,0.2,0.8,2018-06-30 00:00:00+00:00,10.537396121883656,9.51,0,1179.3963026670997
single,0,0.25,0.75,2018-06-30 00:00:00+00:00,10.537396121883656,9.51,0,1179.3963026670997
single,0,0.3,0.7,2018-06-30 00:00:00+00:00,10.537396121883656,9.51,0,1179.3963026670997
single,0,0.35,0.65,2018-06-30 00:00:00+00:00,10.537396121883656,9.51,0,1179.3963026670997
dual,0,0.05,0.95,2018-06-30 00:00:00+00:00,12.35259322782583,11.120213102614246,1,1330.7438755284395
dual,0,0.1,0.9,2018-06-30 00:00:00+00:00,12.292560491306752,10.894262761767646,3,1320.640444301766
dual,0,0.15,0.85,2018-06-30 00:00:00+00:00,12.13972154407455,10.670295687271235,7,1308.8107147346473
dual,0,0.2,0.8,2018-06-30 00:00:00+00:00,11.729179679024913,10.280211872735123,8,1300.000332900756
dual,0,0.25,0.75,2018-06-30 00:00:00+00:00,12.659767996596713,11.429023636026361,15,1382.0543883692185
dual,0,0.3,0.7,2018-06-30 00:00:00+00:00,11.836212811083225,11.493273751145772,17,1398.5121553756076
dual,0,0.35,0.65,2018-06-30 00:00:00+00:00,12.336706641965202,12.220710646983374,20,1628.6136973118162
single,0,0.05,0.95,2018-07-01 00:00:00+00:00,10.526315789473685,9.5,0,1964.728639867251
single,0,0.1,0.9,2018-07-01 00:00:00+00:00,10.526315789473685,9.5,0,1964.728639867251
single,0,0.15,0.85,2018-07-01 00:00:00+00:00,10.526315789473685,9.5,0,1964.728639867251
single,0,0.2,0.8,2018-07-01 00:00:00+00:00,10.526315789473685,9.5,0,1964.7286398672513
single,0,0.25,0.75,2018-07-01 00:00:00+00:00,10.526315789473685,9.5,0,1964.728639867251
single,0,0.3,0.7,2018-07-01 00:00:00+00:00,10.526315789473685,9.5,0,1964.728639867251
single,0,0.35,0.65,2018-07-01 00:00:00+00:00,10.526315789473685,9.5,0,1964.7286398672513
dual,0,0.05,0.95,2018-07-01 00:00:00+00:00,11.10341820898073,10.169239592158295,3,2718.4960654119072
dual,0,0.1,0.9,2018-07-01 00:00:00+00:00,10.47861506417335,9.651037682230065,9,2712.1253789690923
dual,0,0.15,0.85,2018-07-01 00:00:00+00:00,10.749541527146507,9.941008746517275,11,2727.6781078401295
dual,0,0.2,0.8,2018-07-01 00:00:00+00:00,10.252215081419667,9.577704304846199,13,2721.807558346519
dual,0,0.25,0.75,2018-07-01 00:00:00+00:00,17.246477878845834,15.143527112622888,15,2952.1845951101695
dual,0,0.3,0.7,2018-07-01 00:00:00+00:00,21.281034773156286,18.9348114237977,16,2974.0828841216958
dual,0,0.35,0.65,2018-07-01 00:00:00+00:00,22.27721022098221,19.041474444894323,21,3113.657568895019
single,0,0.05,0.95,2018-07-02 00:00:00+00:00,8.105263157894736,7.315,0,2104.866284069215
single,0,0.1,0.9,2018-07-02 00:00:00+00:00,8.105263157894736,7.315,0,2104.866284069215
single,0,0.15,0.85,2018-07-02 00:00:00+00:00,8.105263157894736,7.315,0,2104.866284069215
single,0,0.2,0.8,2018-07-02 00:00:00+00:00,8.105263157894736,7.315,0,2104.866284069215
single,0,0.25,0.75,2018-07-02 00:00:00+00:00,8.105263157894736,7.315,0,2104.866284069215
single,0,0.3,0.7,2018-07-02 00:00:00+00:00,8.105263157894736,7.315,0,2104.866284069215
single,0,0.35,0.65,2018-07-02 00:00:00+00:00,8.105263157894736,7.315,0,2104.866284069215
dual,0,0.05,0.95,2018-07-02 00:00:00+00:00,11.68859001133414,10.614540232451345,1,2221.0683773021465
dual,0,0.1,0.9,2018-07-02 00:00:00+00:00,10.582809369981842,9.69803249925529,1,2220.0299239404576
dual,0,0.15,0.85,2018-07-02 00:00:00+00:00,9.629209322338882,8.879448038113347,3,2202.6384162494514
dual,0,0.2,0.8,2018-07-02 00:00:00+00:00,9.0162869133262,8.319585200538375,5,2203.684685991919
dual,0,0.25,0.75,2018-07-02 00:00:00+00:00,10.511293085663779,9.157219409225522,9,2227.3085839898004
dual,0,0.3,0.7,2018-07-02 00:00:00+00:00,11.187127316720037,9.328436068017703,10,2278.8961834930033
dual,0,0.35,0.65,2018-07-02 00:00:00+00:00,5.2770748904762845,3.6649547338351134,17,2336.947063753707
single,0,0.05,0.95,2018-07-03 00:00:00+00:00,4.210526315789474,3.8,0,2377.807183125334
single,0,0.1,0.9,2018-07-03 00:00:00+00:00,4.210526315789474,3.8,0,2377.807183125334
single,0,0.15,0.85,2018-07-03 00:00:00+00:00,4.210526315789474,3.8,0,2377.807183125334
single,0,0.2,0.8,2018-07-03 00:00:00+00:00,4.210526315789474,3.8,0,2377.807183125334
single,0,0.25,0.75,2018-07-03 00:00:00+00:00,4.210526315789474,3.8,0,2377.807183125334
single,0,0.3,0.7,2018-07-03 00:00:00+00:00,4.210526315789474,3.8,0,2377.807183125334
single,0,0.35,0.65,2018-07-03 00:00:00+00:00,4.210526315789474,3.8,0,2377.807183125334
dual,0,0.05,0.95,2018-07-03 00:00:00+00:00,8.754660734185057,7.773485734543561,5,2556.800592376274
dual,0,0.1,0.9,2018-07-03 00:00:00+00:00,7.913641928490144,6.783313079402141,9,2555.543258374664
dual,0,0.15,0.85,2018-07-03 00:00:00+00:00,7.758757095811335,6.774075092870767,14,2538.1322409987088
dual,0,0.2,0.8,2018-07-03 00:00:00+00:00,7.622136427415912,6.711720515254147,14,2539.6440187324833
dual,0,0.25,0.75,2018-07-03 00:00:00+00:00,6.911612701377086,4.449640147324015,15,2667.202893877305
dual,0,0.3,0.7,2018-07-03 00:00:00+00:00,6.005798180910832,3.5202328582720246,16,2822.83257442755
dual,0,0.35,0.65,2018-07-03 00:00:00+00:00,6.136615385559196,4.151164069012928,18,2831.129328851157
single,0,0.05,0.95,2018-07-04 00:00:00+00:00,6.105263157894737,5.51,0,2453.9386153043656
single,0,0.1,0.9,2018-07-04 00:00:00+00:00,6.105263157894737,5.51,0,2453.9386153043656
single,0,0.15,0.85,2018-07-04 00:00:00+00:00,6.105263157894737,5.51,0,2453.9386153043656
single,0,0.2,0.8,2018-07-04 00:00:00+00:00,6.105263157894737,5.51,0,2453.9386153043656
single,0,0.25,0.75,2018-07-04 00:00:00+00:00,6.105263157894737,5.51,0,2453.9386153043656
single,0,0.3,0.7,2018-07-04 00:00:00+00:00,6.105263157894737,5.51,0,2453.9386153043656
single,0,0.35,0.65,2018-07-04 00:00:00+00:00,6.105263157894737,5.51,0,2453.9386153043656
dual,0,0.05,0.95,2018-07-04 00:00:00+00:00,11.018390574705336,9.925258902691986,1,2705.856679280514
dual,0,0.1,0.9,2018-07-04 00:00:00+00:00,10.28295412518602,9.185690535108776,3,2699.517543595651
dual,0,0.15,0.85,2018-07-04 00:00:00+00:00,9.697970208491178,8.648271803966338,2,2660.3814290840164
dual,0,0.2,0.8,2018-07-04 00:00:00+00:00,9.068514215694258,8.072690720897032,2,2639.3197950616145
dual,0,0.25,0.75,2018-07-04 00:00:00+00:00,12.532287002992309,11.346286333119409,8,2642.2763165680863
dual,0,0.3,0.7,2018-07-04 00:00:00+00:00,12.950917653906378,11.944424463313037,10,2732.766625838019
dual,0,0.35,0.65,2018-07-04 00:00:00+00:00,17.728371302008814,16.081271590326054,15,2808.6360620878777
single,0,0.05,0.95,2018-07-05 00:00:00+00:00,8.421052631578949,7.6,0,1861.9656446516342
single,0,0.1,0.9,2018-07-05 00:00:00+00:00,8.421052631578949,7.6,0,1861.9656446516342
single,0,0.15,0.85,2018-07-05 00:00:00+00:00,8.421052631578949,7.6,0,1861.9656446516342
single,0,0.2,0.8,2018-07-05 00:00:00+00:00,8.421052631578949,7.6,0,1861.9656446516342
single,0,0.25,0.75,2018-07-05 00:00:00+00:00,8.421052631578949,7.6,0,1861.9656446516342
single,0,0.3,0.7,2018-07-05 00:00:00+00:00,8.421052631578949,7.6,0,1861.9656446516342
single,0,0.35,0.65,2018-07-05 00:00:00+00:00,8.421052631578949,7.6,0,1861.9656446516342
dual,0,0.05,0.95,2018-07-05 00:00:00+00:00,9.00770261188742,7.938222968884263,1,2051.72670769194
dual,0,0.1,0.9,2018-07-05 00:00:00+00:00,8.766446418759081,7.183050405317985,4,2071.321347986965
dual,0,0.15,0.85,2018-07-05 00:00:00+00:00,8.997526787004192,7.326572878601474,8,2055.809951067066
dual,0,0.2,0.8,2018-07-05 00:00:00+00:00,8.824080895912548,6.718405392490106,8,2086.6884599692157
dual,0,0.25,0.75,2018-07-05 00:00:00+00:00,7.8226967131626415,5.159983783629283,14,2179.5380294586644
dual,0,0.3,0.7,2018-07-05 00:00:00+00:00,7.840996881217553,5.176499685298841,14,2161.6588179470723
dual,0,0.35,0.65,2018-07-05 00:00:00+00:00,8.524385417678802,7.788257839455119,19,2123.1674517512542
single,0,0.05,0.95,2018-07-06 00:00:00+00:00,10.637119113573409,9.6,0,1232.3910336306028
single,0,0.1,0.9,2018-07-06 00:00:00+00:00,10.637119113573409,9.6,0,1232.3910336306028
single,0,0.15,0.85,2018-07-06 00:00:00+00:00,10.637119113573409,9.6,0,1232.3910336306028
single,0,0.2,0.8,2018-07-06 00:00:00+00:00,10.637119113573409,9.6,0,1232.3910336306028
single,0,0.25,0.75,2018-07-06 00:00:00+00:00,10.637119113573409,9.6,0,1232.3910336306028
single,0,0.3,0.7,2018-07-06 00:00:00+00:00,10.637119113573409,9.6,0,1232.3910336306028
single,0,0.35,0.65,2018-07-06 00:00:00+00:00,10.637119113573409,9.6,0,1232.3910336306028
dual,0,0.05,0.95,2018-07-06 00:00:00+00:00,9.908885248246527,9.04511070917669,4,1486.6328300000375
dual,0,0.1,0.9,2018-07-06 00:00:00+00:00,9.706046174498937,8.824458818470633,5,1472.4381695491627
dual,0,0.15,0.85,2018-07-06 00:00:00+00:00,9.068737591766476,8.143758000326152,7,1460.4981696893665
dual,0,0.2,0.8,2018-07-06 00:00:00+00:00,8.887976412509557,7.833394604904256,7,1445.3902680024041
dual,0,0.25,0.75,2018-07-06 00:00:00+00:00,13.199890969198435,12.054674498186728,9,1522.6456624068624
dual,0,0.3,0.7,2018-07-06 00:00:00+00:00,14.272881341772624,13.12631802976034,8,1532.2124330032852
dual,0,0.35,0.65,2018-07-06 00:00:00+00:00,19.202653384693836,16.666835546192445,15,1725.9722615437481
single,0,0.05,0.95,2018-07-07 00:00:00+00:00,8.421052631578949,7.6,0,1084.5777784659717
single,0,0.1,0.9,2018-07-07 00:00:00+00:00,8.421052631578949,7.6,0,1084.5777784659717
single,0,0.15,0.85,2018-07-07 00:00:00+00:00,8.421052631578949,7.6,0,1084.5777784659717
single,0,0.2,0.8,2018-07-07 00:00:00+00:00,8.421052631578949,7.6,0,1084.5777784659717
single,0,0.25,0.75,2018-07-07 00:00:00+00:00,8.421052631578949,7.6,0,1084.5777784659717
single,0,0.3,0.7,2018-07-07 00:00:00+00:00,8.421052631578949,7.6,0,1084.5777784659717
single,0,0.35,0.65,2018-07-07 00:00:00+00:00,8.421052631578949,7.6,0,1084.5777784659717
dual,0,0.05,0.95,2018-07-07 00:00:00+00:00,8.519701458256993,7.791100640968388,2,1577.4023154338267
dual,0,0.1,0.9,2018-07-07 00:00:00+00:00,9.541388167800683,8.78094246050628,2,1575.018623103555
dual,0,0.15,0.85,2018-07-07 00:00:00+00:00,9.456579862641618,8.674158312948672,4,1566.6056694458475
dual,0,0.2,0.8,2018-07-07 00:00:00+00:00,9.243697883980566,8.65636187348414,5,1563.5190192286877
dual,0,0.25,0.75,2018-07-07 00:00:00+00:00,15.464384692248611,13.54794586861074,12,1729.6909361168152
dual,0,0.3,0.7,2018-07-07 00:00:00+00:00,18.033060154426707,15.83389327950474,15,1798.150748318435
dual,0,0.35,0.65,2018-07-07 00:00:00+00:00,29.62419619477437,26.01660612088884,21,1946.4965523524365
single,0,0.05,0.95,2018-07-08 00:00:00+00:00,8.210526315789474,7.41,0,1116.0206371926736
single,0,0.1,0.9,2018-07-08 00:00:00+00:00,8.210526315789474,7.41,0,1116.0206371926736
single,0,0.15,0.85,2018-07-08 00:00:00+00:00,8.210526315789474,7.41,0,1116.0206371926736
single,0,0.2,0.8,2018-07-08 00:00:00+00:00,8.210526315789474,7.41,0,1116.0206371926736
single,0,0.25,0.75,2018-07-08 00:00:00+00:00,8.210526315789474,7.41,0,1116.0206371926736
single,0,0.3,0.7,2018-07-08 00:00:00+00:00,8.210526315789474,7.41,0,1116.0206371926736
single,0,0.35,0.65,2018-07-08 00:00:00+00:00,8.210526315789474,7.41,0,1116.0206371926736
dual,0,0.05,0.95,2018-07-08 00:00:00+00:00,10.235935467599981,9.304358377268917,1,1337.8903108294508
dual,0,0.1,0.9,2018-07-08 00:00:00+00:00,9.11785274936781,8.29863801175794,1,1350.6928036330514
dual,0,0.15,0.85,2018-07-08 00:00:00+00:00,8.715763541906682,7.861130152738861,1,1333.9482984849003
dual,0,0.2,0.8,2018-07-08 00:00:00+00:00,8.930229009140879,8.253767799026917,5,1394.4814591334218
dual,0,0.25,0.75,2018-07-08 00:00:00+00:00,16.581419615172848,15.096385097879715,10,1451.4227695869724
dual,0,0.3,0.7,2018-07-08 00:00:00+00:00,18.904403721772717,17.00362237673135,6,1458.8521123694795
dual,0,0.35,0.65,2018-07-08 00:00:00+00:00,20.880667254943646,18.26924702864242,14,1573.8155511109635
single,0,0.05,0.95,2018-07-09 00:00:00+00:00,10.421052631578949,9.405000000000001,0,1177.7241512935618
single,0,0.1,0.9,2018-07-09 00:00:00+00:00,10.421052631578949,9.405000000000001,0,1177.7241512935618
single,0,0.15,0.85,2018-07-09 00:00:00+00:00,10.421052631578949,9.405000000000001,0,1177.7241512935618
single,0,0.2,0.8,2018-07-09 00:00:00+00:00,10.421052631578949,9.405000000000001,0,1177.7241512935618
single,0,0.25,0.75,2018-07-09 00:00:00+00:00,10.421052631578949,9.405000000000001,0,1177.7241512935618
single,0,0.3,0.7,2018-07-09 00:00:00+00:00,10.421052631578949,9.405000000000001,0,1177.7241512935618
single,0,0.35,0.65,2018-07-09 00:00:00+00:00,10.421052631578949,9.405000000000001,0,1177.7241512935618
dual,0,0.05,0.95,2018-07-09 00:00:00+00:00,10.501886042022331,9.541851135268576,2,1359.316226423542
dual,0,0.1,0.9,2018-07-09 00:00:00+00:00,10.042766684018058,9.146443386168702,5,1359.5617122213291
dual,0,0.15,0.85,2018-07-09 00:00:00+00:00,9.773557145681082,8.84276266952174,6,1354.0198150963738
dual,0,0.2,0.8,2018-07-09 00:00:00+00:00,10.236782463103857,9.641656308360858,7,1390.389953819546
dual,0,0.25,0.75,2018-07-09 00:00:00+00:00,13.001295347980879,11.873754717296887,10,1393.0026130989836
dual,0,0.3,0.7,2018-07-09 00:00:00+00:00,16.17933750173531,14.285604165798148,13,1492.9420427260652
dual,0,0.35,0.65,2018-07-09 00:00:00+00:00,17.969804609577736,15.711800167164899,14,1605.8840675606025
single,0,0.05,0.95,2018-07-10 00:00:00+00:00,10.315789473684212,9.309999999999999,0,1387.2494323354172
single,0,0.1,0.9,2018-07-10 00:00:00+00:00,10.315789473684212,9.309999999999999,0,1387.2494323354172
single,0,0.15,0.85,2018-07-10 00:00:00+00:00,10.315789473684212,9.309999999999999,0,1387.2494323354172
single,0,0.2,0.8,2018-07-10 00:00:00+00:00,10.315789473684212,9.309999999999999,0,1387.2494323354172
single,0,0.25,0.75,2018-07-10 00:00:00+00:00,10.315789473684212,9.309999999999999,0,1387.2494323354172
single,0,0.3,0.7,2018-07-10 00:00:00+00:00,10.315789473684212,9.309999999999999,0,1387.2494323354172
single,0,0.35,0.65,2018-07-10 00:00:00+00:00,10.315789473684212,9.309999999999999,0,1387.2494323354172
dual,0,0.05,0.95,2018-07-10 00:00:00+00:00,9.7569291582138,8.983682942081712,4,1929.7216370348544
dual,0,0.1,0.9,2018-07-10 00:00:00+00:00,9.886891206923428,9.071043562392212,4,1834.0948171484229
dual,0,0.15,0.85,2018-07-10 00:00:00+00:00,9.051099056016527,8.225521565781328,8,1851.635176514496
dual,0,0.2,0.8,2018-07-10 00:00:00+00:00,8.619867457458863,7.515365085143127,9,1848.4053398473889
dual,0,0.25,0.75,2018-07-10 00:00:00+00:00,10.552390900108094,9.015600014824805,14,2113.689577222932
dual,0,0.3,0.7,2018-07-10 00:00:00+00:00,11.841695146679054,9.651272409037775,14,2142.2681569416927
dual,0,0.35,0.65,2018-07-10 00:00:00+00:00,13.78375005768488,11.78894898919896,21,2213.3528390579622
single,0,0.05,0.95,2018-07-11 00:00:00+00:00,12.315789473684212,11.115,0,2224.266549886451
single,0,0.1,0.9,2018-07-11 00:00:00+00:00,12.315789473684212,11.115,0,2224.266549886451
single,0,0.15,0.85,2018-07-11 00:00:00+00:00,12.315789473684212,11.115,0,2224.266549886451
single,0,0.2,0.8,2018-07-11 00:00:00+00:00,12.315789473684212,11.115,0,2224.266549886451
single,0,0.25,0.75,2018-07-11 00:00:00+00:00,12.315789473684212,11.115,0,2224.266549886451
single,0,0.3,0.7,2018-07-11 00:00:00+00:00,12.315789473684212,11.115,0,2224.266549886451
single,0,0.35,0.65,2018-07-11 00:00:00+00:00,12.315789473684212,11.115,0,2224.266549886451
dual,0,0.05,0.95,2018-07-11 00:00:00+00:00,11.219667663340902,10.16675988164465,9,2781.6537293058586
dual,0,0.1,0.9,2018-07-11 00:00:00+00:00,11.447489190040141,10.245167930564008,10,2721.781732111914
dual,0,0.15,0.85,2018-07-11 00:00:00+00:00,10.970455369943046,9.734978672428312,15,2732.5530987168695
dual,0,0.2,0.8,2018-07-11 00:00:00+00:00,10.735439507839892,9.542679646742629,16,2707.1678944823643
dual,0,0.25,0.75,2018-07-11 00:00:00+00:00,10.836869705068022,9.75696544935584,18,2641.478680482037
dual,0,0.3,0.7,2018-07-11 00:00:00+00:00,9.928163614959928,7.234172078803406,19,2748.817095209749
dual,0,0.35,0.65,2018-07-11 00:00:00+00:00,14.287214852660094,12.795122853510513,17,2773.499924440843
single,0,0.05,0.95,2018-07-12 00:00:00+00:00,10.31578947368421,9.309999999999999,0,1793.0940991247433
single,0,0.1,0.9,2018-07-12 00:00:00+00:00,10.31578947368421,9.309999999999999,0,1793.0940991247433
single,0,0.15,0.85,2018-07-12 00:00:00+00:00,10.31578947368421,9.309999999999999,0,1793.0940991247433
single,0,0.2,0.8,2018-07-12 00:00:00+00:00,10.31578947368421,9.309999999999999,0,1793.0940991247433
single,0,0.25,0.75,2018-07-12 00:00:00+00:00,10.31578947368421,9.309999999999999,0,1793.0940991247433
single,0,0.3,0.7,2018-07-12 00:00:00+00:00,10.315789473684212,9.309999999999999,0,1793.0940991247433
single,0,0.35,0.65,2018-07-12 00:00:00+00:00,10.315789473684212,9.309999999999999,0,1793.094099124743
dual,0,0.05,0.95,2018-07-12 00:00:00+00:00,10.315066379634562,9.309347407620194,0,2001.6242277954755
dual,0,0.1,0.9,2018-07-12 00:00:00+00:00,9.69167652177544,8.404518971062599,5,1994.61883094045
dual,0,0.15,0.85,2018-07-12 00:00:00+00:00,9.399854915710092,7.762627977210332,8,2014.6947996159088
dual,0,0.2,0.8,2018-07-12 00:00:00+00:00,9.269457294968838,7.5264893606020395,10,2038.2227507809166
dual,0,0.25,0.75,2018-07-12 00:00:00+00:00,10.290320447089396,9.15485340628028,14,2239.57583221825
dual,0,0.3,0.7,2018-07-12 00:00:00+00:00,14.474452122658434,11.725166756132639,13,2403.0359257150776
dual,0,0.35,0.65,2018-07-12 00:00:00+00:00,12.263013832365301,9.349896056551346,19,2703.4316884741647
single,0,0.05,0.95,2018-07-13 00:00:00+00:00,10.637119113573409,9.6,0,1017.5263811107735
single,0,0.1,0.9,2018-07-13 00:00:00+00:00,10.637119113573409,9.6,0,1017.5263811107735
single,0,0.15,0.85,2018-07-13 00:00:00+00:00,10.637119113573409,9.6,0,1017.5263811107735
single,0,0.2,0.8,2018-07-13 00:00:00+00:00,10.637119113573409,9.6,0,1017.5263811107735
single,0,0.25,0.75,2018-07-13 00:00:00+00:00,10.637119113573409,9.6,0,1017.5263811107735
single,0,0.3,0.7,2018-07-13 00:00:00+00:00,10.637119113573409,9.6,0,1017.5263811107735
single,0,0.35,0.65,2018-07-13 00:00:00+00:00,10.637119113573409,9.6,0,1017.5263811107735
dual,0,0.05,0.95,2018-07-13 00:00:00+00:00,10.831959572404175,9.77030061069666,3,1672.0139883954796
dual,0,0.1,0.9,2018-07-13 00:00:00+00:00,10.77216528375558,9.72102618044714,3,1671.0965721112257
dual,0,0.15,0.85,2018-07-13 00:00:00+00:00,10.607738791647193,9.507870989655686,7,1659.4033906049008
dual,0,0.2,0.8,2018-07-13 00:00:00+00:00,10.27913550149232,9.37156835757768,8,1663.190719474765
dual,0,0.25,0.75,2018-07-13 00:00:00+00:00,14.15971448690098,13.341488777595416,10,1733.4715665498024
dual,0,0.3,0.7,2018-07-13 00:00:00+00:00,19.890818789230117,17.83266083390042,11,1828.7073828799055
dual,0,0.35,0.65,2018-07-13 00:00:00+00:00,23.61180106520057,21.404650461343515,17,2078.67211446341
single,0,0.05,0.95,2018-07-14 00:00:00+00:00,10.31578947368421,9.31,0,1110.8702797719077
single,0,0.1,0.9,2018-07-14 00:00:00+00:00,10.31578947368421,9.31,0,1110.8702797719077
single,0,0.15,0.85,2018-07-14 00:00:00+00:00,10.31578947368421,9.31,0,1110.8702797719075
single,0,0.2,0.8,2018-07-14 00:00:00+00:00,10.31578947368421,9.31,0,1110.8702797719077
single,0,0.25,0.75,2018-07-14 00:00:00+00:00,10.31578947368421,9.31,0,1110.8702797719075
single,0,0.3,0.7,2018-07-14 00:00:00+00:00,10.31578947368421,9.31,0,1110.8702797719075
single,0,0.35,0.65,2018-07-14 00:00:00+00:00,10.31578947368421,9.31,0,1110.8702797719077
dual,0,0.05,0.95,2018-07-14 00:00:00+00:00,10.638006154167236,9.600800554135931,4,1509.0935392632607
dual,0,0.1,0.9,2018-07-14 00:00:00+00:00,10.221766521732784,9.229990403506848,4,1485.8674889787035
dual,0,0.15,0.85,2018-07-14 00:00:00+00:00,9.984676357351526,9.151574624924239,7,1490.806418234895
dual,0,0.2,0.8,2018-07-14 00:00:00+00:00,9.959875659322066,9.179877059139589,8,1494.9898547949656
dual,0,0.25,0.75,2018-07-14 00:00:00+00:00,18.934910858385454,16.257936673900588,15,1828.7248914317609
dual,0,0.3,0.7,2018-07-14 00:00:00+00:00,22.484231338262518,19.168899160652266,17,1852.685307182068
dual,0,0.35,0.65,2018-07-14 00:00:00+00:00,22.926404173744668,19.375053422844978,20,2003.6388582376087
single,0,0.05,0.95,2018-07-15 00:00:00+00:00,8.421052631578947,7.6,0,1089.9522238079098
single,0,0.1,0.9,2018-07-15 00:00:00+00:00,8.421052631578947,7.6,0,1089.9522238079098
single,0,0.15,0.85,2018-07-15 00:00:00+00:00,8.421052631578947,7.6,0,1089.9522238079098
single,0,0.2,0.8,2018-07-15 00:00:00+00:00,8.421052631578947,7.6,0,1089.9522238079098
single,0,0.25,0.75,2018-07-15 00:00:00+00:00,8.421052631578947,7.6,0,1089.9522238079098
single,0,0.3,0.7,2018-07-15 00:00:00+00:00,8.421052631578947,7.6,0,1089.9522238079098
single,0,0.35,0.65,2018-07-15 00:00:00+00:00,8.421052631578947,7.6,0,1089.9522238079098
dual,0,0.05,0.95,2018-07-15 00:00:00+00:00,8.351020520629339,7.670030213738253,5,1697.25374675344
dual,0,0.1,0.9,2018-07-15 00:00:00+00:00,7.897351335604271,7.1910280744536825,5,1698.2893700999512
dual,0,0.15,0.85,2018-07-15 00:00:00+00:00,7.374877218751887,6.719437669757027,5,1722.1582306710595
dual,0,0.2,0.8,2018-07-15 00:00:00+00:00,6.931254605538904,6.302435888806236,5,1727.7074960488899
dual,0,0.25,0.75,2018-07-15 00:00:00+00:00,15.733709220143279,14.145376461163012,12,1863.9350419959533
dual,0,0.3,0.7,2018-07-15 00:00:00+00:00,17.70290870837727,15.897690959188353,15,1978.3570771278414
dual,0,0.35,0.65,2018-07-15 00:00:00+00:00,25.15471736317698,21.368970628678206,20,2106.782679939899
single,0,0.05,0.95,2018-07-16 00:00:00+00:00,10.315789473684209,9.31,0,1927.2505281335086
single,0,0.1,0.9,2018-07-16 00:00:00+00:00,10.315789473684209,9.31,0,1927.2505281335086
single,0,0.15,0.85,2018-07-16 00:00:00+00:00,10.315789473684209,9.31,0,1927.2505281335084
single,0,0.2,0.8,2018-07-16 00:00:00+00:00,10.315789473684209,9.31,0,1927.2505281335084
single,0,0.25,0.75,2018-07-16 00:00:00+00:00,10.315789473684209,9.31,0,1927.2505281335084
single,0,0.3,0.7,2018-07-16 00:00:00+00:00,10.315789473684209,9.31,0,1927.2505281335086
single,0,0.35,0.65,2018-07-16 00:00:00+00:00,10.315789473684209,9.31,0,1927.2505281335084
dual,0,0.05,0.95,2018-07-16 00:00:00+00:00,10.741281484218444,9.694006539507146,3,2225.969640577475
dual,0,0.1,0.9,2018-07-16 00:00:00+00:00,10.604891425671806,9.533299286697744,3,2201.663760633253
dual,0,0.15,0.85,2018-07-16 00:00:00+00:00,9.933848116593072,8.924515012563512,4,2145.7260171422554
dual,0,0.2,0.8,2018-07-16 00:00:00+00:00,9.800536787289875,8.78996607628984,4,2147.8887325417672
dual,0,0.25,0.75,2018-07-16 00:00:00+00:00,15.371627520820914,14.029989806976799,11,2282.3815980596814
dual,0,0.3,0.7,2018-07-16 00:00:00+00:00,18.871136949085397,16.83801755675449,11,2320.48563920856
dual,0,0.35,0.65,2018-07-16 00:00:00+00:00,20.602487408072186,17.819045606926217,10,2221.361209214417
single,0,0.05,0.95,2018-07-17 00:00:00+00:00,10.315789473684212,9.31,0,1478.2342582898532
single,0,0.1,0.9,2018-07-17 00:00:00+00:00,10.315789473684212,9.31,0,1478.2342582898532
single,0,0.15,0.85,2018-07-17 00:00:00+00:00,10.315789473684212,9.31,0,1478.2342582898532
single,0,0.2,0.8,2018-07-17 00:00:00+00:00,10.315789473684212,9.31,0,1478.2342582898532
single,0,0.25,0.75,2018-07-17 00:00:00+00:00,10.315789473684212,9.31,0,1478.2342582898532
single,0,0.3,0.7,2018-07-17 00:00:00+00:00,10.315789473684212,9.31,0,1478.2342582898532
single,0,0.35,0.65,2018-07-17 00:00:00+00:00,10.315789473684212,9.31,0,1478.2342582898532
dual,0,0.05,0.95,2018-07-17 00:00:00+00:00,12.069568403472513,11.141571556101603,2,2649.2842170415483
dual,0,0.1,0.9,2018-07-17 00:00:00+00:00,12.445865972479154,11.575329245729629,6,2627.8237610003107
dual,0,0.15,0.85,2018-07-17 00:00:00+00:00,11.885881541096147,11.07022150329686,8,2602.5182228346666
dual,0,0.2,0.8,2018-07-17 00:00:00+00:00,11.51081390653671,11.119032473257613,10,2846.304194422576
dual,0,0.25,0.75,2018-07-17 00:00:00+00:00,11.205803097404797,11.162049806851869,14,2854.910368192578
dual,0,0.3,0.7,2018-07-17 00:00:00+00:00,18.065017852368904,17.672206736898538,14,2913.6638952298413
dual,0,0.35,0.65,2018-07-17 00:00:00+00:00,23.85957580267963,21.55334760178272,18,3223.7885863578795
single,0,0.05,0.95,2018-07-18 00:00:00+00:00,10.315789473684209,9.31,0,2461.7181057054227
single,0,0.1,0.9,2018-07-18 00:00:00+00:00,10.315789473684209,9.31,0,2461.7181057054227
single,0,0.15,0.85,2018-07-18 00:00:00+00:00,10.315789473684209,9.31,0,2461.7181057054227
single,0,0.2,0.8,2018-07-18 00:00:00+00:00,10.315789473684209,9.31,0,2461.7181057054227
single,0,0.25,0.75,2018-07-18 00:00:00+00:00,10.315789473684209,9.31,0,2461.7181057054227
single,0,0.3,0.7,2018-07-18 00:00:00+00:00,10.315789473684209,9.31,0,2461.7181057054227
single,0,0.35,0.65,2018-07-18 00:00:00+00:00,10.315789473684209,9.31,0,2461.7181057054227
dual,0,0.05,0.95,2018-07-18 00:00:00+00:00,9.960487362391223,9.123644884498631,1,2776.034777469972
dual,0,0.1,0.9,2018-07-18 00:00:00+00:00,9.720480358734356,8.98540320061392,2,2750.5806023231803
dual,0,0.15,0.85,2018-07-18 00:00:00+00:00,9.007589995412305,8.421804337075276,5,2768.5874720760785
dual,0,0.2,0.8,2018-07-18 00:00:00+00:00,8.588480188448035,8.133472842068286,5,2769.1906011832934
dual,0,0.25,0.75,2018-07-18 00:00:00+00:00,8.573318963594174,9.071954871077091,10,2906.3290869439597
dual,0,0.3,0.7,2018-07-18 00:00:00+00:00,8.224471791064039,9.001697438561814,12,2910.433482061622
dual,0,0.35,0.65,2018-07-18 00:00:00+00:00,23.52190269926554,21.323517186087145,21,3095.857536054522
single,0,0.05,0.95,2018-07-19 00:00:00+00:00,10.315789473684212,9.31,0,1295.166393603784
single,0,0.1,0.9,2018-07-19 00:00:00+00:00,10.315789473684212,9.31,0,1295.166393603784
single,0,0.15,0.85,2018-07-19 00:00:00+00:00,10.315789473684212,9.31,0,1295.166393603784
single,0,0.2,0.8,2018-07-19 00:00:00+00:00,10.315789473684212,9.31,0,1295.166393603784
single,0,0.25,0.75,2018-07-19 00:00:00+00:00,10.315789473684212,9.31,0,1295.166393603784
single,0,0.3,0.7,2018-07-19 00:00:00+00:00,10.315789473684212,9.31,0,1295.166393603784
single,0,0.35,0.65,2018-07-19 00:00:00+00:00,10.315789473684212,9.31,0,1295.166393603784
dual,0,0.05,0.95,2018-07-19 00:00:00+00:00,10.324845954785976,9.805356082726934,4,2413.3615845645895
dual,0,0.1,0.9,2018-07-19 00:00:00+00:00,10.685861708976498,10.082112769071728,4,2416.6803159910496
dual,0,0.15,0.85,2018-07-19 00:00:00+00:00,11.199731766265726,10.697009684307348,8,2394.2630743785885
dual,0,0.2,0.8,2018-07-19 00:00:00+00:00,10.898213167739357,10.346475113120263,9,2395.4116946788718
dual,0,0.25,0.75,2018-07-19 00:00:00+00:00,13.275209138273269,12.556475620624184,13,2625.8743561606343
dual,0,0.3,0.7,2018-07-19 00:00:00+00:00,15.976934396617775,14.883507238874428,16,2726.054586536088
dual,0,0.35,0.65,2018-07-19 00:00:00+00:00,23.08318466876552,20.76945866607474,19,2813.491837161644
single,0,0.05,0.95,2018-07-20 00:00:00+00:00,10.315789473684209,9.31,0,1241.746482797241
single,0,0.1,0.9,2018-07-20 00:00:00+00:00,10.315789473684209,9.31,0,1241.746482797241
single,0,0.15,0.85,2018-07-20 00:00:00+00:00,10.315789473684209,9.31,0,1241.746482797241
single,0,0.2,0.8,2018-07-20 00:00:00+00:00,10.315789473684209,9.31,0,1241.746482797241
single,0,0.25,0.75,2018-07-20 00:00:00+00:00,10.315789473684209,9.31,0,1241.746482797241
single,0,0.3,0.7,2018-07-20 00:00:00+00:00,10.315789473684209,9.31,0,1241.746482797241
single,0,0.35,0.65,2018-07-20 00:00:00+00:00,10.315789473684209,9.31,0,1241.746482797241
dual,0,0.05,0.95,2018-07-20 00:00:00+00:00,10.883954769100209,10.023426461708759,3,2277.1319441537084
dual,0,0.1,0.9,2018-07-20 00:00:00+00:00,11.282088972039233,10.251602607866097,4,2284.221802047039
dual,0,0.15,0.85,2018-07-20 00:00:00+00:00,10.858305913500814,10.047323877642862,6,2298.1138256458535
dual,0,0.2,0.8,2018-07-20 00:00:00+00:00,10.560520075567641,9.901808916411111,7,2348.566595623811
dual,0,0.25,0.75,2018-07-20 00:00:00+00:00,14.03644286017984,13.246219391305129,11,2448.13562074074
dual,0,0.3,0.7,2018-07-20 00:00:00+00:00,22.342908807622774,19.48499615515633,12,2590.775217834195
dual,0,0.35,0.65,2018-07-20 00:00:00+00:00,26.203133229265802,22.670671166277476,18,2712.511713132419
single,0,0.05,0.95,2018-07-21 00:00:00+00:00,8.421052631578947,7.6000000000000005,0,2153.400324722317
single,0,0.1,0.9,2018-07-21 00:00:00+00:00,8.421052631578947,7.6000000000000005,0,2153.400324722317
single,0,0.15,0.85,2018-07-21 00:00:00+00:00,8.421052631578947,7.6000000000000005,0,2153.400324722317
single,0,0.2,0.8,2018-07-21 00:00:00+00:00,8.421052631578947,7.6000000000000005,0,2153.400324722317
single,0,0.25,0.75,2018-07-21 00:00:00+00:00,8.421052631578947,7.6000000000000005,0,2153.400324722317
single,0,0.3,0.7,2018-07-21 00:00:00+00:00,8.421052631578947,7.6000000000000005,0,2153.400324722317
single,0,0.35,0.65,2018-07-21 00:00:00+00:00,8.421052631578947,7.6000000000000005,0,2153.400324722317
dual,0,0.05,0.95,2018-07-21 00:00:00+00:00,8.215090168180343,7.414118876782759,3,2243.5858592227014
dual,0,0.1,0.9,2018-07-21 00:00:00+00:00,8.481427742133938,7.581733096062491,10,2230.2544813568766
dual,0,0.15,0.85,2018-07-21 00:00:00+00:00,8.272883036731784,7.476604240129796,13,2218.1923225000724
dual,0,0.2,0.8,2018-07-21 00:00:00+00:00,8.329650524224206,7.519543841563522,12,2215.910438650568
dual,0,0.25,0.75,2018-07-21 00:00:00+00:00,6.742952620240618,6.279574727801777,17,2252.1635213876534
dual,0,0.3,0.7,2018-07-21 00:00:00+00:00,6.928658415694119,6.364043269536637,16,2254.4809905274196
dual,0,0.35,0.65,2018-07-21 00:00:00+00:00,6.653114961059638,5.7551138443778935,20,2302.103467769672
single,0,0.05,0.95,2018-07-22 00:00:00+00:00,10.31578947368421,9.31,0,1249.5907006357036
single,0,0.1,0.9,2018-07-22 00:00:00+00:00,10.31578947368421,9.31,0,1249.5907006357036
single,0,0.15,0.85,2018-07-22 00:00:00+00:00,10.31578947368421,9.31,0,1249.5907006357036
single,0,0.2,0.8,2018-07-22 00:00:00+00:00,10.31578947368421,9.31,0,1249.5907006357036
single,0,0.25,0.75,2018-07-22 00:00:00+00:00,10.31578947368421,9.31,0,1249.5907006357036
single,0,0.3,0.7,2018-07-22 00:00:00+00:00,10.31578947368421,9.31,0,1249.5907006357036
single,0,0.35,0.65,2018-07-22 00:00:00+00:00,10.31578947368421,9.31,0,1249.5907006357036
dual,0,0.05,0.95,2018-07-22 00:00:00+00:00,10.604084356410263,9.614996990995952,2,1807.5710962745407
dual,0,0.1,0.9,2018-07-22 00:00:00+00:00,10.091353838981941,9.211753897415992,3,1823.7613582886188
dual,0,0.15,0.85,2018-07-22 00:00:00+00:00,10.318516363187678,9.42613848671346,3,1817.199535844023
dual,0,0.2,0.8,2018-07-22 00:00:00+00:00,10.760654875906898,9.883441220070425,6,1818.8787208295435
dual,0,0.25,0.75,2018-07-22 00:00:00+00:00,20.231042046108286,18.578056028725424,9,1949.7382902693912
dual,0,0.3,0.7,2018-07-22 00:00:00+00:00,21.630312392894208,19.814481582070293,11,2006.7231781587311
dual,0,0.35,0.65,2018-07-22 00:00:00+00:00,27.850332680362797,24.007513191130148,18,2212.908002902156
single,0,0.05,0.95,2018-07-23 00:00:00+00:00,8.421052631578949,7.6,0,1648.9016555483724
single,0,0.1,0.9,2018-07-23 00:00:00+00:00,8.421052631578949,7.6,0,1648.9016555483724
single,0,0.15,0.85,2018-07-23 00:00:00+00:00,8.421052631578949,7.6,0,1648.9016555483724
single,0,0.2,0.8,2018-07-23 00:00:00+00:00,8.421052631578949,7.6,0,1648.9016555483724
single,0,0.25,0.75,2018-07-23 00:00:00+00:00,8.421052631578949,7.6,0,1648.9016555483724
single,0,0.3,0.7,2018-07-23 00:00:00+00:00,8.421052631578949,7.6,0,1648.9016555483724
single,0,0.35,0.65,2018-07-23 00:00:00+00:00,8.421052631578949,7.6,0,1648.9016555483724
dual,0,0.05,0.95,2018-07-23 00:00:00+00:00,8.595357936356152,7.9674040761920395,4,2835.330192224833
dual,0,0.1,0.9,2018-07-23 00:00:00+00:00,8.639496945835333,7.956387425794672,5,2768.9630664962806
dual,0,0.15,0.85,2018-07-23 00:00:00+00:00,8.545410732412142,8.075541477568311,8,2738.643236170175
dual,0,0.2,0.8,2018-07-23 00:00:00+00:00,7.897608539966285,7.799331308384685,10,2786.458478244337
dual,0,0.25,0.75,2018-07-23 00:00:00+00:00,13.159598065402172,11.40035251993445,11,2950.714488677294
dual,0,0.3,0.7,2018-07-23 00:00:00+00:00,22.846447697978213,21.008958661601085,16,2867.938318199247
dual,0,0.35,0.65,2018-07-23 00:00:00+00:00,22.240638698324318,20.1671764252377,21,3016.3368750921536
single,0,0.05,0.95,2018-07-24 00:00:00+00:00,10.315789473684212,9.31,0,1455.4483175261012
single,0,0.1,0.9,2018-07-24 00:00:00+00:00,10.315789473684212,9.31,0,1455.4483175261012
single,0,0.15,0.85,2018-07-24 00:00:00+00:00,10.315789473684212,9.31,0,1455.4483175261012
single,0,0.2,0.8,2018-07-24 00:00:00+00:00,10.315789473684212,9.31,0,1455.4483175261012
single,0,0.25,0.75,2018-07-24 00:00:00+00:00,10.315789473684212,9.31,0,1455.4483175261012
single,0,0.3,0.7,2018-07-24 00:00:00+00:00,10.315789473684212,9.31,0,1455.4483175261012
single,0,0.35,0.65,2018-07-24 00:00:00+00:00,10.315789473684212,9.31,0,1455.4483175261012
dual,0,0.05,0.95,2018-07-24 00:00:00+00:00,10.671871108563508,9.92582717193543,4,2213.2343839798314
dual,0,0.1,0.9,2018-07-24 00:00:00+00:00,10.970782972343832,10.22410418815415,1,2193.5291115206755
dual,0,0.15,0.85,2018-07-24 00:00:00+00:00,10.25893589461417,9.578883954374902,2,2181.3031105417513
dual,0,0.2,0.8,2018-07-24 00:00:00+00:00,10.172348651173145,9.649497501006707,5,2180.7149753102353
dual,0,0.25,0.75,2018-07-24 00:00:00+00:00,16.78159667516105,15.04459209846691,7,2373.231790708916
dual,0,0.3,0.7,2018-07-24 00:00:00+00:00,21.306286585796826,18.5417067379824,10,2477.8566089115648
dual,0,0.35,0.65,2018-07-24 00:00:00+00:00,24.671524777284368,21.51135057781435,15,2489.2038119042872
single,0,0.05,0.95,2018-07-25 00:00:00+00:00,10.31578947368421,9.31,0,1055.2124728313374
single,0,0.1,0.9,2018-07-25 00:00:00+00:00,10.31578947368421,9.31,0,1055.2124728313374
single,0,0.15,0.85,2018-07-25 00:00:00+00:00,10.31578947368421,9.31,0,1055.2124728313374
single,0,0.2,0.8,2018-07-25 00:00:00+00:00,10.31578947368421,9.31,0,1055.2124728313374
single,0,0.25,0.75,2018-07-25 00:00:00+00:00,10.31578947368421,9.31,0,1055.2124728313374
single,0,0.3,0.7,2018-07-25 00:00:00+00:00,10.31578947368421,9.31,0,1055.2124728313374
single,0,0.35,0.65,2018-07-25 00:00:00+00:00,10.31578947368421,9.31,0,1055.2124728313374
dual,0,0.05,0.95,2018-07-25 00:00:00+00:00,9.67621657564612,8.859621716216324,1,1511.5445268432027
dual,0,0.1,0.9,2018-07-25 00:00:00+00:00,10.171030514820963,9.445850240910303,3,1511.6919638434047
dual,0,0.15,0.85,2018-07-25 00:00:00+00:00,9.799181711314745,9.161227421997108,4,1520.109526038063
dual,0,0.2,0.8,2018-07-25 00:00:00+00:00,9.62209876773637,9.120053940297945,5,1515.6746139144316
dual,0,0.25,0.75,2018-07-25 00:00:00+00:00,20.032389592279237,17.31131246519474,9,1670.824270793897
dual,0,0.3,0.7,2018-07-25 00:00:00+00:00,21.917665342181216,18.928123246372827,10,1727.197204141571
dual,0,0.35,0.65,2018-07-25 00:00:00+00:00,29.416103736558263,25.622902184629442,17,1924.0018319312323
single,0,0.05,0.95,2018-07-26 00:00:00+00:00,6.210526315789474,5.605,0,1457.649394698451
single,0,0.1,0.9,2018-07-26 00:00:00+00:00,6.210526315789474,5.605,0,1457.649394698451
single,0,0.15,0.85,2018-07-26 00:00:00+00:00,6.210526315789474,5.605,0,1457.649394698451
single,0,0.2,0.8,2018-07-26 00:00:00+00:00,6.210526315789474,5.605,0,1457.649394698451
single,0,0.25,0.75,2018-07-26 00:00:00+00:00,6.210526315789474,5.605,0,1457.649394698451
single,0,0.3,0.7,2018-07-26 00:00:00+00:00,6.210526315789474,5.605,0,1457.649394698451
single,0,0.35,0.65,2018-07-26 00:00:00+00:00,6.210526315789474,5.605,0,1457.649394698451
dual,0,0.05,0.95,2018-07-26 00:00:00+00:00,9.03392960409096,8.246159072977736,1,1764.997905420042
dual,0,0.1,0.9,2018-07-26 00:00:00+00:00,8.978811226448425,8.277907502287064,2,1735.5847417182451
dual,0,0.15,0.85,2018-07-26 00:00:00+00:00,8.51453805448284,7.810259723556653,3,1757.0090151895597
dual,0,0.2,0.8,2018-07-26 00:00:00+00:00,8.305260902734977,7.534940848222473,3,1765.5393857647746
dual,0,0.25,0.75,2018-07-26 00:00:00+00:00,10.41437718811622,9.0159379009781,7,1710.050555521952
dual,0,0.3,0.7,2018-07-26 00:00:00+00:00,11.864901191132379,10.621492894977699,7,1735.617387786844
dual,0,0.35,0.65,2018-07-26 00:00:00+00:00,16.072897434528482,14.35508456712628,17,2087.6705316874486
single,0,0.05,0.95,2018-07-27 00:00:00+00:00,12.315789473684212,11.114999999999998,0,2827.58001770364
single,0,0.1,0.9,2018-07-27 00:00:00+00:00,12.315789473684212,11.114999999999998,0,2827.58001770364
single,0,0.15,0.85,2018-07-27 00:00:00+00:00,12.315789473684212,11.114999999999998,0,2827.58001770364
single,0,0.2,0.8,2018-07-27 00:00:00+00:00,12.315789473684212,11.114999999999998,0,2827.58001770364
single,0,0.25,0.75,2018-07-27 00:00:00+00:00,12.315789473684212,11.114999999999998,0,2827.58001770364
single,0,0.3,0.7,2018-07-27 00:00:00+00:00,12.315789473684212,11.114999999999998,0,2827.58001770364
single,0,0.35,0.65,2018-07-27 00:00:00+00:00,12.315789473684212,11.114999999999998,0,2827.58001770364
dual,0,0.05,0.95,2018-07-27 00:00:00+00:00,12.549207354840549,11.1174768340644,5,2773.4642862259025
dual,0,0.1,0.9,2018-07-27 00:00:00+00:00,12.495866536603788,10.763554262875665,14,2836.8087759001437
dual,0,0.15,0.85,2018-07-27 00:00:00+00:00,12.158937897961106,10.364832617370766,13,2861.200913163714
dual,0,0.2,0.8,2018-07-27 00:00:00+00:00,12.232051941312658,10.383522237101918,13,2870.0492001517737
dual,0,0.25,0.75,2018-07-27 00:00:00+00:00,10.964506603059409,8.095373884841623,16,3089.416270482735
dual,0,0.3,0.7,2018-07-27 00:00:00+00:00,12.20470609317599,9.14216243984189,17,3054.9081169809306
dual,0,0.35,0.65,2018-07-27 00:00:00+00:00,8.309300808905682,7.599143980037379,20,3122.221781890152
single,0,0.05,0.95,2018-07-28 00:00:00+00:00,10.526315789473685,9.5,0,1675.8184352318447
single,0,0.1,0.9,2018-07-28 00:00:00+00:00,10.526315789473685,9.5,0,1675.8184352318447
single,0,0.15,0.85,2018-07-28 00:00:00+00:00,10.526315789473685,9.5,0,1675.8184352318447
single,0,0.2,0.8,2018-07-28 00:00:00+00:00,10.526315789473685,9.5,0,1675.8184352318447
single,0,0.25,0.75,2018-07-28 00:00:00+00:00,10.526315789473685,9.5,0,1675.8184352318447
single,0,0.3,0.7,2018-07-28 00:00:00+00:00,10.526315789473685,9.5,0,1675.8184352318447
single,0,0.35,0.65,2018-07-28 00:00:00+00:00,10.526315789473685,9.5,0,1675.8184352318447
dual,0,0.05,0.95,2018-07-28 00:00:00+00:00,11.099749028220957,10.111870737291875,4,2042.2809822137885
dual,0,0.1,0.9,2018-07-28 00:00:00+00:00,10.741401349660642,9.823524978218035,7,2070.8425524069708
dual,0,0.15,0.85,2018-07-28 00:00:00+00:00,10.331279625122491,9.479074156390936,9,2071.0798287448215
dual,0,0.2,0.8,2018-07-28 00:00:00+00:00,10.802671389996357,9.89509712778752,10,2035.135467554865
dual,0,0.25,0.75,2018-07-28 00:00:00+00:00,13.31505060595782,12.15339303597023,11,2169.866521365072
dual,0,0.3,0.7,2018-07-28 00:00:00+00:00,14.773288529949575,13.50426072428098,10,2144.879279261185
dual,0,0.35,0.65,2018-07-28 00:00:00+00:00,24.072925981845103,20.532488694835735,13,2191.63230845983
single,0,0.05,0.95,2018-07-29 00:00:00+00:00,6.426592797783934,5.8,0,2997.5599686094574
single,0,0.1,0.9,2018-07-29 00:00:00+00:00,6.426592797783934,5.8,0,2997.5599686094574
single,0,0.15,0.85,2018-07-29 00:00:00+00:00,6.426592797783934,5.8,0,2997.5599686094574
single,0,0.2,0.8,2018-07-29 00:00:00+00:00,6.426592797783934,5.8,0,2997.5599686094574
single,0,0.25,0.75,2018-07-29 00:00:00+00:00,6.426592797783934,5.8,0,2997.5599686094574
single,0,0.3,0.7,2018-07-29 00:00:00+00:00,6.426592797783934,5.8,0,2997.5599686094574
single,0,0.35,0.65,2018-07-29 00:00:00+00:00,6.426592797783934,5.8,0,2997.5599686094574
dual,0,0.05,0.95,2018-07-29 00:00:00+00:00,8.540725708862041,7.708004952247993,0,3091.7577854635574
dual,0,0.1,0.9,2018-07-29 00:00:00+00:00,7.548912309571163,6.764328226160348,4,3091.8147960324686
dual,0,0.15,0.85,2018-07-29 00:00:00+00:00,6.931886771643953,6.402257571822247,5,3065.6479514763596
dual,0,0.2,0.8,2018-07-29 00:00:00+00:00,6.7022242447305835,6.110251916735866,7,3074.941393886351
dual,0,0.25,0.75,2018-07-29 00:00:00+00:00,6.272331413169674,5.886982744148378,12,3065.9513369788037
dual,0,0.3,0.7,2018-07-29 00:00:00+00:00,8.49110285360447,7.975540501268623,17,3180.241092504619
dual,0,0.35,0.65,2018-07-29 00:00:00+00:00,10.491684215631615,8.253237936962323,19,3342.5905741611095
single,0,0.05,0.95,2018-07-30 00:00:00+00:00,8.421052631578949,7.6,0,2415.0541232129535
single,0,0.1,0.9,2018-07-30 00:00:00+00:00,8.421052631578949,7.6,0,2415.0541232129535
single,0,0.15,0.85,2018-07-30 00:00:00+00:00,8.421052631578949,7.6,0,2415.0541232129535
single,0,0.2,0.8,2018-07-30 00:00:00+00:00,8.421052631578949,7.6,0,2415.0541232129535
single,0,0.25,0.75,2018-07-30 00:00:00+00:00,8.421052631578949,7.6,0,2415.0541232129535
single,0,0.3,0.7,2018-07-30 00:00:00+00:00,8.421052631578949,7.6,0,2415.0541232129535
single,0,0.35,0.65,2018-07-30 00:00:00+00:00,8.421052631578949,7.6,0,2415.0541232129535
dual,0,0.05,0.95,2018-07-30 00:00:00+00:00,10.932089330138307,10.044703671833991,2,2933.6146916817847
dual,0,0.1,0.9,2018-07-30 00:00:00+00:00,10.702665398652387,9.826536553774154,1,2926.959076965346
dual,0,0.15,0.85,2018-07-30 00:00:00+00:00,10.699747650766692,9.82190586651781,2,2921.1359203063366
dual,0,0.2,0.8,2018-07-30 00:00:00+00:00,10.68486028334021,9.834238567456117,5,2952.304160449021
dual,0,0.25,0.75,2018-07-30 00:00:00+00:00,10.922923600528621,9.99330984457793,7,2897.854678255224
dual,0,0.3,0.7,2018-07-30 00:00:00+00:00,12.117863293306243,11.032231906228162,6,2876.1442464014594
dual,0,0.35,0.65,2018-07-30 00:00:00+00:00,12.265269136683147,10.962746759520133,19,2943.7493875127598
single,0,0.05,0.95,2018-07-31 00:00:00+00:00,8.421052631578949,7.6,0,1319.2791249343823
single,0,0.1,0.9,2018-07-31 00:00:00+00:00,8.421052631578949,7.6,0,1319.2791249343823
single,0,0.15,0.85,2018-07-31 00:00:00+00:00,8.421052631578949,7.6,0,1319.2791249343823
single,0,0.2,0.8,2018-07-31 00:00:00+00:00,8.421052631578949,7.6,0,1319.2791249343823
single,0,0.25,0.75,2018-07-31 00:00:00+00:00,8.421052631578949,7.6,0,1319.2791249343823
single,0,0.3,0.7,2018-07-31 00:00:00+00:00,8.421052631578949,7.6,0,1319.2791249343823
single,0,0.35,0.65,2018-07-31 00:00:00+00:00,8.421052631578949,7.6,0,1319.2791249343823
dual,0,0.05,0.95,2018-07-31 00:00:00+00:00,10.692000569680971,10.17483109780132,6,2724.1080677467853
dual,0,0.1,0.9,2018-07-31 00:00:00+00:00,11.020584097416268,10.494970845167963,5,2702.3146461312544
dual,0,0.15,0.85,2018-07-31 00:00:00+00:00,10.769719908337805,10.248419816376023,7,2718.7242119070834
dual,0,0.2,0.8,2018-07-31 00:00:00+00:00,10.900963242025542,10.33989036545214,8,2730.559530860405
dual,0,0.25,0.75,2018-07-31 00:00:00+00:00,12.824967978002725,12.08385814300612,12,2769.480033155284
dual,0,0.3,0.7,2018-07-31 00:00:00+00:00,19.375120309372193,16.692314355074316,12,2957.0082724776767
dual,0,0.35,0.65,2018-07-31 00:00:00+00:00,31.043326592680263,27.66228244463329,20,2864.632046397345
single,0,0.05,0.95,2018-08-01 00:00:00+00:00,10.31578947368421,9.31,0,1594.9391581820298
single,0,0.1,0.9,2018-08-01 00:00:00+00:00,10.31578947368421,9.31,0,1594.9391581820298
single,0,0.15,0.85,2018-08-01 00:00:00+00:00,10.31578947368421,9.31,0,1594.9391581820298
single,0,0.2,0.8,2018-08-01 00:00:00+00:00,10.31578947368421,9.31,0,1594.9391581820298
single,0,0.25,0.75,2018-08-01 00:00:00+00:00,10.31578947368421,9.31,0,1594.9391581820298
single,0,0.3,0.7,2018-08-01 00:00:00+00:00,10.31578947368421,9.31,0,1594.9391581820298
single,0,0.35,0.65,2018-08-01 00:00:00+00:00,10.31578947368421,9.31,0,1594.9391581820298
dual,0,0.05,0.95,2018-08-01 00:00:00+00:00,11.331420823679707,10.464780333733412,6,2688.325969586792
dual,0,0.1,0.9,2018-08-01 00:00:00+00:00,11.162230398792083,10.56914942223015,10,2688.3804317074146
dual,0,0.15,0.85,2018-08-01 00:00:00+00:00,11.664241432401436,11.000121497835883,13,2703.298684883998
dual,0,0.2,0.8,2018-08-01 00:00:00+00:00,11.307365590091466,10.683757252207345,12,2754.3873949513177
dual,0,0.25,0.75,2018-08-01 00:00:00+00:00,12.63240188571971,11.829043808491315,14,2806.1473451340958
dual,0,0.3,0.7,2018-08-01 00:00:00+00:00,19.062345976921367,17.095357771107842,12,2895.507218290233
dual,0,0.35,0.65,2018-08-01 00:00:00+00:00,30.45123210637791,27.00606360591569,21,3034.3498252406457
single,0,0.05,0.95,2018-08-02 00:00:00+00:00,4.210526315789474,3.8,0,2247.5000839845547
single,0,0.1,0.9,2018-08-02 00:00:00+00:00,4.210526315789474,3.8,0,2247.5000839845547
single,0,0.15,0.85,2018-08-02 00:00:00+00:00,4.210526315789474,3.8,0,2247.5000839845547
single,0,0.2,0.8,2018-08-02 00:00:00+00:00,4.210526315789474,3.8,0,2247.5000839845547
single,0,0.25,0.75,2018-08-02 00:00:00+00:00,4.210526315789474,3.8,0,2247.5000839845547
single,0,0.3,0.7,2018-08-02 00:00:00+00:00,4.210526315789474,3.8,0,2247.5000839845547
single,0,0.35,0.65,2018-08-02 00:00:00+00:00,4.210526315789474,3.8,0,2247.5000839845547
dual,0,0.05,0.95,2018-08-02 00:00:00+00:00,7.6787639598094986,6.884342672073297,6,2550.8071319395713
dual,0,0.1,0.9,2018-08-02 00:00:00+00:00,7.30160801409666,6.4808112958961095,10,2535.9411600377034
dual,0,0.15,0.85,2018-08-02 00:00:00+00:00,7.472503979275537,6.872629788904841,11,2544.697851315059
dual,0,0.2,0.8,2018-08-02 00:00:00+00:00,7.805423210419419,6.809620936635533,11,2557.692599955378
dual,0,0.25,0.75,2018-08-02 00:00:00+00:00,8.30781113524484,7.694738325906899,14,2566.4663482232863
dual,0,0.3,0.7,2018-08-02 00:00:00+00:00,11.398790217573758,10.39980676625957,11,2460.6172348482673
dual,0,0.35,0.65,2018-08-02 00:00:00+00:00,15.592999677603547,12.469191200345442,20,2803.67500712346
single,0,0.05,0.95,2018-08-03 00:00:00+00:00,8.105263157894736,7.315,0,1455.286940435334
single,0,0.1,0.9,2018-08-03 00:00:00+00:00,8.105263157894736,7.315,0,1455.286940435334
single,0,0.15,0.85,2018-08-03 00:00:00+00:00,8.105263157894736,7.315,0,1455.286940435334
single,0,0.2,0.8,2018-08-03 00:00:00+00:00,8.105263157894736,7.315,0,1455.286940435334
single,0,0.25,0.75,2018-08-03 00:00:00+00:00,8.105263157894736,7.315,0,1455.286940435334
single,0,0.3,0.7,2018-08-03 00:00:00+00:00,8.105263157894736,7.315,0,1455.286940435334
single,0,0.35,0.65,2018-08-03 00:00:00+00:00,8.105263157894736,7.315,0,1455.286940435334
dual,0,0.05,0.95,2018-08-03 00:00:00+00:00,11.252894455053374,10.500693502856784,5,1913.0179534787396
dual,0,0.1,0.9,2018-08-03 00:00:00+00:00,11.217366393274713,10.424970073943722,7,1854.4736205082083
dual,0,0.15,0.85,2018-08-03 00:00:00+00:00,10.604524082710313,9.886318232099445,6,1837.63279218625
dual,0,0.2,0.8,2018-08-03 00:00:00+00:00,10.514940403080555,9.829648503438325,8,1846.479355636413
dual,0,0.25,0.75,2018-08-03 00:00:00+00:00,19.73995636704173,17.521802457397897,9,2032.0596232319733
dual,0,0.3,0.7,2018-08-03 00:00:00+00:00,24.368015961961543,21.70157075451656,13,2091.0615050277765
dual,0,0.35,0.65,2018-08-03 00:00:00+00:00,28.0532810975811,24.37820676454352,17,2163.58049337376
single,0,0.05,0.95,2018-08-04 00:00:00+00:00,8.421052631578949,7.6,0,1343.3321981845077
single,0,0.1,0.9,2018-08-04 00:00:00+00:00,8.421052631578949,7.6,0,1343.3321981845077
single,0,0.15,0.85,2018-08-04 00:00:00+00:00,8.421052631578949,7.6,0,1343.3321981845077
single,0,0.2,0.8,2018-08-04 00:00:00+00:00,8.421052631578949,7.6,0,1343.3321981845077
single,0,0.25,0.75,2018-08-04 00:00:00+00:00,8.421052631578949,7.6,0,1343.3321981845077
single,0,0.3,0.7,2018-08-04 00:00:00+00:00,8.421052631578949,7.6,0,1343.3321981845077
single,0,0.35,0.65,2018-08-04 00:00:00+00:00,8.421052631578949,7.6,0,1343.3321981845077
dual,0,0.05,0.95,2018-08-04 00:00:00+00:00,8.372605192248452,7.753519162647455,7,2115.4895063079834
dual,0,0.1,0.9,2018-08-04 00:00:00+00:00,8.146509129693104,7.560130316655599,11,2125.7268071435647
dual,0,0.15,0.85,2018-08-04 00:00:00+00:00,8.199704215479512,7.6057113580696445,12,2127.919663396104
dual,0,0.2,0.8,2018-08-04 00:00:00+00:00,8.079794036157889,7.543276437770128,12,2099.5479790168724
dual,0,0.25,0.75,2018-08-04 00:00:00+00:00,21.25271668336015,17.84777833291598,16,2372.495879464128
dual,0,0.3,0.7,2018-08-04 00:00:00+00:00,22.57228758915361,18.817292458354125,19,2425.457836514998
dual,0,0.35,0.65,2018-08-04 00:00:00+00:00,27.43612994179078,23.269984895914043,21,2522.843590403214
single,0,0.05,0.95,2018-08-05 00:00:00+00:00,10.421052631578949,9.405,0,1201.9166396543628
single,0,0.1,0.9,2018-08-05 00:00:00+00:00,10.421052631578949,9.405,0,1201.9166396543628
single,0,0.15,0.85,2018-08-05 00:00:00+00:00,10.421052631578949,9.405,0,1201.9166396543628
single,0,0.2,0.8,2018-08-05 00:00:00+00:00,10.421052631578949,9.405,0,1201.9166396543628
single,0,0.25,0.75,2018-08-05 00:00:00+00:00,10.421052631578949,9.405,0,1201.9166396543628
single,0,0.3,0.7,2018-08-05 00:00:00+00:00,10.421052631578949,9.405,0,1201.9166396543628
single,0,0.35,0.65,2018-08-05 00:00:00+00:00,10.421052631578949,9.405,0,1201.9166396543628
dual,0,0.05,0.95,2018-08-05 00:00:00+00:00,9.1791041763753,8.32234900301729,1,1682.57711644474
dual,0,0.1,0.9,2018-08-05 00:00:00+00:00,9.344229074622827,8.536909079840264,3,1708.5253560234623
dual,0,0.15,0.85,2018-08-05 00:00:00+00:00,9.4957626928923,8.64192492752947,5,1690.8353775077944
dual,0,0.2,0.8,2018-08-05 00:00:00+00:00,9.55707400113262,8.720440476430799,6,1748.2799434746285
dual,0,0.25,0.75,2018-08-05 00:00:00+00:00,17.07848481607324,14.412542834527244,13,1963.5433072965
dual,0,0.3,0.7,2018-08-05 00:00:00+00:00,21.205637822325265,17.940080830050817,15,1955.9195185909052
dual,0,0.35,0.65,2018-08-05 00:00:00+00:00,24.45952808684623,21.40163154461485,20,2076.3497080878024
single,0,0.05,0.95,2018-08-06 00:00:00+00:00,6.426592797783934,5.8,0,1436.411127331021
single,0,0.1,0.9,2018-08-06 00:00:00+00:00,6.426592797783934,5.8,0,1436.411127331021
single,0,0.15,0.85,2018-08-06 00:00:00+00:00,6.426592797783934,5.8,0,1436.411127331021
single,0,0.2,0.8,2018-08-06 00:00:00+00:00,6.426592797783934,5.8,0,1436.411127331021
single,0,0.25,0.75,2018-08-06 00:00:00+00:00,6.426592797783934,5.8,0,1436.411127331021
single,0,0.3,0.7,2018-08-06 00:00:00+00:00,6.426592797783934,5.8,0,1436.411127331021
single,0,0.35,0.65,2018-08-06 00:00:00+00:00,6.426592797783934,5.8,0,1436.411127331021
dual,0,0.05,0.95,2018-08-06 00:00:00+00:00,8.703230566331284,7.980587506689449,5,1807.9089504959902
dual,0,0.1,0.9,2018-08-06 00:00:00+00:00,9.90538433984818,9.064269241087715,8,1796.9768396046186
dual,0,0.15,0.85,2018-08-06 00:00:00+00:00,9.946989605727687,9.097623690002115,6,1781.7335303892085
dual,0,0.2,0.8,2018-08-06 00:00:00+00:00,9.754882641124976,8.997441468931019,9,1864.884944748506
dual,0,0.25,0.75,2018-08-06 00:00:00+00:00,16.980245893895862,14.805926619302877,11,1919.6620895637575
dual,0,0.3,0.7,2018-08-06 00:00:00+00:00,24.055932603724255,20.19083420636585,14,2079.642130246774
dual,0,0.35,0.65,2018-08-06 00:00:00+00:00,28.819629553530813,25.348868442549584,16,2077.858129324205
single,0,0.05,0.95,2018-08-07 00:00:00+00:00,6.426592797783933,5.8,0,1958.7690626931324
single,0,0.1,0.9,2018-08-07 00:00:00+00:00,6.426592797783933,5.8,0,1958.7690626931324
single,0,0.15,0.85,2018-08-07 00:00:00+00:00,6.426592797783933,5.8,0,1958.7690626931324
single,0,0.2,0.8,2018-08-07 00:00:00+00:00,6.426592797783933,5.8,0,1958.7690626931324
single,0,0.25,0.75,2018-08-07 00:00:00+00:00,6.426592797783933,5.8,0,1958.7690626931324
single,0,0.3,0.7,2018-08-07 00:00:00+00:00,6.426592797783933,5.8,0,1958.7690626931324
single,0,0.35,0.65,2018-08-07 00:00:00+00:00,6.426592797783933,5.8,0,1958.7690626931324
dual,0,0.05,0.95,2018-08-07 00:00:00+00:00,11.8328336687483,10.977379339252014,2,2524.1873558668644
dual,0,0.1,0.9,2018-08-07 00:00:00+00:00,10.531958194038209,9.828766141034759,1,2490.2741805599317
dual,0,0.15,0.85,2018-08-07 00:00:00+00:00,10.255253235160136,9.48910392982651,2,2477.8124484257723
dual,0,0.2,0.8,2018-08-07 00:00:00+00:00,8.151779839027038,7.788258725219385,8,2501.9890996485638
dual,0,0.25,0.75,2018-08-07 00:00:00+00:00,9.085328153074336,9.52368494464369,9,2616.7013890363473
dual,0,0.3,0.7,2018-08-07 00:00:00+00:00,16.957204447633423,16.104105782627407,13,2690.8947087059514
dual,0,0.35,0.65,2018-08-07 00:00:00+00:00,20.039131420319787,18.180316106838607,15,2626.752259304494
single,0,0.05,0.95,2018-08-08 00:00:00+00:00,8.421052631578949,7.6,0,1762.6697895079865
single,0,0.1,0.9,2018-08-08 00:00:00+00:00,8.421052631578949,7.6,0,1762.6697895079865
single,0,0.15,0.85,2018-08-08 00:00:00+00:00,8.421052631578949,7.6,0,1762.6697895079865
single,0,0.2,0.8,2018-08-08 00:00:00+00:00,8.421052631578949,7.6,0,1762.6697895079865
single,0,0.25,0.75,2018-08-08 00:00:00+00:00,8.421052631578949,7.6,0,1762.6697895079865
single,0,0.3,0.7,2018-08-08 00:00:00+00:00,8.421052631578949,7.6,0,1762.6697895079865
single,0,0.35,0.65,2018-08-08 00:00:00+00:00,8.421052631578949,7.6,0,1762.6697895079865
dual,0,0.05,0.95,2018-08-08 00:00:00+00:00,8.884733664219322,8.189937377119307,2,2200.949694617108
dual,0,0.1,0.9,2018-08-08 00:00:00+00:00,9.352089450580042,8.545833976363161,4,2215.5287347681456
dual,0,0.15,0.85,2018-08-08 00:00:00+00:00,9.42020441465144,8.557407484135373,2,2197.7448322571086
dual,0,0.2,0.8,2018-08-08 00:00:00+00:00,9.155088060064266,8.436433128763968,4,2197.196843189594
dual,0,0.25,0.75,2018-08-08 00:00:00+00:00,10.819261608276982,9.990040262776176,11,2289.5769537920182
dual,0,0.3,0.7,2018-08-08 00:00:00+00:00,11.198814867226123,10.349973649814903,12,2326.8781441845617
dual,0,0.35,0.65,2018-08-08 00:00:00+00:00,16.209851750045324,14.724187682244127,20,2480.2363702863395
single,0,0.05,0.95,2018-08-09 00:00:00+00:00,10.315789473684212,9.31,0,1776.1231895959654
single,0,0.1,0.9,2018-08-09 00:00:00+00:00,10.315789473684212,9.31,0,1776.1231895959654
single,0,0.15,0.85,2018-08-09 00:00:00+00:00,10.315789473684212,9.31,0,1776.1231895959654
single,0,0.2,0.8,2018-08-09 00:00:00+00:00,10.315789473684212,9.31,0,1776.1231895959654
single,0,0.25,0.75,2018-08-09 00:00:00+00:00,10.315789473684212,9.31,0,1776.1231895959654
single,0,0.3,0.7,2018-08-09 00:00:00+00:00,10.315789473684212,9.31,0,1776.1231895959654
single,0,0.35,0.65,2018-08-09 00:00:00+00:00,10.315789473684212,9.31,0,1776.1231895959654
dual,0,0.05,0.95,2018-08-09 00:00:00+00:00,11.525694160942429,10.401938980250542,0,2126.0042003016224
dual,0,0.1,0.9,2018-08-09 00:00:00+00:00,11.734489382177989,10.588835626909319,3,2117.3260082682295
dual,0,0.15,0.85,2018-08-09 00:00:00+00:00,10.662808780339747,9.623184924256623,3,2138.470643687739
dual,0,0.2,0.8,2018-08-09 00:00:00+00:00,10.78598573917512,9.683034066006826,4,2135.9277321920667
dual,0,0.25,0.75,2018-08-09 00:00:00+00:00,10.155684991644554,9.436536457819773,6,2270.320387719456
dual,0,0.3,0.7,2018-08-09 00:00:00+00:00,11.373314488140933,10.507104394830208,9,2304.093484574384
dual,0,0.35,0.65,2018-08-09 00:00:00+00:00,19.60121460701493,16.569720241977414,14,2565.3392860511813
single,0,0.05,0.95,2018-08-10 00:00:00+00:00,10.315789473684212,9.31,0,1688.965280302506
single,0,0.1,0.9,2018-08-10 00:00:00+00:00,10.315789473684212,9.31,0,1688.965280302506
single,0,0.15,0.85,2018-08-10 00:00:00+00:00,10.315789473684212,9.31,0,1688.965280302506
single,0,0.2,0.8,2018-08-10 00:00:00+00:00,10.315789473684212,9.31,0,1688.965280302506
single,0,0.25,0.75,2018-08-10 00:00:00+00:00,10.315789473684212,9.31,0,1688.965280302506
single,0,0.3,0.7,2018-08-10 00:00:00+00:00,10.315789473684212,9.31,0,1688.965280302506
single,0,0.35,0.65,2018-08-10 00:00:00+00:00,10.315789473684212,9.31,0,1688.965280302506
dual,0,0.05,0.95,2018-08-10 00:00:00+00:00,10.832068731657895,10.117231673243522,4,2302.213906664102
dual,0,0.1,0.9,2018-08-10 00:00:00+00:00,11.98159994805335,11.235634816688673,3,2287.106737543398
dual,0,0.15,0.85,2018-08-10 00:00:00+00:00,11.084381051388679,10.333186833404541,4,2225.3735863892916
dual,0,0.2,0.8,2018-08-10 00:00:00+00:00,10.820419123368769,10.2311113584588,6,2210.340390510245
dual,0,0.25,0.75,2018-08-10 00:00:00+00:00,10.765830064745266,10.205455642235671,8,2257.824173936546
dual,0,0.3,0.7,2018-08-10 00:00:00+00:00,10.483744897497449,10.317265870908077,13,2237.7603878598015
dual,0,0.35,0.65,2018-08-10 00:00:00+00:00,12.68980179160286,11.953256983540358,17,2418.6803764855267
single,0,0.05,0.95,2018-08-11 00:00:00+00:00,10.637119113573407,9.6,0,2932.9878689673014
single,0,0.1,0.9,2018-08-11 00:00:00+00:00,10.637119113573407,9.6,0,2932.9878689673014
single,0,0.15,0.85,2018-08-11 00:00:00+00:00,10.637119113573409,9.6,0,2932.9878689673014
single,0,0.2,0.8,2018-08-11 00:00:00+00:00,10.637119113573407,9.6,0,2932.9878689673014
single,0,0.25,0.75,2018-08-11 00:00:00+00:00,10.637119113573409,9.6,0,2932.9878689673014
single,0,0.3,0.7,2018-08-11 00:00:00+00:00,10.637119113573407,9.6,0,2932.9878689673014
single,0,0.35,0.65,2018-08-11 00:00:00+00:00,10.637119113573409,9.6,0,2932.9878689673014
dual,0,0.05,0.95,2018-08-11 00:00:00+00:00,10.518278732692877,9.492746556255323,0,3126.936531376407
dual,0,0.1,0.9,2018-08-11 00:00:00+00:00,10.391993110184512,9.347848984883417,1,3131.6904817225122
dual,0,0.15,0.85,2018-08-11 00:00:00+00:00,10.100997800838424,9.027916319596418,2,3124.581248623038
dual,0,0.2,0.8,2018-08-11 00:00:00+00:00,9.859027450269608,8.71298335337663,6,3124.3621571410777
dual,0,0.25,0.75,2018-08-11 00:00:00+00:00,10.18872760614842,9.265642325213356,11,3274.0850087840067
dual,0,0.3,0.7,2018-08-11 00:00:00+00:00,10.144065060475095,9.095950098017749,10,3309.5614368254483
dual,0,0.35,0.65,2018-08-11 00:00:00+00:00,11.888570759211376,10.317017646591077,19,3333.406149001331
single,0,0.05,0.95,2018-08-12 00:00:00+00:00,10.0,9.025,0,3482.2739488866714
single,0,0.1,0.9,2018-08-12 00:00:00+00:00,10.0,9.024999999999999,0,3482.2739488866714
single,0,0.15,0.85,2018-08-12 00:00:00+00:00,10.0,9.025,0,3482.2739488866714
single,0,0.2,0.8,2018-08-12 00:00:00+00:00,10.0,9.025,0,3482.2739488866714
single,0,0.25,0.75,2018-08-12 00:00:00+00:00,10.0,9.025,0,3482.2739488866714
single,0,0.3,0.7,2018-08-12 00:00:00+00:00,10.0,9.025,0,3482.273948886672
single,0,0.35,0.65,2018-08-12 00:00:00+00:00,10.0,9.024999999999999,0,3482.2739488866714
dual,0,0.05,0.95,2018-08-12 00:00:00+00:00,12.206706307963444,10.99942275407802,1,3618.9251227710374
dual,0,0.1,0.9,2018-08-12 00:00:00+00:00,11.486383271797498,10.206740476466681,4,3620.5153307232063
dual,0,0.15,0.85,2018-08-12 00:00:00+00:00,11.005740566102325,9.537743184772596,10,3628.4995842178055
dual,0,0.2,0.8,2018-08-12 00:00:00+00:00,10.925887677551723,9.44135064043984,13,3627.3892507045402
dual,0,0.25,0.75,2018-08-12 00:00:00+00:00,9.971259392518835,7.407655914048476,18,3731.565882474829
dual,0,0.3,0.7,2018-08-12 00:00:00+00:00,9.882149206223524,7.564944569458048,19,3702.9946969624916
dual,0,0.35,0.65,2018-08-12 00:00:00+00:00,7.768822896846178,5.111362664403675,20,3846.0874832619443
single,0,0.05,0.95,2018-08-13 00:00:00+00:00,10.31578947368421,9.309999999999999,0,1980.8460011408597
single,0,0.1,0.9,2018-08-13 00:00:00+00:00,10.31578947368421,9.309999999999999,0,1980.8460011408597
single,0,0.15,0.85,2018-08-13 00:00:00+00:00,10.31578947368421,9.309999999999999,0,1980.8460011408597
single,0,0.2,0.8,2018-08-13 00:00:00+00:00,10.31578947368421,9.309999999999999,0,1980.8460011408597
single,0,0.25,0.75,2018-08-13 00:00:00+00:00,10.31578947368421,9.309999999999999,0,1980.8460011408597
single,0,0.3,0.7,2018-08-13 00:00:00+00:00,10.31578947368421,9.309999999999999,0,1980.8460011408597
single,0,0.35,0.65,2018-08-13 00:00:00+00:00,10.31578947368421,9.309999999999999,0,1980.8460011408597
dual,0,0.05,0.95,2018-08-13 00:00:00+00:00,11.37276677924089,10.304144312390202,1,2833.399226784623
dual,0,0.1,0.9,2018-08-13 00:00:00+00:00,11.008803509727752,10.326030690412797,2,2853.7322631891607
dual,0,0.15,0.85,2018-08-13 00:00:00+00:00,10.826057118397788,10.03665597859866,3,2832.2521868441777
dual,0,0.2,0.8,2018-08-13 00:00:00+00:00,10.199652101298557,9.500823812555033,3,2827.825483724264
dual,0,0.25,0.75,2018-08-13 00:00:00+00:00,8.349143446059482,8.032183709018451,7,2838.750189067087
dual,0,0.3,0.7,2018-08-13 00:00:00+00:00,7.926576409899301,7.408004562493983,10,2824.4070198709237
dual,0,0.35,0.65,2018-08-13 00:00:00+00:00,25.512446813620443,23.352996142513312,15,3145.576863404208
single,0,0.05,0.95,2018-08-14 00:00:00+00:00,8.421052631578949,7.6000000000000005,0,2736.608761896574
single,0,0.1,0.9,2018-08-14 00:00:00+00:00,8.421052631578949,7.6000000000000005,0,2736.608761896574
single,0,0.15,0.85,2018-08-14 00:00:00+00:00,8.421052631578949,7.6000000000000005,0,2736.608761896574
single,0,0.2,0.8,2018-08-14 00:00:00+00:00,8.421052631578949,7.6000000000000005,0,2736.608761896574
single,0,0.25,0.75,2018-08-14 00:00:00+00:00,8.421052631578949,7.6000000000000005,0,2736.608761896574
single,0,0.3,0.7,2018-08-14 00:00:00+00:00,8.421052631578949,7.6000000000000005,0,2736.608761896574
single,0,0.35,0.65,2018-08-14 00:00:00+00:00,8.421052631578949,7.6000000000000005,0,2736.608761896574
dual,0,0.05,0.95,2018-08-14 00:00:00+00:00,10.037276901388982,9.058642403503555,0,2884.9805308544687
dual,0,0.1,0.9,2018-08-14 00:00:00+00:00,9.483098272788133,8.55849619119129,0,2882.6353335500626
dual,0,0.15,0.85,2018-08-14 00:00:00+00:00,8.72159210769925,7.700787662545651,4,2888.922012031401
dual,0,0.2,0.8,2018-08-14 00:00:00+00:00,7.9663497079255325,7.0050410580101605,8,2884.2977022271066
dual,0,0.25,0.75,2018-08-14 00:00:00+00:00,7.247820871397094,6.137227171489803,12,2883.374522074132
dual,0,0.3,0.7,2018-08-14 00:00:00+00:00,7.170776478684049,6.168573904487535,12,2874.213917035128
dual,0,0.35,0.65,2018-08-14 00:00:00+00:00,5.276630485429899,4.271119465677474,23,3017.4302850349936
single,0,0.05,0.95,2018-08-15 00:00:00+00:00,10.315789473684212,9.31,0,2649.6569033888445
single,0,0.1,0.9,2018-08-15 00:00:00+00:00,10.315789473684212,9.31,0,2649.6569033888445
single,0,0.15,0.85,2018-08-15 00:00:00+00:00,10.315789473684212,9.31,0,2649.6569033888445
single,0,0.2,0.8,2018-08-15 00:00:00+00:00,10.315789473684212,9.31,0,2649.6569033888445
single,0,0.25,0.75,2018-08-15 00:00:00+00:00,10.315789473684212,9.31,0,2649.6569033888445
single,0,0.3,0.7,2018-08-15 00:00:00+00:00,10.315789473684212,9.31,0,2649.6569033888445
single,0,0.35,0.65,2018-08-15 00:00:00+00:00,10.315789473684212,9.31,0,2649.6569033888445
dual,0,0.05,0.95,2018-08-15 00:00:00+00:00,11.759630145592556,10.613066206397283,0,2696.9401465507863
dual,0,0.1,0.9,2018-08-15 00:00:00+00:00,11.408888897751044,10.221010144663335,1,2670.9730120477925
dual,0,0.15,0.85,2018-08-15 00:00:00+00:00,11.09269725980808,9.814696772709098,3,2657.2718882967083
dual,0,0.2,0.8,2018-08-15 00:00:00+00:00,10.743345305666821,9.475956763949243,7,2653.3353910990913
dual,0,0.25,0.75,2018-08-15 00:00:00+00:00,10.934371142026563,9.2021952304975,16,2683.3098650980523
dual,0,0.3,0.7,2018-08-15 00:00:00+00:00,11.529547485814941,8.846226739655265,15,2761.3441342513424
dual,0,0.35,0.65,2018-08-15 00:00:00+00:00,10.362910262689713,8.557668275696455,18,2938.70351436027
single,0,0.05,0.95,2018-08-16 00:00:00+00:00,8.421052631578949,7.6,0,2380.657935390081
single,0,0.1,0.9,2018-08-16 00:00:00+00:00,8.421052631578949,7.6,0,2380.657935390081
single,0,0.15,0.85,2018-08-16 00:00:00+00:00,8.421052631578949,7.6,0,2380.657935390081
single,0,0.2,0.8,2018-08-16 00:00:00+00:00,8.421052631578949,7.6,0,2380.657935390081
single,0,0.25,0.75,2018-08-16 00:00:00+00:00,8.421052631578949,7.6,0,2380.657935390081
single,0,0.3,0.7,2018-08-16 00:00:00+00:00,8.421052631578949,7.6,0,2380.657935390081
single,0,0.35,0.65,2018-08-16 00:00:00+00:00,8.421052631578949,7.6,0,2380.657935390081
dual,0,0.05,0.95,2018-08-16 00:00:00+00:00,10.946511125772158,9.862584817583592,2,2579.435267526029
dual,0,0.1,0.9,2018-08-16 00:00:00+00:00,10.503348041237516,9.395073573322637,4,2561.722535652994
dual,0,0.15,0.85,2018-08-16 00:00:00+00:00,10.271340841758011,9.036953140818827,3,2574.22644527143
dual,0,0.2,0.8,2018-08-16 00:00:00+00:00,9.534390971959304,8.383971525193914,5,2578.978475158567
dual,0,0.25,0.75,2018-08-16 00:00:00+00:00,9.05161298961804,7.616269194576859,9,2619.923470065722
dual,0,0.3,0.7,2018-08-16 00:00:00+00:00,9.732816064287405,8.260198029529196,7,2657.0092687289753
dual,0,0.35,0.65,2018-08-16 00:00:00+00:00,12.275397163294803,10.065795829957679,18,2928.9156156399013
single,0,0.05,0.95,2018-08-17 00:00:00+00:00,10.31578947368421,9.31,0,1910.0228753920528
single,0,0.1,0.9,2018-08-17 00:00:00+00:00,10.31578947368421,9.31,0,1910.0228753920528
single,0,0.15,0.85,2018-08-17 00:00:00+00:00,10.31578947368421,9.31,0,1910.0228753920528
single,0,0.2,0.8,2018-08-17 00:00:00+00:00,10.31578947368421,9.31,0,1910.0228753920528
single,0,0.25,0.75,2018-08-17 00:00:00+00:00,10.31578947368421,9.31,0,1910.0228753920528
single,0,0.3,0.7,2018-08-17 00:00:00+00:00,10.31578947368421,9.31,0,1910.0228753920528
single,0,0.35,0.65,2018-08-17 00:00:00+00:00,10.31578947368421,9.31,0,1910.0228753920528
dual,0,0.05,0.95,2018-08-17 00:00:00+00:00,9.701228561501924,9.165829679675255,1,2148.821214785817
dual,0,0.1,0.9,2018-08-17 00:00:00+00:00,9.129985250749105,8.766614236608996,4,2125.6114797110017
dual,0,0.15,0.85,2018-08-17 00:00:00+00:00,8.540781843241042,8.315297309181139,5,2133.650670016232
dual,0,0.2,0.8,2018-08-17 00:00:00+00:00,7.78312630722203,7.749768449805734,6,2111.728881490258
dual,0,0.25,0.75,2018-08-17 00:00:00+00:00,9.658984714899292,8.559313493793898,13,2097.7529792632404
dual,0,0.3,0.7,2018-08-17 00:00:00+00:00,9.437027268071944,8.425604578875156,12,2193.0248071838214
dual,0,0.35,0.65,2018-08-17 00:00:00+00:00,8.905846118293912,7.7193013077823975,16,2270.3165370983193
single,0,0.05,0.95,2018-08-18 00:00:00+00:00,10.421052631578949,9.405,0,2077.5206057082987
single,0,0.1,0.9,2018-08-18 00:00:00+00:00,10.421052631578949,9.405,0,2077.5206057082987
single,0,0.15,0.85,2018-08-18 00:00:00+00:00,10.421052631578949,9.405,0,2077.5206057082987
single,0,0.2,0.8,2018-08-18 00:00:00+00:00,10.421052631578949,9.405,0,2077.5206057082987
single,0,0.25,0.75,2018-08-18 00:00:00+00:00,10.421052631578949,9.405,0,2077.5206057082987
single,0,0.3,0.7,2018-08-18 00:00:00+00:00,10.421052631578949,9.405,0,2077.5206057082987
single,0,0.35,0.65,2018-08-18 00:00:00+00:00,10.421052631578949,9.405,0,2077.5206057082987
dual,0,0.05,0.95,2018-08-18 00:00:00+00:00,8.39345169285004,7.714248475096642,2,2561.198291617233
dual,0,0.1,0.9,2018-08-18 00:00:00+00:00,8.39372519386799,7.762417463497279,3,2512.8611467733335
dual,0,0.15,0.85,2018-08-18 00:00:00+00:00,7.832890925058744,7.28759799580786,5,2489.626574753258
dual,0,0.2,0.8,2018-08-18 00:00:00+00:00,7.355122914926573,6.875878418175578,4,2536.841369616778
dual,0,0.25,0.75,2018-08-18 00:00:00+00:00,11.360661420290427,10.035463844862132,12,2845.8694820874553
dual,0,0.3,0.7,2018-08-18 00:00:00+00:00,10.338592748183238,9.490610293034312,11,2843.0702242485922
dual,0,0.35,0.65,2018-08-18 00:00:00+00:00,17.112204237804203,13.976241937818006,17,3036.869924717761
single,0,0.05,0.95,2018-08-19 00:00:00+00:00,12.210526315789474,11.02,0,2729.468199690817
single,0,0.1,0.9,2018-08-19 00:00:00+00:00,12.210526315789474,11.02,0,2729.468199690817
single,0,0.15,0.85,2018-08-19 00:00:00+00:00,12.210526315789474,11.02,0,2729.468199690817
single,0,0.2,0.8,2018-08-19 00:00:00+00:00,12.210526315789473,11.02,0,2729.468199690817
single,0,0.25,0.75,2018-08-19 00:00:00+00:00,12.210526315789474,11.02,0,2729.468199690817
single,0,0.3,0.7,2018-08-19 00:00:00+00:00,12.210526315789474,11.02,0,2729.468199690817
single,0,0.35,0.65,2018-08-19 00:00:00+00:00,12.210526315789473,11.02,0,2729.468199690817
dual,0,0.05,0.95,2018-08-19 00:00:00+00:00,12.987836000399945,11.700113717081283,2,2930.9291950687
dual,0,0.1,0.9,2018-08-19 00:00:00+00:00,13.025067191732472,11.619226426506858,3,2928.118545576206
dual,0,0.15,0.85,2018-08-19 00:00:00+00:00,12.736018724962278,11.277843399565512,4,2918.6836050072015
dual,0,0.2,0.8,2018-08-19 00:00:00+00:00,12.665586129977955,11.061758743942098,8,2916.3303547818036
dual,0,0.25,0.75,2018-08-19 00:00:00+00:00,13.488920961889411,12.464642399813782,15,3214.011625555446
dual,0,0.3,0.7,2018-08-19 00:00:00+00:00,12.728776916859532,11.69165277795307,12,3255.1693373267917
dual,0,0.35,0.65,2018-08-19 00:00:00+00:00,13.739765516716648,10.647566990410672,20,3555.9006567050646
single,0,0.05,0.95,2018-08-20 00:00:00+00:00,8.210526315789474,7.41,0,3358.4865985727897
single,0,0.1,0.9,2018-08-20 00:00:00+00:00,8.210526315789474,7.41,0,3358.4865985727897
single,0,0.15,0.85,2018-08-20 00:00:00+00:00,8.210526315789474,7.41,0,3358.4865985727897
single,0,0.2,0.8,2018-08-20 00:00:00+00:00,8.210526315789474,7.41,0,3358.4865985727897
single,0,0.25,0.75,2018-08-20 00:00:00+00:00,8.210526315789474,7.41,0,3358.4865985727897
single,0,0.3,0.7,2018-08-20 00:00:00+00:00,8.210526315789474,7.41,0,3358.4865985727897
single,0,0.35,0.65,2018-08-20 00:00:00+00:00,8.210526315789474,7.41,0,3358.4865985727897
dual,0,0.05,0.95,2018-08-20 00:00:00+00:00,10.747568707134114,9.699680758188537,0,3479.0987864905233
dual,0,0.1,0.9,2018-08-20 00:00:00+00:00,10.016747967345438,9.020729695547114,1,3467.5001106301065
dual,0,0.15,0.85,2018-08-20 00:00:00+00:00,9.278847509165923,8.330645703395346,1,3472.6246967510137
dual,0,0.2,0.8,2018-08-20 00:00:00+00:00,8.91054467455246,7.904424374464824,4,3490.5614248930797
dual,0,0.25,0.75,2018-08-20 00:00:00+00:00,8.975560111241805,7.521545599913652,8,3503.0306822445805
dual,0,0.3,0.7,2018-08-20 00:00:00+00:00,10.153168428013835,8.692062609756995,7,3534.195439151953
dual,0,0.35,0.65,2018-08-20 00:00:00+00:00,10.579613516523647,9.225408733190175,12,3455.890998734548
single,0,0.05,0.95,2018-08-21 00:00:00+00:00,8.105263157894736,7.315,0,2480.992858028027
single,0,0.1,0.9,2018-08-21 00:00:00+00:00,8.105263157894736,7.315,0,2480.992858028027
single,0,0.15,0.85,2018-08-21 00:00:00+00:00,8.105263157894736,7.315,0,2480.992858028027
single,0,0.2,0.8,2018-08-21 00:00:00+00:00,8.105263157894736,7.315,0,2480.992858028027
single,0,0.25,0.75,2018-08-21 00:00:00+00:00,8.105263157894736,7.315,0,2480.992858028027
single,0,0.3,0.7,2018-08-21 00:00:00+00:00,8.105263157894736,7.315,0,2480.992858028027
single,0,0.35,0.65,2018-08-21 00:00:00+00:00,8.105263157894736,7.315,0,2480.992858028027
dual,0,0.05,0.95,2018-08-21 00:00:00+00:00,12.008885895453979,11.026325432007633,1,2960.4088025293186
dual,0,0.1,0.9,2018-08-21 00:00:00+00:00,12.30682563458579,11.172205471444299,3,2929.243328259371
dual,0,0.15,0.85,2018-08-21 00:00:00+00:00,11.776255725352668,10.753385638940658,2,2916.5237176061482
dual,0,0.2,0.8,2018-08-21 00:00:00+00:00,11.949177963222258,10.770256938043337,3,2889.110847689651
dual,0,0.25,0.75,2018-08-21 00:00:00+00:00,11.505187176625267,10.322027327873885,8,2894.6165410725075
dual,0,0.3,0.7,2018-08-21 00:00:00+00:00,13.00985875642263,12.700506124826436,13,3015.477248972133
dual,0,0.35,0.65,2018-08-21 00:00:00+00:00,19.796866539282984,17.96167205170289,17,3314.0673378619526
single,0,0.05,0.95,2018-08-22 00:00:00+00:00,4.210526315789474,3.8,0,2678.25397808572
single,0,0.1,0.9,2018-08-22 00:00:00+00:00,4.210526315789474,3.8,0,2678.2539780857196
single,0,0.15,0.85,2018-08-22 00:00:00+00:00,4.210526315789474,3.8,0,2678.25397808572
single,0,0.2,0.8,2018-08-22 00:00:00+00:00,4.210526315789474,3.8,0,2678.25397808572
single,0,0.25,0.75,2018-08-22 00:00:00+00:00,4.210526315789474,3.8,0,2678.25397808572
single,0,0.3,0.7,2018-08-22 00:00:00+00:00,4.210526315789474,3.8,0,2678.25397808572
single,0,0.35,0.65,2018-08-22 00:00:00+00:00,4.210526315789474,3.8,0,2678.25397808572
dual,0,0.05,0.95,2018-08-22 00:00:00+00:00,11.74432226052518,10.879932424794351,2,3332.782917814155
dual,0,0.1,0.9,2018-08-22 00:00:00+00:00,10.86015626432361,10.221220198884428,4,3317.9149997944287
dual,0,0.15,0.85,2018-08-22 00:00:00+00:00,10.326495376875187,9.727922813331846,5,3357.420008003044
dual,0,0.2,0.8,2018-08-22 00:00:00+00:00,10.177979642976467,9.505581699202732,6,3386.8687123840027
dual,0,0.25,0.75,2018-08-22 00:00:00+00:00,9.57621959226229,8.990823040713709,6,3373.5673750914675
dual,0,0.3,0.7,2018-08-22 00:00:00+00:00,9.01552475998399,8.435448244432571,7,3413.998523720419
dual,0,0.35,0.65,2018-08-22 00:00:00+00:00,12.870172291089487,11.848743559451258,11,3409.5488009284813
single,0,0.05,0.95,2018-08-23 00:00:00+00:00,10.315789473684212,9.31,0,2276.0845877177267
single,0,0.1,0.9,2018-08-23 00:00:00+00:00,10.315789473684212,9.31,0,2276.0845877177267
single,0,0.15,0.85,2018-08-23 00:00:00+00:00,10.315789473684212,9.31,0,2276.0845877177267
single,0,0.2,0.8,2018-08-23 00:00:00+00:00,10.315789473684212,9.31,0,2276.0845877177267
single,0,0.25,0.75,2018-08-23 00:00:00+00:00,10.315789473684212,9.31,0,2276.0845877177267
single,0,0.3,0.7,2018-08-23 00:00:00+00:00,10.315789473684212,9.31,0,2276.0845877177267
single,0,0.35,0.65,2018-08-23 00:00:00+00:00,10.315789473684212,9.31,0,2276.0845877177267
dual,0,0.05,0.95,2018-08-23 00:00:00+00:00,12.131784854989851,11.215701141788216,4,2742.7927850293263
dual,0,0.1,0.9,2018-08-23 00:00:00+00:00,11.822102137406999,10.86494696497231,3,2721.3338533437113
dual,0,0.15,0.85,2018-08-23 00:00:00+00:00,11.429127819949988,10.339571537080047,5,2696.887049555713
dual,0,0.2,0.8,2018-08-23 00:00:00+00:00,11.167743023642334,10.246332772435306,7,2682.0304272646904
dual,0,0.25,0.75,2018-08-23 00:00:00+00:00,9.080009623408808,8.243610960858899,7,2662.4456645458035
dual,0,0.3,0.7,2018-08-23 00:00:00+00:00,11.372247271399837,11.302769505607216,11,2728.6103302026013
dual,0,0.35,0.65,2018-08-23 00:00:00+00:00,17.83418407387397,16.460203997875595,13,3023.6689155957447
single,0,0.05,0.95,2018-08-24 00:00:00+00:00,10.315789473684212,9.31,0,2832.037392965414
single,0,0.1,0.9,2018-08-24 00:00:00+00:00,10.315789473684212,9.31,0,2832.037392965414
single,0,0.15,0.85,2018-08-24 00:00:00+00:00,10.315789473684212,9.31,0,2832.037392965414
single,0,0.2,0.8,2018-08-24 00:00:00+00:00,10.315789473684212,9.31,0,2832.037392965414
single,0,0.25,0.75,2018-08-24 00:00:00+00:00,10.315789473684212,9.31,0,2832.037392965414
single,0,0.3,0.7,2018-08-24 00:00:00+00:00,10.315789473684212,9.31,0,2832.037392965414
single,0,0.35,0.65,2018-08-24 00:00:00+00:00,10.315789473684212,9.31,0,2832.037392965414
dual,0,0.05,0.95,2018-08-24 00:00:00+00:00,11.493533368498465,10.208788023766019,4,3250.9663215452674
dual,0,0.1,0.9,2018-08-24 00:00:00+00:00,11.134026963472964,9.896407770350194,6,3256.8128323702376
dual,0,0.15,0.85,2018-08-24 00:00:00+00:00,10.80505466891023,9.550559690413442,8,3240.665862453767
dual,0,0.2,0.8,2018-08-24 00:00:00+00:00,10.566624265580348,9.320464311815705,8,3256.475971147581
dual,0,0.25,0.75,2018-08-24 00:00:00+00:00,10.624584204425961,9.439277828024181,10,3338.4266265317556
dual,0,0.3,0.7,2018-08-24 00:00:00+00:00,11.959801591466128,10.700196555920312,9,3329.9194958410417
dual,0,0.35,0.65,2018-08-24 00:00:00+00:00,16.490749887797847,14.63128402722865,16,3763.299871313979
single,0,0.05,0.95,2018-08-25 00:00:00+00:00,10.105263157894736,9.120000000000001,0,2227.176721680027
single,0,0.1,0.9,2018-08-25 00:00:00+00:00,10.105263157894736,9.120000000000001,0,2227.176721680027
single,0,0.15,0.85,2018-08-25 00:00:00+00:00,10.105263157894736,9.120000000000001,0,2227.176721680027
single,0,0.2,0.8,2018-08-25 00:00:00+00:00,10.105263157894736,9.120000000000001,0,2227.176721680027
single,0,0.25,0.75,2018-08-25 00:00:00+00:00,10.105263157894736,9.120000000000001,0,2227.176721680027
single,0,0.3,0.7,2018-08-25 00:00:00+00:00,10.105263157894736,9.120000000000001,0,2227.176721680027
single,0,0.35,0.65,2018-08-25 00:00:00+00:00,10.105263157894736,9.120000000000001,0,2227.176721680027
dual,0,0.05,0.95,2018-08-25 00:00:00+00:00,10.578816199867394,9.875142985004047,4,2877.8766322671427
dual,0,0.1,0.9,2018-08-25 00:00:00+00:00,10.817672055997113,10.096318610017427,6,2909.421339934731
dual,0,0.15,0.85,2018-08-25 00:00:00+00:00,10.977337899616112,10.317240464262198,8,2922.71881214728
dual,0,0.2,0.8,2018-08-25 00:00:00+00:00,10.366014162927705,9.825830539308273,8,2925.0924927570486
dual,0,0.25,0.75,2018-08-25 00:00:00+00:00,12.711194091791985,11.956775878712453,13,2983.2956759042063
dual,0,0.3,0.7,2018-08-25 00:00:00+00:00,14.284577649717153,13.407108804820489,14,3073.1210037863366
dual,0,0.35,0.65,2018-08-25 00:00:00+00:00,28.39359003797279,25.052900318157278,20,3161.4137728783744
single,0,0.05,0.95,2018-08-26 00:00:00+00:00,10.526315789473685,9.5,0,3269.310928514414
single,0,0.1,0.9,2018-08-26 00:00:00+00:00,10.526315789473685,9.5,0,3269.310928514414
single,0,0.15,0.85,2018-08-26 00:00:00+00:00,10.526315789473685,9.5,0,3269.310928514414
single,0,0.2,0.8,2018-08-26 00:00:00+00:00,10.526315789473685,9.5,0,3269.310928514414
single,0,0.25,0.75,2018-08-26 00:00:00+00:00,10.526315789473685,9.5,0,3269.310928514414
single,0,0.3,0.7,2018-08-26 00:00:00+00:00,10.526315789473685,9.5,0,3269.310928514414
single,0,0.35,0.65,2018-08-26 00:00:00+00:00,10.526315789473685,9.5,0,3269.310928514414
dual,0,0.05,0.95,2018-08-26 00:00:00+00:00,10.676255811861079,9.624369846462178,3,3338.9583619387668
dual,0,0.1,0.9,2018-08-26 00:00:00+00:00,10.802837388992788,9.68821492790742,1,3345.8398814844704
dual,0,0.15,0.85,2018-08-26 00:00:00+00:00,10.328540773884606,9.233169664100584,2,3351.438577141973
dual,0,0.2,0.8,2018-08-26 00:00:00+00:00,10.244561614815648,9.149965390620025,2,3352.6252905187007
dual,0,0.25,0.75,2018-08-26 00:00:00+00:00,10.169431235461731,9.1118725392236,8,3339.5563395136096
dual,0,0.3,0.7,2018-08-26 00:00:00+00:00,9.789871370606477,8.715480600877683,11,3350.260014800212
dual,0,0.35,0.65,2018-08-26 00:00:00+00:00,12.846194278168465,9.948953881037346,19,3541.8543909871823
single,0,0.05,0.95,2018-08-27 00:00:00+00:00,4.210526315789474,3.8,0,2151.091441121624
single,0,0.1,0.9,2018-08-27 00:00:00+00:00,4.210526315789474,3.8,0,2151.091441121624
single,0,0.15,0.85,2018-08-27 00:00:00+00:00,4.210526315789474,3.8,0,2151.091441121624
single,0,0.2,0.8,2018-08-27 00:00:00+00:00,4.210526315789474,3.8,0,2151.091441121624
single,0,0.25,0.75,2018-08-27 00:00:00+00:00,4.210526315789474,3.8,0,2151.091441121624
single,0,0.3,0.7,2018-08-27 00:00:00+00:00,4.210526315789474,3.8,0,2151.091441121624
single,0,0.35,0.65,2018-08-27 00:00:00+00:00,4.210526315789474,3.8,0,2151.091441121624
dual,0,0.05,0.95,2018-08-27 00:00:00+00:00,8.607672856319224,7.818181740673726,4,2414.6563261733054
dual,0,0.1,0.9,2018-08-27 00:00:00+00:00,7.716851362537989,7.18367965399358,6,2407.415805725675
dual,0,0.15,0.85,2018-08-27 00:00:00+00:00,7.099080723567784,6.924118659253292,9,2444.411022436757
dual,0,0.2,0.8,2018-08-27 00:00:00+00:00,6.642251885654084,6.3288881039124565,11,2433.190892711856
dual,0,0.25,0.75,2018-08-27 00:00:00+00:00,8.107465499249244,7.301648864781289,9,2348.3270217926793
dual,0,0.3,0.7,2018-08-27 00:00:00+00:00,9.033246339227913,8.375141955812055,13,2381.140790853957
dual,0,0.35,0.65,2018-08-27 00:00:00+00:00,9.556294450612993,9.406127000078405,15,2553.2406941844956
single,0,0.05,0.95,2018-08-28 00:00:00+00:00,8.421052631578949,7.6,0,3061.744357059333
single,0,0.1,0.9,2018-08-28 00:00:00+00:00,8.421052631578949,7.6,0,3061.744357059333
single,0,0.15,0.85,2018-08-28 00:00:00+00:00,8.421052631578949,7.6,0,3061.744357059333
single,0,0.2,0.8,2018-08-28 00:00:00+00:00,8.421052631578949,7.6,0,3061.744357059333
single,0,0.25,0.75,2018-08-28 00:00:00+00:00,8.421052631578949,7.6,0,3061.744357059333
single,0,0.3,0.7,2018-08-28 00:00:00+00:00,8.421052631578949,7.6,0,3061.744357059333
single,0,0.35,0.65,2018-08-28 00:00:00+00:00,8.421052631578949,7.6,0,3061.744357059333
dual,0,0.05,0.95,2018-08-28 00:00:00+00:00,9.714691382551525,8.76750897275275,0,3519.947261970695
dual,0,0.1,0.9,2018-08-28 00:00:00+00:00,10.009650951608382,9.26968520420972,1,3521.2290831892915
dual,0,0.15,0.85,2018-08-28 00:00:00+00:00,9.64289982735221,8.93241621426353,3,3516.036830152325
dual,0,0.2,0.8,2018-08-28 00:00:00+00:00,9.565034907148814,8.90792835615563,4,3510.7966783133033
dual,0,0.25,0.75,2018-08-28 00:00:00+00:00,9.553712457984997,8.95954746887641,5,3570.7336893217253
dual,0,0.3,0.7,2018-08-28 00:00:00+00:00,9.827126803421844,9.25387373794553,6,3613.326458628082
dual,0,0.35,0.65,2018-08-28 00:00:00+00:00,20.455031261796215,17.69758765450064,12,3899.5229783840073
single,0,0.05,0.95,2018-08-29 00:00:00+00:00,6.426592797783934,5.8,0,2601.2930216118425
single,0,0.1,0.9,2018-08-29 00:00:00+00:00,6.426592797783934,5.8,0,2601.2930216118425
single,0,0.15,0.85,2018-08-29 00:00:00+00:00,6.426592797783934,5.8,0,2601.2930216118425
single,0,0.2,0.8,2018-08-29 00:00:00+00:00,6.426592797783934,5.8,0,2601.2930216118425
single,0,0.25,0.75,2018-08-29 00:00:00+00:00,6.426592797783934,5.8,0,2601.2930216118425
single,0,0.3,0.7,2018-08-29 00:00:00+00:00,6.426592797783934,5.8,0,2601.2930216118425
single,0,0.35,0.65,2018-08-29 00:00:00+00:00,6.426592797783934,5.8,0,2601.2930216118425
dual,0,0.05,0.95,2018-08-29 00:00:00+00:00,13.538413227200571,12.218417937548516,0,3103.3461039887343
dual,0,0.1,0.9,2018-08-29 00:00:00+00:00,12.671162472875896,11.435724131770495,0,3104.4969330418357
dual,0,0.15,0.85,2018-08-29 00:00:00+00:00,12.313650050435342,11.090624499125457,1,3093.074591539567
dual,0,0.2,0.8,2018-08-29 00:00:00+00:00,11.740355414819948,10.568212780169336,1,3081.3829717878107
dual,0,0.25,0.75,2018-08-29 00:00:00+00:00,11.749554793169803,10.541339958526653,2,3068.850004653839
dual,0,0.3,0.7,2018-08-29 00:00:00+00:00,12.81862409578634,11.728532168670633,4,3085.5069953259567
dual,0,0.35,0.65,2018-08-29 00:00:00+00:00,15.4350878234378,13.96273357718044,7,3185.8927946154354
single,0,0.05,0.95,2018-08-30 00:00:00+00:00,4.210526315789474,3.8,0,2815.3261791088244
single,0,0.1,0.9,2018-08-30 00:00:00+00:00,4.210526315789474,3.8,0,2815.3261791088244
single,0,0.15,0.85,2018-08-30 00:00:00+00:00,4.210526315789474,3.8,0,2815.3261791088244
single,0,0.2,0.8,2018-08-30 00:00:00+00:00,4.210526315789474,3.8,0,2815.3261791088244
single,0,0.25,0.75,2018-08-30 00:00:00+00:00,4.210526315789474,3.8,0,2815.3261791088244
single,0,0.3,0.7,2018-08-30 00:00:00+00:00,4.210526315789474,3.8,0,2815.3261791088244
single,0,0.35,0.65,2018-08-30 00:00:00+00:00,4.210526315789474,3.8,0,2815.3261791088244
dual,0,0.05,0.95,2018-08-30 00:00:00+00:00,8.053313527631216,7.226418623037548,3,3256.5884427373203
dual,0,0.1,0.9,2018-08-30 00:00:00+00:00,7.7726273233325225,7.003461238561785,10,3251.8036274959486
dual,0,0.15,0.85,2018-08-30 00:00:00+00:00,7.404626056573013,6.633884501200875,10,3278.9406972193556
dual,0,0.2,0.8,2018-08-30 00:00:00+00:00,7.520759169999138,7.064505129236478,13,3350.5705820004796
dual,0,0.25,0.75,2018-08-30 00:00:00+00:00,8.157590646955008,7.683142045232641,17,3429.6828206006403
dual,0,0.3,0.7,2018-08-30 00:00:00+00:00,8.643051268883887,8.179651615187371,16,3465.8019593504914
dual,0,0.35,0.65,2018-08-30 00:00:00+00:00,22.700788809586392,20.40361272924256,20,3685.144515083137
single,0,0.05,0.95,2018-08-31 00:00:00+00:00,10.315789473684212,9.31,0,1899.1669658137382
single,0,0.1,0.9,2018-08-31 00:00:00+00:00,10.315789473684212,9.31,0,1899.1669658137382
single,0,0.15,0.85,2018-08-31 00:00:00+00:00,10.315789473684212,9.31,0,1899.1669658137382
single,0,0.2,0.8,2018-08-31 00:00:00+00:00,10.315789473684212,9.31,0,1899.1669658137382
single,0,0.25,0.75,2018-08-31 00:00:00+00:00,10.315789473684212,9.31,0,1899.1669658137382
single,0,0.3,0.7,2018-08-31 00:00:00+00:00,10.315789473684212,9.31,0,1899.1669658137382
single,0,0.35,0.65,2018-08-31 00:00:00+00:00,10.315789473684212,9.31,0,1899.1669658137382
dual,0,0.05,0.95,2018-08-31 00:00:00+00:00,11.002732356358162,10.066323050517276,6,2427.6157031149196
dual,0,0.1,0.9,2018-08-31 00:00:00+00:00,11.104573672965515,10.120882341048347,6,2460.6794774647383
dual,0,0.15,0.85,2018-08-31 00:00:00+00:00,10.701594983443197,9.71797529414544,6,2432.1358474768253
dual,0,0.2,0.8,2018-08-31 00:00:00+00:00,10.603722618737383,9.741180402792128,6,2428.230948380888
dual,0,0.25,0.75,2018-08-31 00:00:00+00:00,12.423526030602293,11.474581059462707,8,2431.501054827361
dual,0,0.3,0.7,2018-08-31 00:00:00+00:00,11.894724350026648,10.993258505965287,8,2527.233676511848
dual,0,0.35,0.65,2018-08-31 00:00:00+00:00,15.23112398402638,14.439672619100158,21,2663.467456680264
single,0,0.05,0.95,2018-09-01 00:00:00+00:00,8.421052631578949,7.6,0,2193.9527371403087
single,0,0.1,0.9,2018-09-01 00:00:00+00:00,8.421052631578949,7.6,0,2193.9527371403083
single,0,0.15,0.85,2018-09-01 00:00:00+00:00,8.421052631578949,7.6,0,2193.9527371403083
single,0,0.2,0.8,2018-09-01 00:00:00+00:00,8.421052631578949,7.6,0,2193.9527371403083
single,0,0.25,0.75,2018-09-01 00:00:00+00:00,8.421052631578949,7.6,0,2193.9527371403083
single,0,0.3,0.7,2018-09-01 00:00:00+00:00,8.421052631578949,7.6,0,2193.9527371403087
single,0,0.35,0.65,2018-09-01 00:00:00+00:00,8.421052631578949,7.6,0,2193.9527371403087
dual,0,0.05,0.95,2018-09-01 00:00:00+00:00,9.522886100866753,8.727433661131757,2,2629.1867812303585
dual,0,0.1,0.9,2018-09-01 00:00:00+00:00,9.488500709540865,8.764551273788213,1,2622.8204315931716
dual,0,0.15,0.85,2018-09-01 00:00:00+00:00,9.58874549732447,8.86837331878379,4,2624.6819166069813
dual,0,0.2,0.8,2018-09-01 00:00:00+00:00,8.930626452563374,8.1290195834173,4,2597.6499785788974
dual,0,0.25,0.75,2018-09-01 00:00:00+00:00,11.515200773775108,10.053641177177978,9,2791.82449601138
dual,0,0.3,0.7,2018-09-01 00:00:00+00:00,11.56090666421957,10.632391891850586,10,2809.780769005813
dual,0,0.35,0.65,2018-09-01 00:00:00+00:00,14.866243626370412,13.34081006778963,18,2895.573292692203
single,0,0.05,0.95,2018-09-02 00:00:00+00:00,12.421052631578947,11.21,0,2478.2488396108383
single,0,0.1,0.9,2018-09-02 00:00:00+00:00,12.421052631578947,11.21,0,2478.2488396108383
single,0,0.15,0.85,2018-09-02 00:00:00+00:00,12.421052631578947,11.21,0,2478.2488396108383
single,0,0.2,0.8,2018-09-02 00:00:00+00:00,12.421052631578947,11.21,0,2478.2488396108383
single,0,0.25,0.75,2018-09-02 00:00:00+00:00,12.421052631578947,11.21,0,2478.2488396108383
single,0,0.3,0.7,2018-09-02 00:00:00+00:00,12.421052631578947,11.21,0,2478.2488396108383
single,0,0.35,0.65,2018-09-02 00:00:00+00:00,12.421052631578947,11.21,0,2478.2488396108383
dual,0,0.05,0.95,2018-09-02 00:00:00+00:00,13.995128925245101,12.630603855033705,0,2872.2660392046505
dual,0,0.1,0.9,2018-09-02 00:00:00+00:00,13.840970966614682,12.538334465424352,2,2874.4781632797335
dual,0,0.15,0.85,2018-09-02 00:00:00+00:00,13.964788674176447,12.648322492477126,2,2874.4905889131583
dual,0,0.2,0.8,2018-09-02 00:00:00+00:00,13.852758498457156,12.662244863819536,4,2893.6949910041244
dual,0,0.25,0.75,2018-09-02 00:00:00+00:00,14.457654593788394,13.14321234133692,5,2947.09803963806
dual,0,0.3,0.7,2018-09-02 00:00:00+00:00,13.898709247157367,12.690639164350348,8,3002.7741773094517
dual,0,0.35,0.65,2018-09-02 00:00:00+00:00,19.721458748783313,17.82970897976257,17,3247.497601081192
single,0,0.05,0.95,2018-09-03 00:00:00+00:00,8.642659279778393,7.8,0,2944.001515921266
single,0,0.1,0.9,2018-09-03 00:00:00+00:00,8.642659279778393,7.8,0,2944.001515921266
single,0,0.15,0.85,2018-09-03 00:00:00+00:00,8.642659279778393,7.8,0,2944.001515921266
single,0,0.2,0.8,2018-09-03 00:00:00+00:00,8.642659279778393,7.8,0,2944.001515921266
single,0,0.25,0.75,2018-09-03 00:00:00+00:00,8.642659279778393,7.8,0,2944.001515921266
single,0,0.3,0.7,2018-09-03 00:00:00+00:00,8.642659279778393,7.8,0,2944.001515921266
single,0,0.35,0.65,2018-09-03 00:00:00+00:00,8.642659279778393,7.8,0,2944.001515921266
dual,0,0.05,0.95,2018-09-03 00:00:00+00:00,10.652716427131656,9.79744076028657,7,4005.611589832459
dual,0,0.1,0.9,2018-09-03 00:00:00+00:00,10.359786230883756,9.56749613800239,7,4069.793161846858
dual,0,0.15,0.85,2018-09-03 00:00:00+00:00,10.068559620070065,9.318445793011477,10,4115.182098984009
dual,0,0.2,0.8,2018-09-03 00:00:00+00:00,9.428715854532612,8.798087489794819,9,4112.9337346864395
dual,0,0.25,0.75,2018-09-03 00:00:00+00:00,9.601741118977623,9.059638249091355,11,4045.214942193434
dual,0,0.3,0.7,2018-09-03 00:00:00+00:00,9.755145271311834,9.197340362148976,11,4101.185662972191
dual,0,0.35,0.65,2018-09-03 00:00:00+00:00,18.518862832772093,16.80626511838675,13,4276.380855436112
single,0,0.05,0.95,2018-09-04 00:00:00+00:00,10.105263157894736,9.120000000000001,0,3446.3122057211394
single,0,0.1,0.9,2018-09-04 00:00:00+00:00,10.105263157894736,9.120000000000001,0,3446.3122057211394
single,0,0.15,0.85,2018-09-04 00:00:00+00:00,10.105263157894736,9.120000000000001,0,3446.3122057211394
single,0,0.2,0.8,2018-09-04 00:00:00+00:00,10.105263157894736,9.120000000000001,0,3446.3122057211394
single,0,0.25,0.75,2018-09-04 00:00:00+00:00,10.105263157894736,9.120000000000001,0,3446.3122057211394
single,0,0.3,0.7,2018-09-04 00:00:00+00:00,10.105263157894736,9.120000000000001,0,3446.3122057211394
single,0,0.35,0.65,2018-09-04 00:00:00+00:00,10.105263157894736,9.120000000000001,0,3446.3122057211394
dual,0,0.05,0.95,2018-09-04 00:00:00+00:00,11.668560793427408,10.530876116068237,0,3591.402073596163
dual,0,0.1,0.9,2018-09-04 00:00:00+00:00,11.234027248679936,10.138709591933642,0,3589.733200736988
dual,0,0.15,0.85,2018-09-04 00:00:00+00:00,10.637539275926944,9.600379196524067,0,3597.499364015195
dual,0,0.2,0.8,2018-09-04 00:00:00+00:00,9.83162018057611,8.873752945544402,1,3585.6661777162212
dual,0,0.25,0.75,2018-09-04 00:00:00+00:00,9.953255335054129,8.984764054767595,1,3583.722425519498
dual,0,0.3,0.7,2018-09-04 00:00:00+00:00,10.234256368362757,9.228376558546934,4,3572.2147839010986
dual,0,0.35,0.65,2018-09-04 00:00:00+00:00,10.497165521340982,8.976913315116885,12,3608.0713781794316
single,0,0.05,0.95,2018-09-05 00:00:00+00:00,8.421052631578949,7.6,0,2790.2282788242014
single,0,0.1,0.9,2018-09-05 00:00:00+00:00,8.421052631578949,7.6,0,2790.2282788242014
single,0,0.15,0.85,2018-09-05 00:00:00+00:00,8.421052631578949,7.6,0,2790.2282788242014
single,0,0.2,0.8,2018-09-05 00:00:00+00:00,8.421052631578949,7.6,0,2790.2282788242014
single,0,0.25,0.75,2018-09-05 00:00:00+00:00,8.421052631578949,7.6,0,2790.2282788242014
single,0,0.3,0.7,2018-09-05 00:00:00+00:00,8.421052631578949,7.6,0,2790.2282788242014
single,0,0.35,0.65,2018-09-05 00:00:00+00:00,8.421052631578949,7.6,0,2790.2282788242014
dual,0,0.05,0.95,2018-09-05 00:00:00+00:00,12.22104522985002,11.147312366495413,1,3374.5605785281664
dual,0,0.1,0.9,2018-09-05 00:00:00+00:00,11.462142034864783,10.516918374011407,4,3391.7163626832344
dual,0,0.15,0.85,2018-09-05 00:00:00+00:00,11.559065076164693,10.824212439416781,3,3381.6848503372294
dual,0,0.2,0.8,2018-09-05 00:00:00+00:00,11.284979108962423,10.589796057714977,4,3385.7544711846517
dual,0,0.25,0.75,2018-09-05 00:00:00+00:00,10.710245194945717,10.126056438201255,7,3381.1864256710005
dual,0,0.3,0.7,2018-09-05 00:00:00+00:00,10.98166329523334,10.665063827398686,5,3358.029220601118
dual,0,0.35,0.65,2018-09-05 00:00:00+00:00,24.232187472729123,22.813533697775448,14,3540.4025630527526
single,0,0.05,0.95,2018-09-06 00:00:00+00:00,8.421052631578949,7.6,0,3166.9646852870665
single,0,0.1,0.9,2018-09-06 00:00:00+00:00,8.421052631578949,7.6,0,3166.9646852870665
single,0,0.15,0.85,2018-09-06 00:00:00+00:00,8.421052631578949,7.6,0,3166.9646852870665
single,0,0.2,0.8,2018-09-06 00:00:00+00:00,8.421052631578949,7.6,0,3166.9646852870665
single,0,0.25,0.75,2018-09-06 00:00:00+00:00,8.421052631578949,7.6,0,3166.9646852870665
single,0,0.3,0.7,2018-09-06 00:00:00+00:00,8.421052631578949,7.6,0,3166.9646852870665
single,0,0.35,0.65,2018-09-06 00:00:00+00:00,8.421052631578949,7.6,0,3166.9646852870665
dual,0,0.05,0.95,2018-09-06 00:00:00+00:00,10.236692069500602,9.238614592724295,0,3340.707309054703
dual,0,0.1,0.9,2018-09-06 00:00:00+00:00,10.158000666933145,9.167595601907163,0,3343.8196597598394
dual,0,0.15,0.85,2018-09-06 00:00:00+00:00,9.2890280706633,8.383347833773628,0,3338.7653550879386
dual,0,0.2,0.8,2018-09-06 00:00:00+00:00,8.942100991915412,8.07024614520366,0,3321.2064677493563
dual,0,0.25,0.75,2018-09-06 00:00:00+00:00,8.97095253349566,8.096284661479833,0,3294.912048432465
dual,0,0.3,0.7,2018-09-06 00:00:00+00:00,8.704591368838676,7.851708384873554,1,3284.235704472022
dual,0,0.35,0.65,2018-09-06 00:00:00+00:00,10.525546572583139,8.50663382120097,7,3366.939104098333
single,0,0.05,0.95,2018-09-07 00:00:00+00:00,8.421052631578949,7.6,0,2251.6393119890536
single,0,0.1,0.9,2018-09-07 00:00:00+00:00,8.421052631578949,7.6,0,2251.6393119890536
single,0,0.15,0.85,2018-09-07 00:00:00+00:00,8.421052631578949,7.6,0,2251.6393119890536
single,0,0.2,0.8,2018-09-07 00:00:00+00:00,8.421052631578949,7.6,0,2251.6393119890536
single,0,0.25,0.75,2018-09-07 00:00:00+00:00,8.421052631578949,7.6,0,2251.6393119890536
single,0,0.3,0.7,2018-09-07 00:00:00+00:00,8.421052631578949,7.6,0,2251.6393119890536
single,0,0.35,0.65,2018-09-07 00:00:00+00:00,8.421052631578949,7.6,0,2251.6393119890536
dual,0,0.05,0.95,2018-09-07 00:00:00+00:00,9.962273969626064,9.148888870546248,2,2781.3026679883556
dual,0,0.1,0.9,2018-09-07 00:00:00+00:00,9.883714504299391,9.001652816004718,1,2742.7298670810956
dual,0,0.15,0.85,2018-09-07 00:00:00+00:00,9.51458325258217,8.670903157638818,2,2749.168229756835
dual,0,0.2,0.8,2018-09-07 00:00:00+00:00,9.395936668958646,8.75759080788898,1,2743.726253125041
dual,0,0.25,0.75,2018-09-07 00:00:00+00:00,10.833162725768549,10.2134952188246,8,2820.8583796291305
dual,0,0.3,0.7,2018-09-07 00:00:00+00:00,12.616917881557898,11.781185207096886,8,2886.727693953672
dual,0,0.35,0.65,2018-09-07 00:00:00+00:00,18.990268890041307,17.26740083558309,14,3125.8189394549754
single,0,0.05,0.95,2018-09-08 00:00:00+00:00,12.421052631578949,11.21,0,3446.1705565899356
single,0,0.1,0.9,2018-09-08 00:00:00+00:00,12.421052631578949,11.21,0,3446.1705565899356
single,0,0.15,0.85,2018-09-08 00:00:00+00:00,12.421052631578949,11.21,0,3446.1705565899356
single,0,0.2,0.8,2018-09-08 00:00:00+00:00,12.421052631578949,11.21,0,3446.1705565899356
single,0,0.25,0.75,2018-09-08 00:00:00+00:00,12.421052631578949,11.21,0,3446.1705565899356
single,0,0.3,0.7,2018-09-08 00:00:00+00:00,12.421052631578949,11.21,0,3446.1705565899356
single,0,0.35,0.65,2018-09-08 00:00:00+00:00,12.421052631578949,11.21,0,3446.1705565899356
dual,0,0.05,0.95,2018-09-08 00:00:00+00:00,12.073994507984136,10.933599658752009,2,3640.024442249226
dual,0,0.1,0.9,2018-09-08 00:00:00+00:00,11.587923981317763,10.825872422611631,2,3656.43102392101
dual,0,0.15,0.85,2018-09-08 00:00:00+00:00,10.980045382524896,10.394888415805195,2,3656.282668483371
dual,0,0.2,0.8,2018-09-08 00:00:00+00:00,10.663695852544343,10.21141920271442,2,3662.5635705079235
dual,0,0.25,0.75,2018-09-08 00:00:00+00:00,11.62309346449214,10.880595350897064,5,3642.036191203195
dual,0,0.3,0.7,2018-09-08 00:00:00+00:00,10.883330234445943,10.24837640889541,8,3664.11931706363
dual,0,0.35,0.65,2018-09-08 00:00:00+00:00,10.19150432290257,9.013323865671394,17,3756.6928156641484
single,0,0.05,0.95,2018-09-09 00:00:00+00:00,10.315789473684212,9.31,0,2059.7853436919504
single,0,0.1,0.9,2018-09-09 00:00:00+00:00,10.31578947368421,9.31,0,2059.7853436919504
single,0,0.15,0.85,2018-09-09 00:00:00+00:00,10.315789473684212,9.31,0,2059.7853436919504
single,0,0.2,0.8,2018-09-09 00:00:00+00:00,10.31578947368421,9.31,0,2059.7853436919504
single,0,0.25,0.75,2018-09-09 00:00:00+00:00,10.315789473684212,9.31,0,2059.7853436919504
single,0,0.3,0.7,2018-09-09 00:00:00+00:00,10.31578947368421,9.31,0,2059.7853436919504
single,0,0.35,0.65,2018-09-09 00:00:00+00:00,10.31578947368421,9.31,0,2059.7853436919504
dual,0,0.05,0.95,2018-09-09 00:00:00+00:00,10.918150366316821,9.86183781954194,1,3148.6119112404695
dual,0,0.1,0.9,2018-09-09 00:00:00+00:00,11.065404803526643,10.23522816863412,7,3137.999523240661
dual,0,0.15,0.85,2018-09-09 00:00:00+00:00,10.793691685770854,10.05786968030611,7,3134.4303212414284
dual,0,0.2,0.8,2018-09-09 00:00:00+00:00,10.74285196384636,10.037121666628124,9,3185.26398661197
dual,0,0.25,0.75,2018-09-09 00:00:00+00:00,16.78090624587968,15.19735501642866,12,3394.2541022335336
dual,0,0.3,0.7,2018-09-09 00:00:00+00:00,16.659665282137265,15.347103774682381,15,3407.557301765847
dual,0,0.35,0.65,2018-09-09 00:00:00+00:00,26.16894255005763,22.193687489743734,21,3621.2414365002132
single,0,0.05,0.95,2018-09-10 00:00:00+00:00,8.421052631578949,7.6,0,2506.4157600322346
single,0,0.1,0.9,2018-09-10 00:00:00+00:00,8.421052631578949,7.6,0,2506.4157600322346
single,0,0.15,0.85,2018-09-10 00:00:00+00:00,8.421052631578949,7.6,0,2506.4157600322346
single,0,0.2,0.8,2018-09-10 00:00:00+00:00,8.421052631578949,7.6,0,2506.4157600322346
single,0,0.25,0.75,2018-09-10 00:00:00+00:00,8.421052631578949,7.6,0,2506.4157600322346
single,0,0.3,0.7,2018-09-10 00:00:00+00:00,8.421052631578949,7.6,0,2506.4157600322346
single,0,0.35,0.65,2018-09-10 00:00:00+00:00,8.421052631578949,7.6,0,2506.4157600322346
dual,0,0.05,0.95,2018-09-10 00:00:00+00:00,9.338266169256245,8.427785217753764,10,4353.20088017054
dual,0,0.1,0.9,2018-09-10 00:00:00+00:00,8.626300959875529,7.873177051750008,10,4530.860031465212
dual,0,0.15,0.85,2018-09-10 00:00:00+00:00,7.905027735212718,7.321086643700582,11,4591.948827437739
dual,0,0.2,0.8,2018-09-10 00:00:00+00:00,8.886936515382786,8.265113555755288,11,4487.4993901966445
dual,0,0.25,0.75,2018-09-10 00:00:00+00:00,7.855435586249727,7.354124567251013,12,4497.723391188798
dual,0,0.3,0.7,2018-09-10 00:00:00+00:00,7.7534710423097675,7.2709153692836646,14,4479.699562765287
dual,0,0.35,0.65,2018-09-10 00:00:00+00:00,13.626737855534481,11.23384160632088,13,4675.3078299224835
single,0,0.05,0.95,2018-09-11 00:00:00+00:00,8.105263157894736,7.315,0,3859.6544063262572
single,0,0.1,0.9,2018-09-11 00:00:00+00:00,8.105263157894736,7.315,0,3859.6544063262563
single,0,0.15,0.85,2018-09-11 00:00:00+00:00,8.105263157894736,7.315,0,3859.6544063262572
single,0,0.2,0.8,2018-09-11 00:00:00+00:00,8.105263157894736,7.315,0,3859.6544063262563
single,0,0.25,0.75,2018-09-11 00:00:00+00:00,8.105263157894736,7.315,0,3859.6544063262572
single,0,0.3,0.7,2018-09-11 00:00:00+00:00,8.105263157894736,7.315,0,3859.6544063262572
single,0,0.35,0.65,2018-09-11 00:00:00+00:00,8.105263157894736,7.315,0,3859.6544063262563
dual,0,0.05,0.95,2018-09-11 00:00:00+00:00,9.598036438498747,8.662227885745118,0,4093.6443350181517
dual,0,0.1,0.9,2018-09-11 00:00:00+00:00,8.851272360816576,7.874185777328719,1,4100.723935178637
dual,0,0.15,0.85,2018-09-11 00:00:00+00:00,8.182255113975794,7.238438246227463,6,4095.5511793807573
dual,0,0.2,0.8,2018-09-11 00:00:00+00:00,7.3503479206059055,6.59497259421852,6,4091.1372386101784
dual,0,0.25,0.75,2018-09-11 00:00:00+00:00,7.039540975717616,6.05085819947964,13,4112.161562925006
dual,0,0.3,0.7,2018-09-11 00:00:00+00:00,6.758180603437724,5.762986763716624,13,4113.804498646434
dual,0,0.35,0.65,2018-09-11 00:00:00+00:00,5.761327266693115,4.992887227747504,17,4109.542478870675
single,0,0.05,0.95,2018-09-12 00:00:00+00:00,10.105263157894736,9.120000000000001,0,3905.4537409269124
single,0,0.1,0.9,2018-09-12 00:00:00+00:00,10.105263157894736,9.120000000000001,0,3905.4537409269124
single,0,0.15,0.85,2018-09-12 00:00:00+00:00,10.105263157894736,9.120000000000001,0,3905.4537409269124
single,0,0.2,0.8,2018-09-12 00:00:00+00:00,10.105263157894736,9.120000000000001,0,3905.4537409269124
single,0,0.25,0.75,2018-09-12 00:00:00+00:00,10.105263157894736,9.120000000000001,0,3905.4537409269124
single,0,0.3,0.7,2018-09-12 00:00:00+00:00,10.105263157894736,9.120000000000001,0,3905.4537409269124
single,0,0.35,0.65,2018-09-12 00:00:00+00:00,10.105263157894736,9.120000000000001,0,3905.4537409269124
dual,0,0.05,0.95,2018-09-12 00:00:00+00:00,12.12677275329217,10.944412409846183,0,4042.7167447793854
dual,0,0.1,0.9,2018-09-12 00:00:00+00:00,11.490917944857209,10.370553445233632,0,4038.059594317097
dual,0,0.15,0.85,2018-09-12 00:00:00+00:00,11.287919424612815,10.156878761746546,1,4034.839888018326
dual,0,0.2,0.8,2018-09-12 00:00:00+00:00,10.648726835341574,9.785813524878844,1,4007.434736619811
dual,0,0.25,0.75,2018-09-12 00:00:00+00:00,9.996463681640298,9.245785037760726,4,4001.7248637442503
dual,0,0.3,0.7,2018-09-12 00:00:00+00:00,9.48474397255795,8.811642838196645,3,4001.9701820872824
dual,0,0.35,0.65,2018-09-12 00:00:00+00:00,7.8134092313005326,5.51247654311627,11,4162.428896332528
single,0,0.05,0.95,2018-09-13 00:00:00+00:00,10.315789473684212,9.309999999999999,0,2965.984161644425
single,0,0.1,0.9,2018-09-13 00:00:00+00:00,10.315789473684212,9.309999999999999,0,2965.984161644425
single,0,0.15,0.85,2018-09-13 00:00:00+00:00,10.315789473684212,9.309999999999999,0,2965.984161644425
single,0,0.2,0.8,2018-09-13 00:00:00+00:00,10.315789473684212,9.309999999999999,0,2965.984161644425
single,0,0.25,0.75,2018-09-13 00:00:00+00:00,10.315789473684212,9.309999999999999,0,2965.984161644425
single,0,0.3,0.7,2018-09-13 00:00:00+00:00,10.315789473684212,9.309999999999999,0,2965.984161644425
single,0,0.35,0.65,2018-09-13 00:00:00+00:00,10.315789473684212,9.309999999999999,0,2965.984161644425
dual,0,0.05,0.95,2018-09-13 00:00:00+00:00,12.821308943622906,12.047644754749829,4,3774.8162010031856
dual,0,0.1,0.9,2018-09-13 00:00:00+00:00,12.819415395355977,12.063260739123741,6,3728.153985422273
dual,0,0.15,0.85,2018-09-13 00:00:00+00:00,11.700652714555714,10.976811525619137,7,3706.8542414558838
dual,0,0.2,0.8,2018-09-13 00:00:00+00:00,10.798418063097799,10.1444712259724,9,3706.7002297926274
dual,0,0.25,0.75,2018-09-13 00:00:00+00:00,9.298817079241925,8.746883444626492,11,3761.6431281422333
dual,0,0.3,0.7,2018-09-13 00:00:00+00:00,10.285046549561912,9.561241338173973,12,3715.0099214775173
dual,0,0.35,0.65,2018-09-13 00:00:00+00:00,13.824866598306416,12.74979532610289,16,3735.2334089498727
single,0,0.05,0.95,2018-09-14 00:00:00+00:00,10.31578947368421,9.309999999999999,0,3044.8845198883246
single,0,0.1,0.9,2018-09-14 00:00:00+00:00,10.31578947368421,9.309999999999999,0,3044.8845198883246
single,0,0.15,0.85,2018-09-14 00:00:00+00:00,10.31578947368421,9.309999999999999,0,3044.8845198883246
single,0,0.2,0.8,2018-09-14 00:00:00+00:00,10.31578947368421,9.309999999999999,0,3044.8845198883246
single,0,0.25,0.75,2018-09-14 00:00:00+00:00,10.31578947368421,9.309999999999999,0,3044.8845198883246
single,0,0.3,0.7,2018-09-14 00:00:00+00:00,10.31578947368421,9.309999999999999,0,3044.8845198883246
single,0,0.35,0.65,2018-09-14 00:00:00+00:00,10.31578947368421,9.309999999999999,0,3044.8845198883246
dual,0,0.05,0.95,2018-09-14 00:00:00+00:00,11.39407275022229,10.283150657075616,0,3293.9793167640673
dual,0,0.1,0.9,2018-09-14 00:00:00+00:00,10.810888821577262,9.757075863894896,1,3240.2631913654727
dual,0,0.15,0.85,2018-09-14 00:00:00+00:00,10.205168608831663,9.230438054748255,3,3203.9414792280313
dual,0,0.2,0.8,2018-09-14 00:00:00+00:00,10.165770213416398,9.109686737615473,9,3187.4030373601727
dual,0,0.25,0.75,2018-09-14 00:00:00+00:00,10.90882727167404,10.191025376646987,12,3432.90372954397
dual,0,0.3,0.7,2018-09-14 00:00:00+00:00,10.749200674474169,9.995975279902408,11,3452.43021773328
dual,0,0.35,0.65,2018-09-14 00:00:00+00:00,16.277994781382993,12.9896304766188,19,3596.665286341827
single,0,0.05,0.95,2018-09-15 00:00:00+00:00,8.421052631578949,7.6000000000000005,0,1944.3098049179482
single,0,0.1,0.9,2018-09-15 00:00:00+00:00,8.421052631578949,7.6000000000000005,0,1944.3098049179482
single,0,0.15,0.85,2018-09-15 00:00:00+00:00,8.421052631578949,7.6000000000000005,0,1944.3098049179482
single,0,0.2,0.8,2018-09-15 00:00:00+00:00,8.421052631578949,7.6000000000000005,0,1944.3098049179482
single,0,0.25,0.75,2018-09-15 00:00:00+00:00,8.421052631578949,7.6000000000000005,0,1944.3098049179482
single,0,0.3,0.7,2018-09-15 00:00:00+00:00,8.421052631578949,7.6000000000000005,0,1944.3098049179482
single,0,0.35,0.65,2018-09-15 00:00:00+00:00,8.421052631578949,7.6000000000000005,0,1944.3098049179482
dual,0,0.05,0.95,2018-09-15 00:00:00+00:00,8.402259276849012,7.768777101986419,7,3407.3364001359187
dual,0,0.1,0.9,2018-09-15 00:00:00+00:00,8.548394781185566,7.987108047613986,10,3434.7106045966075
dual,0,0.15,0.85,2018-09-15 00:00:00+00:00,8.766886971695566,8.157159183769956,10,3419.57842145229
dual,0,0.2,0.8,2018-09-15 00:00:00+00:00,7.524869183372997,7.191374496452744,12,3441.082205925364
dual,0,0.25,0.75,2018-09-15 00:00:00+00:00,11.264791456313294,10.520399171659886,12,3531.3697730946797
dual,0,0.3,0.7,2018-09-15 00:00:00+00:00,13.376331002130051,12.474820207762933,14,3537.8812863779103
dual,0,0.35,0.65,2018-09-15 00:00:00+00:00,29.678924905343166,25.530376194144186,19,3777.223895275088
single,0,0.05,0.95,2018-09-16 00:00:00+00:00,8.53185595567867,7.699999999999999,0,3287.5241702570756
single,0,0.1,0.9,2018-09-16 00:00:00+00:00,8.53185595567867,7.699999999999999,0,3287.5241702570756
single,0,0.15,0.85,2018-09-16 00:00:00+00:00,8.53185595567867,7.699999999999999,0,3287.5241702570756
single,0,0.2,0.8,2018-09-16 00:00:00+00:00,8.53185595567867,7.699999999999999,0,3287.5241702570756
single,0,0.25,0.75,2018-09-16 00:00:00+00:00,8.53185595567867,7.699999999999999,0,3287.5241702570756
single,0,0.3,0.7,2018-09-16 00:00:00+00:00,8.53185595567867,7.699999999999999,0,3287.5241702570756
single,0,0.35,0.65,2018-09-16 00:00:00+00:00,8.53185595567867,7.699999999999999,0,3287.5241702570756
dual,0,0.05,0.95,2018-09-16 00:00:00+00:00,11.672907116530606,10.534798672668872,0,3524.4040934710188
dual,0,0.1,0.9,2018-09-16 00:00:00+00:00,11.0273346192931,9.952169493912022,0,3525.965669933289
dual,0,0.15,0.85,2018-09-16 00:00:00+00:00,10.710190371005723,9.708955866347925,2,3527.80305730839
dual,0,0.2,0.8,2018-09-16 00:00:00+00:00,10.473166788805148,9.452203703896412,5,3534.4517786942342
dual,0,0.25,0.75,2018-09-16 00:00:00+00:00,11.035429487748143,9.880263402277384,16,3663.761168702277
dual,0,0.3,0.7,2018-09-16 00:00:00+00:00,10.558612304780782,9.430631891765257,18,3640.461790671785
dual,0,0.35,0.65,2018-09-16 00:00:00+00:00,10.242609444626787,9.353408610552666,21,3731.6663487196656
single,0,0.05,0.95,2018-09-17 00:00:00+00:00,10.315789473684212,9.31,0,3030.5369088489997
single,0,0.1,0.9,2018-09-17 00:00:00+00:00,10.315789473684212,9.31,0,3030.5369088489997
single,0,0.15,0.85,2018-09-17 00:00:00+00:00,10.315789473684212,9.31,0,3030.5369088489997
single,0,0.2,0.8,2018-09-17 00:00:00+00:00,10.315789473684212,9.31,0,3030.5369088489997
single,0,0.25,0.75,2018-09-17 00:00:00+00:00,10.315789473684212,9.31,0,3030.5369088489997
single,0,0.3,0.7,2018-09-17 00:00:00+00:00,10.315789473684212,9.31,0,3030.5369088489997
single,0,0.35,0.65,2018-09-17 00:00:00+00:00,10.315789473684212,9.31,0,3030.5369088489997
dual,0,0.05,0.95,2018-09-17 00:00:00+00:00,11.679145526199845,10.540428837395359,0,3336.5479709968185
dual,0,0.1,0.9,2018-09-17 00:00:00+00:00,11.00968827481208,9.943670609937854,3,3292.6709381286487
dual,0,0.15,0.85,2018-09-17 00:00:00+00:00,10.223551981668253,9.23557845327399,2,3271.1950678770804
dual,0,0.2,0.8,2018-09-17 00:00:00+00:00,9.85292650222488,8.936765640282266,6,3249.342536584844
dual,0,0.25,0.75,2018-09-17 00:00:00+00:00,10.03530391749601,9.640697457497389,13,3301.1335068874887
dual,0,0.3,0.7,2018-09-17 00:00:00+00:00,12.847214189130122,12.147379444644042,15,3462.6779263852786
dual,0,0.35,0.65,2018-09-17 00:00:00+00:00,14.415466486253315,12.99020962815866,17,3369.9640965986746
single,0,0.05,0.95,2018-09-18 00:00:00+00:00,8.421052631578949,7.6,0,3171.2568148903047
single,0,0.1,0.9,2018-09-18 00:00:00+00:00,8.421052631578949,7.6,0,3171.256814890305
single,0,0.15,0.85,2018-09-18 00:00:00+00:00,8.421052631578949,7.6,0,3171.2568148903047
single,0,0.2,0.8,2018-09-18 00:00:00+00:00,8.421052631578949,7.6,0,3171.2568148903047
single,0,0.25,0.75,2018-09-18 00:00:00+00:00,8.421052631578949,7.6,0,3171.2568148903047
single,0,0.3,0.7,2018-09-18 00:00:00+00:00,8.421052631578949,7.6,0,3171.2568148903047
single,0,0.35,0.65,2018-09-18 00:00:00+00:00,8.421052631578949,7.6,0,3171.2568148903047
dual,0,0.05,0.95,2018-09-18 00:00:00+00:00,10.412465087098447,9.397249741106348,0,3518.300950741623
dual,0,0.1,0.9,2018-09-18 00:00:00+00:00,10.184997712969057,9.191960435954577,2,3494.1687137019844
dual,0,0.15,0.85,2018-09-18 00:00:00+00:00,10.406632136083081,9.391985502814983,2,3480.9411070983165
dual,0,0.2,0.8,2018-09-18 00:00:00+00:00,10.429280057953424,9.412425252302967,2,3467.762850846374
dual,0,0.25,0.75,2018-09-18 00:00:00+00:00,11.470297897668956,10.839100822625362,6,3519.6321170317665
dual,0,0.3,0.7,2018-09-18 00:00:00+00:00,12.072413089487732,11.37165163656569,6,3505.138812586827
dual,0,0.35,0.65,2018-09-18 00:00:00+00:00,12.720715525008213,11.765552101727934,11,3612.405769747751
single,0,0.05,0.95,2018-09-19 00:00:00+00:00,10.31578947368421,9.309999999999999,0,3516.959207731073
single,0,0.1,0.9,2018-09-19 00:00:00+00:00,10.31578947368421,9.309999999999999,0,3516.959207731073
single,0,0.15,0.85,2018-09-19 00:00:00+00:00,10.31578947368421,9.309999999999999,0,3516.959207731073
single,0,0.2,0.8,2018-09-19 00:00:00+00:00,10.31578947368421,9.309999999999999,0,3516.959207731073
single,0,0.25,0.75,2018-09-19 00:00:00+00:00,10.31578947368421,9.309999999999999,0,3516.959207731073
single,0,0.3,0.7,2018-09-19 00:00:00+00:00,10.31578947368421,9.309999999999999,0,3516.959207731073
single,0,0.35,0.65,2018-09-19 00:00:00+00:00,10.31578947368421,9.309999999999999,0,3516.959207731073
dual,0,0.05,0.95,2018-09-19 00:00:00+00:00,11.895753541505774,10.735917571208962,0,3620.6070380823853
dual,0,0.1,0.9,2018-09-19 00:00:00+00:00,11.980569068894862,10.811892117487066,1,3611.461533620474
dual,0,0.15,0.85,2018-09-19 00:00:00+00:00,11.624323712062802,10.463665176943536,1,3594.777116452591
dual,0,0.2,0.8,2018-09-19 00:00:00+00:00,11.359536945348182,10.230655422079096,2,3587.788693085022
dual,0,0.25,0.75,2018-09-19 00:00:00+00:00,11.268483522689468,10.17187698677024,8,3596.6576412351374
dual,0,0.3,0.7,2018-09-19 00:00:00+00:00,11.792030648715818,10.7466853475288,8,3642.744118405217
dual,0,0.35,0.65,2018-09-19 00:00:00+00:00,12.606568304058545,10.314658288723598,14,3838.636680467529
single,0,0.05,0.95,2018-09-20 00:00:00+00:00,6.426592797783933,5.8,0,4252.3781504751805
single,0,0.1,0.9,2018-09-20 00:00:00+00:00,6.426592797783933,5.8,0,4252.3781504751805
single,0,0.15,0.85,2018-09-20 00:00:00+00:00,6.426592797783933,5.8,0,4252.3781504751805
single,0,0.2,0.8,2018-09-20 00:00:00+00:00,6.426592797783933,5.8,0,4252.3781504751805
single,0,0.25,0.75,2018-09-20 00:00:00+00:00,6.426592797783933,5.8,0,4252.3781504751805
single,0,0.3,0.7,2018-09-20 00:00:00+00:00,6.426592797783933,5.8,0,4252.3781504751805
single,0,0.35,0.65,2018-09-20 00:00:00+00:00,6.426592797783933,5.8,0,4252.3781504751805
dual,0,0.05,0.95,2018-09-20 00:00:00+00:00,10.468062647931946,9.452750118986659,2,4291.37569605764
dual,0,0.1,0.9,2018-09-20 00:00:00+00:00,10.104579837957177,9.114556199352766,2,4274.171084930107
dual,0,0.15,0.85,2018-09-20 00:00:00+00:00,9.833438220754726,8.695080385784063,1,4263.306707820989
dual,0,0.2,0.8,2018-09-20 00:00:00+00:00,9.264430037353414,8.18182437791136,3,4257.104095973694
dual,0,0.25,0.75,2018-09-20 00:00:00+00:00,10.224730933246569,9.183747860743903,7,4371.481898611124
dual,0,0.3,0.7,2018-09-20 00:00:00+00:00,10.057594616019284,8.986779839655565,8,4380.548867557216
dual,0,0.35,0.65,2018-09-20 00:00:00+00:00,10.651500474706712,9.702204508529821,11,4343.124553956431
single,0,0.05,0.95,2018-09-21 00:00:00+00:00,10.526315789473685,9.5,0,2362.2118983692185
single,0,0.1,0.9,2018-09-21 00:00:00+00:00,10.526315789473685,9.5,0,2362.2118983692185
single,0,0.15,0.85,2018-09-21 00:00:00+00:00,10.526315789473685,9.5,0,2362.2118983692185
single,0,0.2,0.8,2018-09-21 00:00:00+00:00,10.526315789473685,9.5,0,2362.2118983692185
single,0,0.25,0.75,2018-09-21 00:00:00+00:00,10.526315789473685,9.5,0,2362.2118983692185
single,0,0.3,0.7,2018-09-21 00:00:00+00:00,10.526315789473685,9.5,0,2362.2118983692185
single,0,0.35,0.65,2018-09-21 00:00:00+00:00,10.526315789473685,9.5,0,2362.2118983692185
dual,0,0.05,0.95,2018-09-21 00:00:00+00:00,13.05981190084651,12.004201056538069,3,3191.614501689389
dual,0,0.1,0.9,2018-09-21 00:00:00+00:00,12.457774415591146,11.403911539097958,4,3232.5992402941533
dual,0,0.15,0.85,2018-09-21 00:00:00+00:00,11.936781684106986,11.033419146887375,3,3249.332889017218
dual,0,0.2,0.8,2018-09-21 00:00:00+00:00,12.97741311317446,11.945947679545862,5,3294.1239416693616
dual,0,0.25,0.75,2018-09-21 00:00:00+00:00,12.835108764302667,11.957007731387057,9,3436.5379085466434
dual,0,0.3,0.7,2018-09-21 00:00:00+00:00,12.909604355350556,12.301678603797074,8,3503.497069548132
dual,0,0.35,0.65,2018-09-21 00:00:00+00:00,27.551339979185787,23.590777640648753,16,3568.3729670244697
single,0,0.05,0.95,2018-09-22 00:00:00+00:00,12.53185595567867,11.31,0,4384.882998405868
single,0,0.1,0.9,2018-09-22 00:00:00+00:00,12.53185595567867,11.31,0,4384.882998405868
single,0,0.15,0.85,2018-09-22 00:00:00+00:00,12.53185595567867,11.31,0,4384.882998405868
single,0,0.2,0.8,2018-09-22 00:00:00+00:00,12.53185595567867,11.31,0,4384.882998405868
single,0,0.25,0.75,2018-09-22 00:00:00+00:00,12.53185595567867,11.31,0,4384.882998405868
single,0,0.3,0.7,2018-09-22 00:00:00+00:00,12.53185595567867,11.31,0,4384.882998405868
single,0,0.35,0.65,2018-09-22 00:00:00+00:00,12.53185595567867,11.31,0,4384.882998405868
dual,0,0.05,0.95,2018-09-22 00:00:00+00:00,12.778473320773804,11.532572171998357,0,4453.088182713961
dual,0,0.1,0.9,2018-09-22 00:00:00+00:00,12.755134948667639,11.511509291172546,0,4446.6966067206895
dual,0,0.15,0.85,2018-09-22 00:00:00+00:00,12.491035379750727,11.24839072807907,5,4431.646455116879
dual,0,0.2,0.8,2018-09-22 00:00:00+00:00,12.364092019720943,11.056351102566111,8,4430.440253330349
dual,0,0.25,0.75,2018-09-22 00:00:00+00:00,12.391611550957847,11.017434089158442,11,4473.716915144771
dual,0,0.3,0.7,2018-09-22 00:00:00+00:00,11.619816968096515,9.994454097915954,12,4462.371622158647
dual,0,0.35,0.65,2018-09-22 00:00:00+00:00,11.247055486330186,9.528788151192524,18,4683.922028203248
single,0,0.05,0.95,2018-09-23 00:00:00+00:00,8.421052631578947,7.6,0,3150.3505895947583
single,0,0.1,0.9,2018-09-23 00:00:00+00:00,8.421052631578947,7.6,0,3150.3505895947583
single,0,0.15,0.85,2018-09-23 00:00:00+00:00,8.421052631578947,7.6,0,3150.3505895947583
single,0,0.2,0.8,2018-09-23 00:00:00+00:00,8.421052631578947,7.6,0,3150.3505895947583
single,0,0.25,0.75,2018-09-23 00:00:00+00:00,8.421052631578947,7.6,0,3150.3505895947583
single,0,0.3,0.7,2018-09-23 00:00:00+00:00,8.421052631578947,7.6,0,3150.3505895947583
single,0,0.35,0.65,2018-09-23 00:00:00+00:00,8.421052631578947,7.6,0,3150.3505895947583
dual,0,0.05,0.95,2018-09-23 00:00:00+00:00,9.89695316251663,8.996769286477495,1,3399.4576536113677
dual,0,0.1,0.9,2018-09-23 00:00:00+00:00,9.245409311558253,8.49458565879954,4,3349.3746220808493
dual,0,0.15,0.85,2018-09-23 00:00:00+00:00,9.136331046001487,8.419717766570225,7,3354.4283344588375
dual,0,0.2,0.8,2018-09-23 00:00:00+00:00,9.55091231574732,8.805216611108914,10,3615.0447974662925
dual,0,0.25,0.75,2018-09-23 00:00:00+00:00,12.824446087856787,10.82940837961375,17,3758.13222297421
dual,0,0.3,0.7,2018-09-23 00:00:00+00:00,13.77453579978342,11.16270204354748,14,3795.8653691245036
dual,0,0.35,0.65,2018-09-23 00:00:00+00:00,19.69357312147642,16.6628085744811,17,3987.3944726604136
single,0,0.05,0.95,2018-09-24 00:00:00+00:00,10.315789473684212,9.309999999999999,0,3194.245909112549
single,0,0.1,0.9,2018-09-24 00:00:00+00:00,10.315789473684212,9.309999999999999,0,3194.245909112549
single,0,0.15,0.85,2018-09-24 00:00:00+00:00,10.315789473684212,9.309999999999999,0,3194.245909112549
single,0,0.2,0.8,2018-09-24 00:00:00+00:00,10.315789473684212,9.309999999999999,0,3194.245909112549
single,0,0.25,0.75,2018-09-24 00:00:00+00:00,10.315789473684212,9.309999999999999,0,3194.245909112549
single,0,0.3,0.7,2018-09-24 00:00:00+00:00,10.315789473684212,9.309999999999999,0,3194.245909112549
single,0,0.35,0.65,2018-09-24 00:00:00+00:00,10.315789473684212,9.309999999999999,0,3194.245909112549
dual,0,0.05,0.95,2018-09-24 00:00:00+00:00,11.912843909612802,10.780644982948212,1,3446.54010540932
dual,0,0.1,0.9,2018-09-24 00:00:00+00:00,11.67002399929232,10.614117159700143,1,3448.577486243178
dual,0,0.15,0.85,2018-09-24 00:00:00+00:00,11.281338873924838,10.292131775834891,3,3447.733786200465
dual,0,0.2,0.8,2018-09-24 00:00:00+00:00,10.919170289833286,9.921001221385144,4,3443.2220326586303
dual,0,0.25,0.75,2018-09-24 00:00:00+00:00,10.669535052597505,9.870498547064727,7,3752.329207218971
dual,0,0.3,0.7,2018-09-24 00:00:00+00:00,10.286011686946102,9.524817329322067,9,3820.5382807191518
dual,0,0.35,0.65,2018-09-24 00:00:00+00:00,18.502710900585544,15.070670093645639,12,3993.249616288658
single,0,0.05,0.95,2018-09-25 00:00:00+00:00,10.315789473684212,9.309999999999999,0,2541.964284081643
single,0,0.1,0.9,2018-09-25 00:00:00+00:00,10.315789473684212,9.309999999999999,0,2541.964284081643
single,0,0.15,0.85,2018-09-25 00:00:00+00:00,10.315789473684212,9.309999999999999,0,2541.964284081643
single,0,0.2,0.8,2018-09-25 00:00:00+00:00,10.315789473684212,9.309999999999999,0,2541.964284081643
single,0,0.25,0.75,2018-09-25 00:00:00+00:00,10.315789473684212,9.309999999999999,0,2541.964284081643
single,0,0.3,0.7,2018-09-25 00:00:00+00:00,10.315789473684212,9.309999999999999,0,2541.964284081643
single,0,0.35,0.65,2018-09-25 00:00:00+00:00,10.315789473684212,9.309999999999999,0,2541.964284081643
dual,0,0.05,0.95,2018-09-25 00:00:00+00:00,11.880201117556592,10.955166771404373,8,3879.11466047486
dual,0,0.1,0.9,2018-09-25 00:00:00+00:00,10.72150326044105,10.017561888496363,10,3904.536279268873
dual,0,0.15,0.85,2018-09-25 00:00:00+00:00,9.989420813465255,9.59626258770535,13,3857.9137601119255
dual,0,0.2,0.8,2018-09-25 00:00:00+00:00,9.095118391256442,9.315967509886999,13,3782.43351951891
dual,0,0.25,0.75,2018-09-25 00:00:00+00:00,14.335194604755962,13.894153673164595,16,3825.2815761516677
dual,0,0.3,0.7,2018-09-25 00:00:00+00:00,12.658209998954648,12.379901207209024,16,3897.3154924684995
dual,0,0.35,0.65,2018-09-25 00:00:00+00:00,20.526341521339734,17.331700547178894,18,4008.149779784378
single,0,0.05,0.95,2018-09-26 00:00:00+00:00,12.210526315789473,11.02,0,2317.5079837371322
single,0,0.1,0.9,2018-09-26 00:00:00+00:00,12.210526315789473,11.02,0,2317.5079837371322
single,0,0.15,0.85,2018-09-26 00:00:00+00:00,12.210526315789473,11.02,0,2317.5079837371322
single,0,0.2,0.8,2018-09-26 00:00:00+00:00,12.210526315789473,11.02,0,2317.5079837371322
single,0,0.25,0.75,2018-09-26 00:00:00+00:00,12.210526315789473,11.02,0,2317.5079837371322
single,0,0.3,0.7,2018-09-26 00:00:00+00:00,12.210526315789473,11.02,0,2317.5079837371322
single,0,0.35,0.65,2018-09-26 00:00:00+00:00,12.210526315789473,11.02,0,2317.5079837371322
dual,0,0.05,0.95,2018-09-26 00:00:00+00:00,13.144838788125838,11.933032573390765,1,2468.7841222372667
dual,0,0.1,0.9,2018-09-26 00:00:00+00:00,12.84357177144782,11.607041997240529,1,2439.3797979259853
dual,0,0.15,0.85,2018-09-26 00:00:00+00:00,12.774892963425714,11.452702742078907,3,2428.6053515874537
dual,0,0.2,0.8,2018-09-26 00:00:00+00:00,12.692315076075422,11.290693955351507,2,2430.7267765589804
dual,0,0.25,0.75,2018-09-26 00:00:00+00:00,14.331611840438494,13.29527227061644,7,2507.469477981342
dual,0,0.3,0.7,2018-09-26 00:00:00+00:00,16.33781245755142,15.0526094788011,11,2568.500347072145
dual,0,0.35,0.65,2018-09-26 00:00:00+00:00,21.488388913720836,18.640402747220683,17,2807.986217629351
single,0,0.05,0.95,2018-09-27 00:00:00+00:00,8.421052631578949,7.6,0,2434.269597943671
single,0,0.1,0.9,2018-09-27 00:00:00+00:00,8.421052631578947,7.6,0,2434.269597943671
single,0,0.15,0.85,2018-09-27 00:00:00+00:00,8.421052631578947,7.6,0,2434.269597943671
single,0,0.2,0.8,2018-09-27 00:00:00+00:00,8.421052631578947,7.6,0,2434.269597943671
single,0,0.25,0.75,2018-09-27 00:00:00+00:00,8.421052631578947,7.6,0,2434.269597943671
single,0,0.3,0.7,2018-09-27 00:00:00+00:00,8.421052631578949,7.6,0,2434.269597943671
single,0,0.35,0.65,2018-09-27 00:00:00+00:00,8.421052631578949,7.6,0,2434.269597943671
dual,0,0.05,0.95,2018-09-27 00:00:00+00:00,8.82085636442346,7.962745659357563,3,2496.823261777682
dual,0,0.1,0.9,2018-09-27 00:00:00+00:00,8.617168497450326,7.712268233542614,7,2501.3707487402276
dual,0,0.15,0.85,2018-09-27 00:00:00+00:00,8.237604329046864,7.2574220949540305,11,2508.1430416369853
dual,0,0.2,0.8,2018-09-27 00:00:00+00:00,8.291973698765432,7.169224878949203,9,2523.150820385845
dual,0,0.25,0.75,2018-09-27 00:00:00+00:00,9.163237798465353,8.082803692079988,18,2523.6222722842836
dual,0,0.3,0.7,2018-09-27 00:00:00+00:00,9.461883296927425,8.267217688826904,15,2540.406940661228
dual,0,0.35,0.65,2018-09-27 00:00:00+00:00,8.487018276266436,7.124530157546774,20,2747.7810447286956
single,0,0.05,0.95,2018-09-28 00:00:00+00:00,8.421052631578949,7.6000000000000005,0,2742.736581746231
single,0,0.1,0.9,2018-09-28 00:00:00+00:00,8.421052631578949,7.6000000000000005,0,2742.736581746231
single,0,0.15,0.85,2018-09-28 00:00:00+00:00,8.421052631578949,7.6000000000000005,0,2742.736581746231
single,0,0.2,0.8,2018-09-28 00:00:00+00:00,8.421052631578949,7.6000000000000005,0,2742.736581746231
single,0,0.25,0.75,2018-09-28 00:00:00+00:00,8.421052631578949,7.6000000000000005,0,2742.736581746231
single,0,0.3,0.7,2018-09-28 00:00:00+00:00,8.421052631578949,7.6000000000000005,0,2742.736581746231
single,0,0.35,0.65,2018-09-28 00:00:00+00:00,8.421052631578949,7.6000000000000005,0,2742.736581746231
dual,0,0.05,0.95,2018-09-28 00:00:00+00:00,8.966188109252379,8.09198476860027,4,2858.010238496986
dual,0,0.1,0.9,2018-09-28 00:00:00+00:00,8.464349109199313,7.559157952005846,9,2857.842820050423
dual,0,0.15,0.85,2018-09-28 00:00:00+00:00,8.177982285843745,7.446393794905732,14,2847.802425686639
dual,0,0.2,0.8,2018-09-28 00:00:00+00:00,7.851512508709476,7.051930959045446,15,2866.698432090789
dual,0,0.25,0.75,2018-09-28 00:00:00+00:00,7.106483820066554,6.287796775764423,17,2879.637943183277
dual,0,0.3,0.7,2018-09-28 00:00:00+00:00,7.0495641826373605,6.3652461535862574,17,2878.1613446263686
dual,0,0.35,0.65,2018-09-28 00:00:00+00:00,6.3507981857476965,5.473828310121638,21,2880.2747681118562
single,0,0.05,0.95,2018-09-29 00:00:00+00:00,12.421052631578949,11.21,0,2628.0311840964578
single,0,0.1,0.9,2018-09-29 00:00:00+00:00,12.421052631578949,11.21,0,2628.0311840964578
single,0,0.15,0.85,2018-09-29 00:00:00+00:00,12.421052631578949,11.21,0,2628.0311840964578
single,0,0.2,0.8,2018-09-29 00:00:00+00:00,12.421052631578949,11.21,0,2628.0311840964578
single,0,0.25,0.75,2018-09-29 00:00:00+00:00,12.421052631578949,11.21,0,2628.0311840964578
single,0,0.3,0.7,2018-09-29 00:00:00+00:00,12.421052631578949,11.21,0,2628.0311840964578
single,0,0.35,0.65,2018-09-29 00:00:00+00:00,12.421052631578949,11.21,0,2628.0311840964578
dual,0,0.05,0.95,2018-09-29 00:00:00+00:00,12.02347608220331,10.91152112409578,1,2952.4150417997216
dual,0,0.1,0.9,2018-09-29 00:00:00+00:00,11.649568169615545,10.486616848043248,5,2888.0335561690413
dual,0,0.15,0.85,2018-09-29 00:00:00+00:00,11.627596557621093,10.593653674635691,11,2876.6385615950667
dual,0,0.2,0.8,2018-09-29 00:00:00+00:00,11.505145665391318,10.327781270574116,12,2878.9460202126884
dual,0,0.25,0.75,2018-09-29 00:00:00+00:00,12.520718257981216,11.01765086032834,15,3005.1148899838167
dual,0,0.3,0.7,2018-09-29 00:00:00+00:00,12.646450964764018,10.958343049204084,14,3045.8362310537123
dual,0,0.35,0.65,2018-09-29 00:00:00+00:00,13.95515095251097,12.06734321133932,17,2976.286835422531
single,0,0.05,0.95,2018-09-30 00:00:00+00:00,10.526315789473685,9.5,0,3608.575835908147
single,0,0.1,0.9,2018-09-30 00:00:00+00:00,10.526315789473685,9.5,0,3608.575835908147
single,0,0.15,0.85,2018-09-30 00:00:00+00:00,10.526315789473685,9.5,0,3608.575835908147
single,0,0.2,0.8,2018-09-30 00:00:00+00:00,10.526315789473685,9.5,0,3608.575835908147
single,0,0.25,0.75,2018-09-30 00:00:00+00:00,10.526315789473685,9.5,0,3608.575835908147
single,0,0.3,0.7,2018-09-30 00:00:00+00:00,10.526315789473685,9.5,0,3608.575835908147
single,0,0.35,0.65,2018-09-30 00:00:00+00:00,10.526315789473685,9.5,0,3608.575835908147
dual,0,0.05,0.95,2018-09-30 00:00:00+00:00,10.412294928058124,9.397096172572457,0,3831.5983228936725
dual,0,0.1,0.9,2018-09-30 00:00:00+00:00,10.1854991090397,9.176937553566718,1,3790.3499976680428
dual,0,0.15,0.85,2018-09-30 00:00:00+00:00,10.142273846045134,9.124598527086448,4,3787.9178489114684
dual,0,0.2,0.8,2018-09-30 00:00:00+00:00,9.904323216009217,8.91819812191921,4,3738.008917070116
dual,0,0.25,0.75,2018-09-30 00:00:00+00:00,10.098285563988178,9.14512383399929,8,3825.2313368213136
dual,0,0.3,0.7,2018-09-30 00:00:00+00:00,9.542830296337257,8.636738558767329,8,3834.7906845276348
dual,0,0.35,0.65,2018-09-30 00:00:00+00:00,16.21277728815106,14.222129384529733,18,4127.787911574976
single,0,0.05,0.95,2018-10-01 00:00:00+00:00,8.421052631578949,7.6,0,2820.383915285458
single,0,0.1,0.9,2018-10-01 00:00:00+00:00,8.421052631578949,7.6,0,2820.383915285458
single,0,0.15,0.85,2018-10-01 00:00:00+00:00,8.421052631578947,7.6,0,2820.383915285458
single,0,0.2,0.8,2018-10-01 00:00:00+00:00,8.421052631578947,7.6,0,2820.383915285458
single,0,0.25,0.75,2018-10-01 00:00:00+00:00,8.421052631578947,7.6,0,2820.383915285458
single,0,0.3,0.7,2018-10-01 00:00:00+00:00,8.421052631578947,7.6,0,2820.383915285458
single,0,0.35,0.65,2018-10-01 00:00:00+00:00,8.421052631578947,7.6,0,2820.383915285458
dual,0,0.05,0.95,2018-10-01 00:00:00+00:00,9.450052837271823,8.477341229609191,3,2932.6783770780626
dual,0,0.1,0.9,2018-10-01 00:00:00+00:00,9.203917493035695,8.11335949540785,4,2895.3105418667774
dual,0,0.15,0.85,2018-10-01 00:00:00+00:00,8.716664457970708,7.3204961279977665,7,2936.379174919257
dual,0,0.2,0.8,2018-10-01 00:00:00+00:00,8.428374721174793,7.030668666474576,8,2967.633705559394
dual,0,0.25,0.75,2018-10-01 00:00:00+00:00,9.578270169230954,7.470244431168771,11,3072.1628282933857
dual,0,0.3,0.7,2018-10-01 00:00:00+00:00,9.307645502608787,7.229227318941879,11,3095.2469701001537
dual,0,0.35,0.65,2018-10-01 00:00:00+00:00,13.346992969020716,10.29136908814128,17,3395.1318542386343
single,0,0.05,0.95,2018-10-02 00:00:00+00:00,8.421052631578949,7.6000000000000005,0,3269.0951687324805
single,0,0.1,0.9,2018-10-02 00:00:00+00:00,8.421052631578949,7.6000000000000005,0,3269.0951687324805
single,0,0.15,0.85,2018-10-02 00:00:00+00:00,8.421052631578949,7.6000000000000005,0,3269.0951687324805
single,0,0.2,0.8,2018-10-02 00:00:00+00:00,8.421052631578949,7.6000000000000005,0,3269.0951687324805
single,0,0.25,0.75,2018-10-02 00:00:00+00:00,8.421052631578949,7.6000000000000005,0,3269.0951687324805
single,0,0.3,0.7,2018-10-02 00:00:00+00:00,8.421052631578949,7.6000000000000005,0,3269.0951687324805
single,0,0.35,0.65,2018-10-02 00:00:00+00:00,8.421052631578949,7.6000000000000005,0,3269.0951687324805
dual,0,0.05,0.95,2018-10-02 00:00:00+00:00,8.402160333345924,7.582949700844697,0,3537.12744640199
dual,0,0.1,0.9,2018-10-02 00:00:00+00:00,7.813721634579954,7.104841279848372,7,3518.69812148427
dual,0,0.15,0.85,2018-10-02 00:00:00+00:00,7.629077586074433,6.9689801584953175,6,3556.7183082054066
dual,0,0.2,0.8,2018-10-02 00:00:00+00:00,7.785217095674666,7.18775055458517,8,3556.912539902335
dual,0,0.25,0.75,2018-10-02 00:00:00+00:00,8.14018680143998,7.339187974206826,9,3556.3863266107364
dual,0,0.3,0.7,2018-10-02 00:00:00+00:00,8.386755580689165,7.654120011951268,8,3584.4342753755986
dual,0,0.35,0.65,2018-10-02 00:00:00+00:00,14.013056332351555,11.145263666482093,16,3949.8876444387724
single,0,0.05,0.95,2018-10-03 00:00:00+00:00,10.315789473684212,9.309999999999999,0,3239.906900132352
single,0,0.1,0.9,2018-10-03 00:00:00+00:00,10.315789473684212,9.309999999999999,0,3239.906900132352
single,0,0.15,0.85,2018-10-03 00:00:00+00:00,10.315789473684212,9.309999999999999,0,3239.906900132352
single,0,0.2,0.8,2018-10-03 00:00:00+00:00,10.315789473684212,9.309999999999999,0,3239.906900132352
single,0,0.25,0.75,2018-10-03 00:00:00+00:00,10.315789473684212,9.309999999999999,0,3239.906900132352
single,0,0.3,0.7,2018-10-03 00:00:00+00:00,10.315789473684212,9.309999999999999,0,3239.906900132352
single,0,0.35,0.65,2018-10-03 00:00:00+00:00,10.315789473684212,9.309999999999999,0,3239.906900132352
dual,0,0.05,0.95,2018-10-03 00:00:00+00:00,11.90790764953014,10.746886653700958,0,3467.8592888573266
dual,0,0.1,0.9,2018-10-03 00:00:00+00:00,10.717796182423179,9.52199833445247,3,3434.9402321128214
dual,0,0.15,0.85,2018-10-03 00:00:00+00:00,9.870751945294423,8.530156169756085,5,3439.1331342712724
dual,0,0.2,0.8,2018-10-03 00:00:00+00:00,9.188465841778346,7.540847586258295,7,3440.421705485624
dual,0,0.25,0.75,2018-10-03 00:00:00+00:00,8.318150669659836,7.050486053213531,10,3374.681436602666
dual,0,0.3,0.7,2018-10-03 00:00:00+00:00,10.14025736593407,8.227273119078063,12,3518.193735901491
dual,0,0.35,0.65,2018-10-03 00:00:00+00:00,11.423780828198629,9.862605309373214,14,3611.940593583671
single,0,0.05,0.95,2018-10-04 00:00:00+00:00,8.421052631578949,7.6,0,3755.243143401273
single,0,0.1,0.9,2018-10-04 00:00:00+00:00,8.421052631578949,7.6,0,3755.243143401273
single,0,0.15,0.85,2018-10-04 00:00:00+00:00,8.421052631578949,7.6,0,3755.243143401273
single,0,0.2,0.8,2018-10-04 00:00:00+00:00,8.421052631578949,7.6,0,3755.243143401273
single,0,0.25,0.75,2018-10-04 00:00:00+00:00,8.421052631578949,7.6,0,3755.243143401273
single,0,0.3,0.7,2018-10-04 00:00:00+00:00,8.421052631578949,7.6,0,3755.243143401273
single,0,0.35,0.65,2018-10-04 00:00:00+00:00,8.421052631578949,7.6,0,3755.243143401273
dual,0,0.05,0.95,2018-10-04 00:00:00+00:00,8.739284523985898,7.887204282897272,0,3834.4651066835427
dual,0,0.1,0.9,2018-10-04 00:00:00+00:00,8.057974653767905,7.24064945549034,1,3830.5703124361567
dual,0,0.15,0.85,2018-10-04 00:00:00+00:00,7.795860580705163,6.841587772226832,4,3839.722896495724
dual,0,0.2,0.8,2018-10-04 00:00:00+00:00,7.481545157025701,6.468126109563972,7,3843.451339076366
dual,0,0.25,0.75,2018-10-04 00:00:00+00:00,7.890446381581734,6.655406961621006,10,3852.8392298636436
dual,0,0.3,0.7,2018-10-04 00:00:00+00:00,8.133473895774152,6.836189038341769,9,3859.8783021625904
dual,0,0.35,0.65,2018-10-04 00:00:00+00:00,10.900501814046835,8.832803418990054,14,3947.3151041468104
single,0,0.05,0.95,2018-10-05 00:00:00+00:00,10.637119113573409,9.600000000000001,0,2790.364533512341
single,0,0.1,0.9,2018-10-05 00:00:00+00:00,10.637119113573409,9.600000000000001,0,2790.364533512341
single,0,0.15,0.85,2018-10-05 00:00:00+00:00,10.637119113573409,9.600000000000001,0,2790.364533512341
single,0,0.2,0.8,2018-10-05 00:00:00+00:00,10.637119113573409,9.600000000000001,0,2790.364533512341
single,0,0.25,0.75,2018-10-05 00:00:00+00:00,10.637119113573409,9.600000000000001,0,2790.3645335123415
single,0,0.3,0.7,2018-10-05 00:00:00+00:00,10.637119113573409,9.600000000000001,0,2790.364533512341
single,0,0.35,0.65,2018-10-05 00:00:00+00:00,10.637119113573409,9.600000000000001,0,2790.364533512341
dual,0,0.05,0.95,2018-10-05 00:00:00+00:00,11.379576115741799,10.692360136042431,2,3941.655917809756
dual,0,0.1,0.9,2018-10-05 00:00:00+00:00,11.221943858221774,10.504915278465461,2,3944.3029414337316
dual,0,0.15,0.85,2018-10-05 00:00:00+00:00,11.121527705931467,10.596913845203002,2,3925.8289513854684
dual,0,0.2,0.8,2018-10-05 00:00:00+00:00,10.960366703288646,10.616258976144742,3,3925.1609930597924
dual,0,0.25,0.75,2018-10-05 00:00:00+00:00,12.52460963739841,12.42335428337488,8,4126.060290321767
dual,0,0.3,0.7,2018-10-05 00:00:00+00:00,14.910372131319544,14.27842150639565,9,4149.354835428886
dual,0,0.35,0.65,2018-10-05 00:00:00+00:00,21.970551851820403,19.923423046267914,16,4299.715669246994
single,0,0.05,0.95,2018-10-06 00:00:00+00:00,10.637119113573407,9.6,0,3940.245531139028
single,0,0.1,0.9,2018-10-06 00:00:00+00:00,10.637119113573407,9.6,0,3940.245531139028
single,0,0.15,0.85,2018-10-06 00:00:00+00:00,10.637119113573407,9.6,0,3940.245531139028
single,0,0.2,0.8,2018-10-06 00:00:00+00:00,10.637119113573407,9.6,0,3940.245531139028
single,0,0.25,0.75,2018-10-06 00:00:00+00:00,10.637119113573407,9.6,0,3940.245531139028
single,0,0.3,0.7,2018-10-06 00:00:00+00:00,10.637119113573407,9.6,0,3940.245531139028
single,0,0.35,0.65,2018-10-06 00:00:00+00:00,10.637119113573407,9.6,0,3940.245531139028
dual,0,0.05,0.95,2018-10-06 00:00:00+00:00,10.124497915581669,9.137359368812456,2,4059.500537790829
dual,0,0.1,0.9,2018-10-06 00:00:00+00:00,9.735625606151114,8.786402109551382,2,4062.658675078879
dual,0,0.15,0.85,2018-10-06 00:00:00+00:00,9.555048308825027,8.542043070748564,2,4058.417051559737
dual,0,0.2,0.8,2018-10-06 00:00:00+00:00,9.621115344245633,8.604512517074848,4,4048.352474693075
dual,0,0.25,0.75,2018-10-06 00:00:00+00:00,11.298660062821664,10.350141088673666,9,4120.337797340343
dual,0,0.3,0.7,2018-10-06 00:00:00+00:00,10.69809506675453,9.428402787319634,13,4410.192266357885
dual,0,0.35,0.65,2018-10-06 00:00:00+00:00,13.28749113989039,11.46857577065718,20,4468.597678624749
single,0,0.05,0.95,2018-10-07 00:00:00+00:00,10.31578947368421,9.31,0,2879.6121760731335
single,0,0.1,0.9,2018-10-07 00:00:00+00:00,10.31578947368421,9.31,0,2879.6121760731335
single,0,0.15,0.85,2018-10-07 00:00:00+00:00,10.31578947368421,9.31,0,2879.6121760731335
single,0,0.2,0.8,2018-10-07 00:00:00+00:00,10.31578947368421,9.31,0,2879.6121760731335
single,0,0.25,0.75,2018-10-07 00:00:00+00:00,10.31578947368421,9.31,0,2879.6121760731335
single,0,0.3,0.7,2018-10-07 00:00:00+00:00,10.31578947368421,9.31,0,2879.6121760731335
single,0,0.35,0.65,2018-10-07 00:00:00+00:00,10.31578947368421,9.31,0,2879.6121760731335
dual,0,0.05,0.95,2018-10-07 00:00:00+00:00,10.429174531692798,9.415243750645033,5,3398.6255174983867
dual,0,0.1,0.9,2018-10-07 00:00:00+00:00,10.28924905432602,9.35976079895095,6,3412.979411862264
dual,0,0.15,0.85,2018-10-07 00:00:00+00:00,9.959760989042426,9.120585186754667,10,3458.012922179857
dual,0,0.2,0.8,2018-10-07 00:00:00+00:00,9.755108006652227,8.918903235721743,10,3474.5493713313554
dual,0,0.25,0.75,2018-10-07 00:00:00+00:00,10.708176124835799,9.700488943523911,11,3397.3855156530235
dual,0,0.3,0.7,2018-10-07 00:00:00+00:00,11.636018087422595,10.52569144874392,10,3451.990268830713
dual,0,0.35,0.65,2018-10-07 00:00:00+00:00,14.140327368130901,12.303219033000738,13,3635.500322973706
single,0,0.05,0.95,2018-10-08 00:00:00+00:00,8.421052631578949,7.6,0,3989.4603873797078
single,0,0.1,0.9,2018-10-08 00:00:00+00:00,8.421052631578949,7.6,0,3989.4603873797078
single,0,0.15,0.85,2018-10-08 00:00:00+00:00,8.421052631578949,7.6,0,3989.4603873797078
single,0,0.2,0.8,2018-10-08 00:00:00+00:00,8.421052631578949,7.6,0,3989.4603873797078
single,0,0.25,0.75,2018-10-08 00:00:00+00:00,8.421052631578949,7.6,0,3989.4603873797078
single,0,0.3,0.7,2018-10-08 00:00:00+00:00,8.421052631578949,7.6,0,3989.4603873797078
single,0,0.35,0.65,2018-10-08 00:00:00+00:00,8.421052631578949,7.6,0,3989.4603873797078
dual,0,0.05,0.95,2018-10-08 00:00:00+00:00,8.8732389302045,8.008101015940408,1,4083.698825290274
dual,0,0.1,0.9,2018-10-08 00:00:00+00:00,8.45211652566007,7.631642843313048,1,4081.627238302981
dual,0,0.15,0.85,2018-10-08 00:00:00+00:00,8.15247742187659,7.3517099885859905,2,4078.364299428958
dual,0,0.2,0.8,2018-10-08 00:00:00+00:00,7.942283397056699,7.133680197653121,3,4079.909823495587
dual,0,0.25,0.75,2018-10-08 00:00:00+00:00,8.017738276589672,7.129665734154006,14,4111.094259035614
dual,0,0.3,0.7,2018-10-08 00:00:00+00:00,7.652825326593716,6.707863592431904,13,4088.256865390076
dual,0,0.35,0.65,2018-10-08 00:00:00+00:00,6.684786995719181,6.130916819423586,19,4247.374847008873
single,0,0.05,0.95,2018-10-09 00:00:00+00:00,8.421052631578949,7.6,0,2656.20806141144
single,0,0.1,0.9,2018-10-09 00:00:00+00:00,8.421052631578949,7.6,0,2656.20806141144
single,0,0.15,0.85,2018-10-09 00:00:00+00:00,8.421052631578949,7.6,0,2656.20806141144
single,0,0.2,0.8,2018-10-09 00:00:00+00:00,8.421052631578949,7.6,0,2656.20806141144
single,0,0.25,0.75,2018-10-09 00:00:00+00:00,8.421052631578949,7.6,0,2656.20806141144
single,0,0.3,0.7,2018-10-09 00:00:00+00:00,8.421052631578949,7.6,0,2656.20806141144
single,0,0.35,0.65,2018-10-09 00:00:00+00:00,8.421052631578949,7.6,0,2656.20806141144
dual,0,0.05,0.95,2018-10-09 00:00:00+00:00,10.246965513860324,9.458442590375464,4,3156.1222025799552
dual,0,0.1,0.9,2018-10-09 00:00:00+00:00,9.566606066715035,8.907832599180677,3,3154.580967352616
dual,0,0.15,0.85,2018-10-09 00:00:00+00:00,9.937592064688289,9.05983129203319,6,3147.5058494459226
dual,0,0.2,0.8,2018-10-09 00:00:00+00:00,10.292133803046319,9.70397871904767,7,3189.3658015789324
dual,0,0.25,0.75,2018-10-09 00:00:00+00:00,10.921063375912773,10.057972990320856,9,3237.223836390184
dual,0,0.3,0.7,2018-10-09 00:00:00+00:00,11.096354276471573,10.235522617594487,12,3330.8005669293093
dual,0,0.35,0.65,2018-10-09 00:00:00+00:00,25.90834829579122,21.801457814478916,13,3824.538001178272
single,0,0.05,0.95,2018-10-10 00:00:00+00:00,10.315789473684212,9.309999999999999,0,2778.0371729627213
single,0,0.1,0.9,2018-10-10 00:00:00+00:00,10.315789473684212,9.309999999999999,0,2778.037172962721
single,0,0.15,0.85,2018-10-10 00:00:00+00:00,10.315789473684212,9.309999999999999,0,2778.037172962721
single,0,0.2,0.8,2018-10-10 00:00:00+00:00,10.315789473684212,9.309999999999999,0,2778.0371729627213
single,0,0.25,0.75,2018-10-10 00:00:00+00:00,10.315789473684212,9.309999999999999,0,2778.0371729627213
single,0,0.3,0.7,2018-10-10 00:00:00+00:00,10.315789473684212,9.309999999999999,0,2778.0371729627213
single,0,0.35,0.65,2018-10-10 00:00:00+00:00,10.315789473684212,9.309999999999999,0,2778.0371729627213
dual,0,0.05,0.95,2018-10-10 00:00:00+00:00,12.722080119366687,11.795361754433586,4,3548.6026023486897
dual,0,0.1,0.9,2018-10-10 00:00:00+00:00,12.32699765998462,11.399294722458194,5,3557.906031849422
dual,0,0.15,0.85,2018-10-10 00:00:00+00:00,12.239049882561641,11.289774437393081,7,3555.0630719046553
dual,0,0.2,0.8,2018-10-10 00:00:00+00:00,12.059433208767995,11.099864617525409,6,3628.603194301149
dual,0,0.25,0.75,2018-10-10 00:00:00+00:00,11.708443285907485,10.655984399917658,8,3800.353126532563
dual,0,0.3,0.7,2018-10-10 00:00:00+00:00,11.477211929084747,10.48831284925645,9,3873.6821820789537
dual,0,0.35,0.65,2018-10-10 00:00:00+00:00,21.212944526693583,17.84728215657399,14,3992.1274716387793
single,0,0.05,0.95,2018-10-11 00:00:00+00:00,10.858725761772853,9.8,0,3852.1204610638283
single,0,0.1,0.9,2018-10-11 00:00:00+00:00,10.858725761772853,9.8,0,3852.1204610638283
single,0,0.15,0.85,2018-10-11 00:00:00+00:00,10.858725761772853,9.8,0,3852.1204610638283
single,0,0.2,0.8,2018-10-11 00:00:00+00:00,10.858725761772853,9.8,0,3852.1204610638283
single,0,0.25,0.75,2018-10-11 00:00:00+00:00,10.858725761772853,9.8,0,3852.1204610638283
single,0,0.3,0.7,2018-10-11 00:00:00+00:00,10.858725761772853,9.8,0,3852.1204610638283
single,0,0.35,0.65,2018-10-11 00:00:00+00:00,10.858725761772853,9.8,0,3852.1204610638283
dual,0,0.05,0.95,2018-10-11 00:00:00+00:00,10.783813556092435,9.732391734373422,2,4141.352534571869
dual,0,0.1,0.9,2018-10-11 00:00:00+00:00,10.998978916270893,9.929910213109865,4,4153.484590544864
dual,0,0.15,0.85,2018-10-11 00:00:00+00:00,10.977325170344471,9.948967870789708,4,4160.867776481117
dual,0,0.2,0.8,2018-10-11 00:00:00+00:00,10.87942996872134,9.96027203146609,6,4150.604081784245
dual,0,0.25,0.75,2018-10-11 00:00:00+00:00,12.37368900996855,11.130845649670096,10,4335.338906188153
dual,0,0.3,0.7,2018-10-11 00:00:00+00:00,12.447758988172163,11.170556247155465,10,4461.367378326445
dual,0,0.35,0.65,2018-10-11 00:00:00+00:00,12.38940293017203,11.972054106821094,21,4868.250298744729
single,0,0.05,0.95,2018-10-12 00:00:00+00:00,10.526315789473685,9.5,0,3988.256087458044
single,0,0.1,0.9,2018-10-12 00:00:00+00:00,10.526315789473685,9.5,0,3988.256087458044
single,0,0.15,0.85,2018-10-12 00:00:00+00:00,10.526315789473685,9.5,0,3988.256087458044
single,0,0.2,0.8,2018-10-12 00:00:00+00:00,10.526315789473685,9.5,0,3988.256087458044
single,0,0.25,0.75,2018-10-12 00:00:00+00:00,10.526315789473685,9.5,0,3988.256087458044
single,0,0.3,0.7,2018-10-12 00:00:00+00:00,10.526315789473685,9.5,0,3988.256087458044
single,0,0.35,0.65,2018-10-12 00:00:00+00:00,10.526315789473685,9.5,0,3988.256087458044
dual,0,0.05,0.95,2018-10-12 00:00:00+00:00,10.722900301152384,9.677417521790028,0,4075.2152691690853
dual,0,0.1,0.9,2018-10-12 00:00:00+00:00,10.57070602205205,9.465296979518676,1,4080.972075327249
dual,0,0.15,0.85,2018-10-12 00:00:00+00:00,10.443607642009322,9.279503807985192,1,4081.253133780683
dual,0,0.2,0.8,2018-10-12 00:00:00+00:00,10.101326418062833,8.901399699439418,3,4081.3104603965294
dual,0,0.25,0.75,2018-10-12 00:00:00+00:00,10.10435029445085,8.779667762057807,10,4094.6734418325086
dual,0,0.3,0.7,2018-10-12 00:00:00+00:00,10.148990933972055,8.907663207957512,11,4099.411173887
dual,0,0.35,0.65,2018-10-12 00:00:00+00:00,11.104487251439094,9.392091015336153,15,4135.055339050281
single,0,0.05,0.95,2018-10-13 00:00:00+00:00,8.421052631578949,7.6,0,3670.682987441841
single,0,0.1,0.9,2018-10-13 00:00:00+00:00,8.421052631578949,7.6,0,3670.682987441841
single,0,0.15,0.85,2018-10-13 00:00:00+00:00,8.421052631578949,7.6,0,3670.682987441841
single,0,0.2,0.8,2018-10-13 00:00:00+00:00,8.421052631578949,7.6,0,3670.682987441841
single,0,0.25,0.75,2018-10-13 00:00:00+00:00,8.421052631578949,7.6,0,3670.682987441841
single,0,0.3,0.7,2018-10-13 00:00:00+00:00,8.421052631578949,7.6,0,3670.682987441841
single,0,0.35,0.65,2018-10-13 00:00:00+00:00,8.421052631578949,7.6,0,3670.682987441841
dual,0,0.05,0.95,2018-10-13 00:00:00+00:00,9.461843798881324,8.539314028490395,0,3769.78462166208
dual,0,0.1,0.9,2018-10-13 00:00:00+00:00,9.378478329504816,8.464076692378095,0,3769.898295125508
dual,0,0.15,0.85,2018-10-13 00:00:00+00:00,9.125036357575919,8.235345312712264,2,3766.068744083647
dual,0,0.2,0.8,2018-10-13 00:00:00+00:00,9.090270467238298,8.504024600527778,4,3793.3802370790954
dual,0,0.25,0.75,2018-10-13 00:00:00+00:00,8.98131051670476,8.313777643294113,6,3766.142626885806
dual,0,0.3,0.7,2018-10-13 00:00:00+00:00,9.596038192720082,8.858325091095015,5,3752.459314437186
dual,0,0.35,0.65,2018-10-13 00:00:00+00:00,14.3748419365653,11.60492859609295,18,4096.817906900902
single,0,0.05,0.95,2018-10-14 00:00:00+00:00,12.63157894736842,11.4,0,4056.739418266151
single,0,0.1,0.9,2018-10-14 00:00:00+00:00,12.63157894736842,11.4,0,4056.739418266151
single,0,0.15,0.85,2018-10-14 00:00:00+00:00,12.63157894736842,11.4,0,4056.739418266151
single,0,0.2,0.8,2018-10-14 00:00:00+00:00,12.63157894736842,11.4,0,4056.739418266151
single,0,0.25,0.75,2018-10-14 00:00:00+00:00,12.63157894736842,11.4,0,4056.739418266151
single,0,0.3,0.7,2018-10-14 00:00:00+00:00,12.63157894736842,11.4,0,4056.739418266151
single,0,0.35,0.65,2018-10-14 00:00:00+00:00,12.63157894736842,11.4,0,4056.739418266151
dual,0,0.05,0.95,2018-10-14 00:00:00+00:00,11.325483569565183,10.222737761221897,1,4270.215693589031
dual,0,0.1,0.9,2018-10-14 00:00:00+00:00,11.07215317473113,10.017373146405284,1,4282.993319693258
dual,0,0.15,0.85,2018-10-14 00:00:00+00:00,10.701359693132321,9.710523060647542,2,4269.735977227064
dual,0,0.2,0.8,2018-10-14 00:00:00+00:00,10.780839188980067,10.120575381581244,3,4356.18169401104
dual,0,0.25,0.75,2018-10-14 00:00:00+00:00,10.49360386878764,10.003488101998746,5,4369.466110852721
dual,0,0.3,0.7,2018-10-14 00:00:00+00:00,11.068973390373547,10.569111578881241,6,4385.435963863081
dual,0,0.35,0.65,2018-10-14 00:00:00+00:00,20.490642083462838,17.71383105107455,15,4711.3237110067785
single,0,0.05,0.95,2018-10-15 00:00:00+00:00,12.210526315789474,11.02,0,4291.429853998913
single,0,0.1,0.9,2018-10-15 00:00:00+00:00,12.210526315789474,11.02,0,4291.429853998913
single,0,0.15,0.85,2018-10-15 00:00:00+00:00,12.210526315789474,11.02,0,4291.429853998913
single,0,0.2,0.8,2018-10-15 00:00:00+00:00,12.210526315789474,11.02,0,4291.429853998913
single,0,0.25,0.75,2018-10-15 00:00:00+00:00,12.210526315789474,11.02,0,4291.429853998913
single,0,0.3,0.7,2018-10-15 00:00:00+00:00,12.210526315789474,11.02,0,4291.429853998913
single,0,0.35,0.65,2018-10-15 00:00:00+00:00,12.210526315789474,11.02,0,4291.429853998913
dual,0,0.05,0.95,2018-10-15 00:00:00+00:00,12.31500737412326,11.197845665817852,2,4656.634902047342
dual,0,0.1,0.9,2018-10-15 00:00:00+00:00,11.059919153425941,10.11354178866499,1,4653.858400390907
dual,0,0.15,0.85,2018-10-15 00:00:00+00:00,11.13015295576714,10.279587359233432,2,4656.836902755804
dual,0,0.2,0.8,2018-10-15 00:00:00+00:00,10.628794023952688,9.924279550919772,4,4700.878790288326
dual,0,0.25,0.75,2018-10-15 00:00:00+00:00,11.063898351342974,10.15704043388098,6,4837.109880881353
dual,0,0.3,0.7,2018-10-15 00:00:00+00:00,11.20640886238288,10.351649860432214,6,4902.535976909208
dual,0,0.35,0.65,2018-10-15 00:00:00+00:00,14.494908087354348,13.95411159297679,11,4892.257736020712
single,0,0.05,0.95,2018-10-16 00:00:00+00:00,8.421052631578949,7.6,0,4168.2502160903
single,0,0.1,0.9,2018-10-16 00:00:00+00:00,8.421052631578949,7.6,0,4168.2502160903
single,0,0.15,0.85,2018-10-16 00:00:00+00:00,8.421052631578949,7.6,0,4168.2502160903
single,0,0.2,0.8,2018-10-16 00:00:00+00:00,8.421052631578949,7.6,0,4168.2502160903
single,0,0.25,0.75,2018-10-16 00:00:00+00:00,8.421052631578949,7.6,0,4168.2502160903
single,0,0.3,0.7,2018-10-16 00:00:00+00:00,8.421052631578949,7.6,0,4168.2502160903
single,0,0.35,0.65,2018-10-16 00:00:00+00:00,8.421052631578949,7.6,0,4168.2502160903
dual,0,0.05,0.95,2018-10-16 00:00:00+00:00,9.23937899684169,8.338539544649624,0,4278.265667303146
dual,0,0.1,0.9,2018-10-16 00:00:00+00:00,8.699988941089662,7.801583902847826,1,4264.434939471882
dual,0,0.15,0.85,2018-10-16 00:00:00+00:00,8.042303719351192,7.135203228296959,2,4265.675400042982
dual,0,0.2,0.8,2018-10-16 00:00:00+00:00,7.711766976829766,6.854027853180806,5,4260.5373772993535
dual,0,0.25,0.75,2018-10-16 00:00:00+00:00,7.776193370342123,7.206888465948321,11,4344.295418518485
dual,0,0.3,0.7,2018-10-16 00:00:00+00:00,7.785671743901332,7.258008357584384,13,4254.950921909999
dual,0,0.35,0.65,2018-10-16 00:00:00+00:00,11.521068027322235,8.81379690049998,21,4438.720029258775
single,0,0.05,0.95,2018-10-17 00:00:00+00:00,8.421052631578947,7.6,0,4275.662396052574
single,0,0.1,0.9,2018-10-17 00:00:00+00:00,8.421052631578947,7.6,0,4275.662396052574
single,0,0.15,0.85,2018-10-17 00:00:00+00:00,8.421052631578947,7.6,0,4275.662396052574
single,0,0.2,0.8,2018-10-17 00:00:00+00:00,8.421052631578947,7.6,0,4275.662396052574
single,0,0.25,0.75,2018-10-17 00:00:00+00:00,8.421052631578947,7.6,0,4275.662396052574
single,0,0.3,0.7,2018-10-17 00:00:00+00:00,8.421052631578947,7.6,0,4275.662396052574
single,0,0.35,0.65,2018-10-17 00:00:00+00:00,8.421052631578947,7.6,0,4275.662396052574
dual,0,0.05,0.95,2018-10-17 00:00:00+00:00,8.868040867349599,7.992367443939284,1,4398.3889160279
dual,0,0.1,0.9,2018-10-17 00:00:00+00:00,8.295749271747807,7.408264520829617,2,4409.3693202828545
dual,0,0.15,0.85,2018-10-17 00:00:00+00:00,7.420530367302357,6.556562044807007,2,4416.164397946539
dual,0,0.2,0.8,2018-10-17 00:00:00+00:00,7.172816173185607,6.3131981952175025,3,4409.418427697693
dual,0,0.25,0.75,2018-10-17 00:00:00+00:00,7.766897507702522,6.706802498726398,7,4406.484527237542
dual,0,0.3,0.7,2018-10-17 00:00:00+00:00,7.446824674057955,6.3700483020902094,10,4413.995711059427
dual,0,0.35,0.65,2018-10-17 00:00:00+00:00,6.262688326175743,5.636543949609207,17,4406.002566860241
single,0,0.05,0.95,2018-10-18 00:00:00+00:00,8.421052631578949,7.6,0,3560.861697474385
single,0,0.1,0.9,2018-10-18 00:00:00+00:00,8.421052631578949,7.6,0,3560.861697474385
single,0,0.15,0.85,2018-10-18 00:00:00+00:00,8.421052631578949,7.6,0,3560.861697474385
single,0,0.2,0.8,2018-10-18 00:00:00+00:00,8.421052631578949,7.6,0,3560.861697474385
single,0,0.25,0.75,2018-10-18 00:00:00+00:00,8.421052631578949,7.6,0,3560.861697474385
single,0,0.3,0.7,2018-10-18 00:00:00+00:00,8.421052631578949,7.6,0,3560.861697474385
single,0,0.35,0.65,2018-10-18 00:00:00+00:00,8.421052631578949,7.6,0,3560.861697474385
dual,0,0.05,0.95,2018-10-18 00:00:00+00:00,9.71927550541486,8.931519939251022,3,3891.2098563379955
dual,0,0.1,0.9,2018-10-18 00:00:00+00:00,9.294514094720984,8.61163770882505,3,3870.9877676313567
dual,0,0.15,0.85,2018-10-18 00:00:00+00:00,8.332256061978732,7.733812054695003,4,3856.40500172544
dual,0,0.2,0.8,2018-10-18 00:00:00+00:00,7.776045783435575,7.230133237878901,5,3873.704839872059
dual,0,0.25,0.75,2018-10-18 00:00:00+00:00,8.31932672059972,8.164243330843153,7,3898.143972469354
dual,0,0.3,0.7,2018-10-18 00:00:00+00:00,9.029046305685467,9.000230734363303,10,4054.9667394283388
dual,0,0.35,0.65,2018-10-18 00:00:00+00:00,17.014320207820475,14.125079509542184,13,4200.152964434486
single,0,0.05,0.95,2018-10-19 00:00:00+00:00,10.637119113573405,9.6,0,3327.983591858569
single,0,0.1,0.9,2018-10-19 00:00:00+00:00,10.637119113573405,9.6,0,3327.983591858569
single,0,0.15,0.85,2018-10-19 00:00:00+00:00,10.637119113573405,9.6,0,3327.983591858569
single,0,0.2,0.8,2018-10-19 00:00:00+00:00,10.637119113573405,9.6,0,3327.983591858569
single,0,0.25,0.75,2018-10-19 00:00:00+00:00,10.637119113573409,9.6,0,3327.983591858569
single,0,0.3,0.7,2018-10-19 00:00:00+00:00,10.637119113573405,9.6,0,3327.983591858569
single,0,0.35,0.65,2018-10-19 00:00:00+00:00,10.637119113573409,9.6,0,3327.983591858569
dual,0,0.05,0.95,2018-10-19 00:00:00+00:00,10.781517556966634,10.102626500565934,6,4010.883151786115
dual,0,0.1,0.9,2018-10-19 00:00:00+00:00,10.46168524052247,9.948202952081047,6,4021.7759374049256
dual,0,0.15,0.85,2018-10-19 00:00:00+00:00,9.740512810970216,9.548477148519881,6,4030.332365113918
dual,0,0.2,0.8,2018-10-19 00:00:00+00:00,9.970208946814692,9.762467635581235,7,4066.3788801810088
dual,0,0.25,0.75,2018-10-19 00:00:00+00:00,10.692315033093683,10.179013125231942,9,4051.214168619304
dual,0,0.3,0.7,2018-10-19 00:00:00+00:00,10.55955516932066,9.906110787268187,11,4184.801387306468
dual,0,0.35,0.65,2018-10-19 00:00:00+00:00,14.42338765017108,13.15774658410233,16,4486.160297338034
single,0,0.05,0.95,2018-10-20 00:00:00+00:00,12.421052631578947,11.209999999999999,0,2662.971006342915
single,0,0.1,0.9,2018-10-20 00:00:00+00:00,12.421052631578947,11.209999999999999,0,2662.971006342915
single,0,0.15,0.85,2018-10-20 00:00:00+00:00,12.421052631578947,11.209999999999999,0,2662.971006342915
single,0,0.2,0.8,2018-10-20 00:00:00+00:00,12.421052631578947,11.209999999999999,0,2662.971006342915
single,0,0.25,0.75,2018-10-20 00:00:00+00:00,12.421052631578947,11.209999999999999,0,2662.971006342915
single,0,0.3,0.7,2018-10-20 00:00:00+00:00,12.421052631578947,11.209999999999999,0,2662.971006342915
single,0,0.35,0.65,2018-10-20 00:00:00+00:00,12.421052631578947,11.209999999999999,0,2662.971006342915
dual,0,0.05,0.95,2018-10-20 00:00:00+00:00,13.184630696842934,11.9832665887839,2,3611.054041125746
dual,0,0.1,0.9,2018-10-20 00:00:00+00:00,13.315762878515965,12.439652082758421,2,3630.522052344133
dual,0,0.15,0.85,2018-10-20 00:00:00+00:00,13.627015732069825,12.80694645053552,4,3633.0301086910886
dual,0,0.2,0.8,2018-10-20 00:00:00+00:00,13.092604248600445,12.500367245509608,7,3638.4073543989643
dual,0,0.25,0.75,2018-10-20 00:00:00+00:00,17.69371938900515,16.16068806918625,9,4045.654357954454
dual,0,0.3,0.7,2018-10-20 00:00:00+00:00,18.831058810150722,17.40325486018143,10,3898.8302030163763
dual,0,0.35,0.65,2018-10-20 00:00:00+00:00,29.569205562252545,26.78120801993292,20,4389.712352097398
single,0,0.05,0.95,2018-10-21 00:00:00+00:00,10.31578947368421,9.31,0,2767.527010768574
single,0,0.1,0.9,2018-10-21 00:00:00+00:00,10.31578947368421,9.31,0,2767.527010768574
single,0,0.15,0.85,2018-10-21 00:00:00+00:00,10.31578947368421,9.31,0,2767.527010768574
single,0,0.2,0.8,2018-10-21 00:00:00+00:00,10.31578947368421,9.31,0,2767.527010768574
single,0,0.25,0.75,2018-10-21 00:00:00+00:00,10.31578947368421,9.31,0,2767.527010768574
single,0,0.3,0.7,2018-10-21 00:00:00+00:00,10.31578947368421,9.31,0,2767.527010768574
single,0,0.35,0.65,2018-10-21 00:00:00+00:00,10.31578947368421,9.31,0,2767.527010768574
dual,0,0.05,0.95,2018-10-21 00:00:00+00:00,9.93972708581615,8.970603694949075,0,3204.410117134937
dual,0,0.1,0.9,2018-10-21 00:00:00+00:00,10.198927743373602,9.27779569775827,4,3212.203333157152
dual,0,0.15,0.85,2018-10-21 00:00:00+00:00,10.668226629725762,9.809387310334092,6,3227.9199954364813
dual,0,0.2,0.8,2018-10-21 00:00:00+00:00,10.31675417107887,9.891245151240028,6,3419.982382419688
dual,0,0.25,0.75,2018-10-21 00:00:00+00:00,14.956181275967818,12.293914282719474,10,3572.706136197718
dual,0,0.3,0.7,2018-10-21 00:00:00+00:00,16.083728721857106,13.42722602238109,12,3635.610098828938
dual,0,0.35,0.65,2018-10-21 00:00:00+00:00,23.84270442034027,19.999684143925577,17,3773.2665758133644
single,0,0.05,0.95,2018-10-22 00:00:00+00:00,8.421052631578949,7.6,0,2716.238344316682
single,0,0.1,0.9,2018-10-22 00:00:00+00:00,8.421052631578949,7.6,0,2716.238344316682
single,0,0.15,0.85,2018-10-22 00:00:00+00:00,8.421052631578949,7.6,0,2716.238344316682
single,0,0.2,0.8,2018-10-22 00:00:00+00:00,8.421052631578949,7.6,0,2716.238344316682
single,0,0.25,0.75,2018-10-22 00:00:00+00:00,8.421052631578949,7.6,0,2716.238344316682
single,0,0.3,0.7,2018-10-22 00:00:00+00:00,8.421052631578949,7.6,0,2716.238344316682
single,0,0.35,0.65,2018-10-22 00:00:00+00:00,8.421052631578949,7.6,0,2716.238344316682
dual,0,0.05,0.95,2018-10-22 00:00:00+00:00,8.919170212860518,8.049551117106617,0,2943.5151480151353
dual,0,0.1,0.9,2018-10-22 00:00:00+00:00,8.767944668669136,7.913070063473895,0,2938.5670152927705
dual,0,0.15,0.85,2018-10-22 00:00:00+00:00,8.512409040350814,7.68244915891661,3,2930.3964640098766
dual,0,0.2,0.8,2018-10-22 00:00:00+00:00,8.360797490796234,7.547328413781783,2,2919.4724398409135
dual,0,0.25,0.75,2018-10-22 00:00:00+00:00,9.319004449565014,8.549186873464215,6,3036.7622222095415
dual,0,0.3,0.7,2018-10-22 00:00:00+00:00,9.581362065363543,8.436017633038757,7,3070.223498912696
dual,0,0.35,0.65,2018-10-22 00:00:00+00:00,20.719997138650516,17.15730765352569,14,3551.424478546529
single,0,0.05,0.95,2018-10-23 00:00:00+00:00,10.31578947368421,9.309999999999999,0,2970.4440900828918
single,0,0.1,0.9,2018-10-23 00:00:00+00:00,10.31578947368421,9.309999999999999,0,2970.4440900828918
single,0,0.15,0.85,2018-10-23 00:00:00+00:00,10.31578947368421,9.309999999999999,0,2970.4440900828918
single,0,0.2,0.8,2018-10-23 00:00:00+00:00,10.31578947368421,9.309999999999999,0,2970.4440900828918
single,0,0.25,0.75,2018-10-23 00:00:00+00:00,10.31578947368421,9.309999999999999,0,2970.4440900828918
single,0,0.3,0.7,2018-10-23 00:00:00+00:00,10.31578947368421,9.309999999999999,0,2970.4440900828918
single,0,0.35,0.65,2018-10-23 00:00:00+00:00,10.31578947368421,9.309999999999999,0,2970.4440900828918
dual,0,0.05,0.95,2018-10-23 00:00:00+00:00,12.776236217854752,11.528522685545536,2,3121.82276280261
dual,0,0.1,0.9,2018-10-23 00:00:00+00:00,11.723031891795586,10.574466710244263,4,3086.4628406739685
dual,0,0.15,0.85,2018-10-23 00:00:00+00:00,11.241226757782155,10.117567413255292,6,3084.0923197111706
dual,0,0.2,0.8,2018-10-23 00:00:00+00:00,10.956949857661883,9.792755009711671,8,3099.7409587876346
dual,0,0.25,0.75,2018-10-23 00:00:00+00:00,10.730260794428037,9.406234717715261,11,3191.186940693461
dual,0,0.3,0.7,2018-10-23 00:00:00+00:00,11.463619942677909,9.365064965466807,10,3194.283761821264
dual,0,0.35,0.65,2018-10-23 00:00:00+00:00,11.296534765826491,9.13565796152798,17,3258.8736483146895
single,0,0.05,0.95,2018-10-24 00:00:00+00:00,10.31578947368421,9.309999999999999,0,2741.8475052573403
single,0,0.1,0.9,2018-10-24 00:00:00+00:00,10.31578947368421,9.309999999999999,0,2741.8475052573403
single,0,0.15,0.85,2018-10-24 00:00:00+00:00,10.31578947368421,9.309999999999999,0,2741.8475052573403
single,0,0.2,0.8,2018-10-24 00:00:00+00:00,10.31578947368421,9.309999999999999,0,2741.8475052573403
single,0,0.25,0.75,2018-10-24 00:00:00+00:00,10.31578947368421,9.309999999999999,0,2741.8475052573403
single,0,0.3,0.7,2018-10-24 00:00:00+00:00,10.31578947368421,9.309999999999999,0,2741.8475052573403
single,0,0.35,0.65,2018-10-24 00:00:00+00:00,10.31578947368421,9.309999999999999,0,2741.8475052573403
dual,0,0.05,0.95,2018-10-24 00:00:00+00:00,11.491261483885365,10.370863489206544,0,3014.1526667503913
dual,0,0.1,0.9,2018-10-24 00:00:00+00:00,11.456695037526476,10.339667271367645,0,3006.886468953001
dual,0,0.15,0.85,2018-10-24 00:00:00+00:00,11.19648509883368,10.104827801697397,0,3003.579740862523
dual,0,0.2,0.8,2018-10-24 00:00:00+00:00,11.324929885203211,10.23682653846109,1,3007.8444055038403
dual,0,0.25,0.75,2018-10-24 00:00:00+00:00,10.893056059797065,10.000456869682367,7,3046.2401136225067
dual,0,0.3,0.7,2018-10-24 00:00:00+00:00,12.04873641716705,11.028601406143327,4,3016.210288666793
dual,0,0.35,0.65,2018-10-24 00:00:00+00:00,19.29070229850139,16.402382000847787,14,3450.620538666518
single,0,0.05,0.95,2018-10-25 00:00:00+00:00,8.421052631578949,7.6000000000000005,0,2941.7286033374216
single,0,0.1,0.9,2018-10-25 00:00:00+00:00,8.421052631578949,7.6000000000000005,0,2941.7286033374216
single,0,0.15,0.85,2018-10-25 00:00:00+00:00,8.421052631578949,7.6000000000000005,0,2941.7286033374216
single,0,0.2,0.8,2018-10-25 00:00:00+00:00,8.421052631578949,7.6000000000000005,0,2941.7286033374216
single,0,0.25,0.75,2018-10-25 00:00:00+00:00,8.421052631578949,7.6000000000000005,0,2941.7286033374216
single,0,0.3,0.7,2018-10-25 00:00:00+00:00,8.421052631578949,7.6000000000000005,0,2941.7286033374216
single,0,0.35,0.65,2018-10-25 00:00:00+00:00,8.421052631578949,7.6000000000000005,0,2941.7286033374216
dual,0,0.05,0.95,2018-10-25 00:00:00+00:00,10.096849540013254,9.3418311105558,1,3891.4956628962627
dual,0,0.1,0.9,2018-10-25 00:00:00+00:00,10.273021583308125,9.720225796443795,3,3891.8590567896144
dual,0,0.15,0.85,2018-10-25 00:00:00+00:00,9.99933935772939,9.472667698156755,5,3881.826066646303
dual,0,0.2,0.8,2018-10-25 00:00:00+00:00,10.358955433085104,9.772455860445156,5,3899.151800430305
dual,0,0.25,0.75,2018-10-25 00:00:00+00:00,10.10889022561662,9.943996600293278,8,4011.2924271412753
dual,0,0.3,0.7,2018-10-25 00:00:00+00:00,11.847979868313528,11.337334756931293,7,3995.194013294969
dual,0,0.35,0.65,2018-10-25 00:00:00+00:00,28.4378480154107,25.317336565362602,16,4308.513279670809
single,0,0.05,0.95,2018-10-26 00:00:00+00:00,8.421052631578949,7.6,0,3207.7735174995305
single,0,0.1,0.9,2018-10-26 00:00:00+00:00,8.421052631578949,7.6,0,3207.7735174995305
single,0,0.15,0.85,2018-10-26 00:00:00+00:00,8.421052631578949,7.6,0,3207.7735174995305
single,0,0.2,0.8,2018-10-26 00:00:00+00:00,8.421052631578949,7.6,0,3207.7735174995305
single,0,0.25,0.75,2018-10-26 00:00:00+00:00,8.421052631578949,7.6,0,3207.7735174995305
single,0,0.3,0.7,2018-10-26 00:00:00+00:00,8.421052631578949,7.6,0,3207.7735174995305
single,0,0.35,0.65,2018-10-26 00:00:00+00:00,8.421052631578949,7.6,0,3207.7735174995305
dual,0,0.05,0.95,2018-10-26 00:00:00+00:00,9.554279655805734,8.671123145991285,1,3345.0716312300738
dual,0,0.1,0.9,2018-10-26 00:00:00+00:00,9.31525193755721,8.568371181242743,4,3339.635944799355
dual,0,0.15,0.85,2018-10-26 00:00:00+00:00,9.035799641370936,8.328016550405742,2,3330.861589644103
dual,0,0.2,0.8,2018-10-26 00:00:00+00:00,8.819732356269892,8.087045174215083,2,3328.4698048045143
dual,0,0.25,0.75,2018-10-26 00:00:00+00:00,9.512116654823288,8.8849236855671,12,3539.7920254223354
dual,0,0.3,0.7,2018-10-26 00:00:00+00:00,10.101826824231551,9.259155812091883,13,3595.2376377349838
dual,0,0.35,0.65,2018-10-26 00:00:00+00:00,13.20319313197459,12.015881801607069,20,3693.8183974973185
single,0,0.05,0.95,2018-10-27 00:00:00+00:00,10.31578947368421,9.31,0,3350.4020579799226
single,0,0.1,0.9,2018-10-27 00:00:00+00:00,10.31578947368421,9.31,0,3350.4020579799226
single,0,0.15,0.85,2018-10-27 00:00:00+00:00,10.31578947368421,9.31,0,3350.4020579799226
single,0,0.2,0.8,2018-10-27 00:00:00+00:00,10.31578947368421,9.31,0,3350.4020579799226
single,0,0.25,0.75,2018-10-27 00:00:00+00:00,10.31578947368421,9.31,0,3350.4020579799226
single,0,0.3,0.7,2018-10-27 00:00:00+00:00,10.31578947368421,9.31,0,3350.4020579799226
single,0,0.35,0.65,2018-10-27 00:00:00+00:00,10.31578947368421,9.31,0,3350.4020579799226
dual,0,0.05,0.95,2018-10-27 00:00:00+00:00,9.947351561007325,8.851694738951293,1,3404.089932495979
dual,0,0.1,0.9,2018-10-27 00:00:00+00:00,9.921875496626454,8.72058436559563,4,3425.9092103306893
dual,0,0.15,0.85,2018-10-27 00:00:00+00:00,10.604299685606914,9.393164706790495,8,3460.4550595495643
dual,0,0.2,0.8,2018-10-27 00:00:00+00:00,10.246624411150805,9.214346227492822,9,3448.2387730908613
dual,0,0.25,0.75,2018-10-27 00:00:00+00:00,10.594951607437958,9.293974488852305,12,3753.3951809094015
dual,0,0.3,0.7,2018-10-27 00:00:00+00:00,10.80692279251192,9.424906026870161,11,3758.758709267626
dual,0,0.35,0.65,2018-10-27 00:00:00+00:00,14.96797390609859,11.856400666740075,17,4014.113191795578
single,0,0.05,0.95,2018-10-28 00:00:00+00:00,8.31578947368421,7.505,0,3404.5804339758392
single,0,0.1,0.9,2018-10-28 00:00:00+00:00,8.31578947368421,7.505,0,3404.5804339758392
single,0,0.15,0.85,2018-10-28 00:00:00+00:00,8.31578947368421,7.505,0,3404.5804339758392
single,0,0.2,0.8,2018-10-28 00:00:00+00:00,8.31578947368421,7.505,0,3404.5804339758392
single,0,0.25,0.75,2018-10-28 00:00:00+00:00,8.31578947368421,7.505,0,3404.5804339758392
single,0,0.3,0.7,2018-10-28 00:00:00+00:00,8.31578947368421,7.505,0,3404.5804339758392
single,0,0.35,0.65,2018-10-28 00:00:00+00:00,8.31578947368421,7.505,0,3404.5804339758392
dual,0,0.05,0.95,2018-10-28 00:00:00+00:00,11.591194409084132,10.458348889382336,3,3469.757948710017
dual,0,0.1,0.9,2018-10-28 00:00:00+00:00,11.424148774724625,10.338983417621158,5,3467.048212309306
dual,0,0.15,0.85,2018-10-28 00:00:00+00:00,11.198749648864222,10.162423052383868,5,3472.649069638201
dual,0,0.2,0.8,2018-10-28 00:00:00+00:00,11.0370350263526,10.043828389323155,6,3469.9358378315965
dual,0,0.25,0.75,2018-10-28 00:00:00+00:00,12.525449486383039,11.399218161460691,10,3570.9264817451312
dual,0,0.3,0.7,2018-10-28 00:00:00+00:00,14.022501049196638,12.750307196899964,11,3616.5246766141972
dual,0,0.35,0.65,2018-10-28 00:00:00+00:00,13.698666581477399,12.256897885291785,14,3744.1937363535076
single,0,0.05,0.95,2018-10-29 00:00:00+00:00,8.421052631578949,7.6,0,3673.687556498241
single,0,0.1,0.9,2018-10-29 00:00:00+00:00,8.421052631578949,7.6,0,3673.687556498241
single,0,0.15,0.85,2018-10-29 00:00:00+00:00,8.421052631578949,7.6,0,3673.687556498241
single,0,0.2,0.8,2018-10-29 00:00:00+00:00,8.421052631578949,7.6,0,3673.687556498241
single,0,0.25,0.75,2018-10-29 00:00:00+00:00,8.421052631578949,7.6,0,3673.687556498241
single,0,0.3,0.7,2018-10-29 00:00:00+00:00,8.421052631578949,7.6,0,3673.687556498241
single,0,0.35,0.65,2018-10-29 00:00:00+00:00,8.421052631578949,7.6,0,3673.687556498241
dual,0,0.05,0.95,2018-10-29 00:00:00+00:00,8.762397188759412,7.972468033895311,1,4051.9289096313337
dual,0,0.1,0.9,2018-10-29 00:00:00+00:00,8.56459031155263,7.799243804145768,4,4061.361482062197
dual,0,0.15,0.85,2018-10-29 00:00:00+00:00,8.20211547747279,7.458483295603043,5,4060.7070509236737
dual,0,0.2,0.8,2018-10-29 00:00:00+00:00,8.337412478565723,7.593315958680957,6,4277.3023792206695
dual,0,0.25,0.75,2018-10-29 00:00:00+00:00,10.191581113926132,9.259811285915639,11,4271.835472538924
dual,0,0.3,0.7,2018-10-29 00:00:00+00:00,10.741368991736831,9.78407335271288,13,4303.446097313164
dual,0,0.35,0.65,2018-10-29 00:00:00+00:00,15.257301695032357,12.9208938477489,18,4660.447163604652
single,0,0.05,0.95,2018-10-30 00:00:00+00:00,8.421052631578949,7.6,0,3841.8134454972833
single,0,0.1,0.9,2018-10-30 00:00:00+00:00,8.421052631578949,7.6,0,3841.8134454972833
single,0,0.15,0.85,2018-10-30 00:00:00+00:00,8.421052631578949,7.6,0,3841.8134454972833
single,0,0.2,0.8,2018-10-30 00:00:00+00:00,8.421052631578949,7.6,0,3841.8134454972833
single,0,0.25,0.75,2018-10-30 00:00:00+00:00,8.421052631578949,7.6,0,3841.8134454972833
single,0,0.3,0.7,2018-10-30 00:00:00+00:00,8.421052631578949,7.6,0,3841.8134454972833
single,0,0.35,0.65,2018-10-30 00:00:00+00:00,8.421052631578949,7.6,0,3841.8134454972833
dual,0,0.05,0.95,2018-10-30 00:00:00+00:00,9.89264514736459,8.928112245496543,0,4157.951730666488
dual,0,0.1,0.9,2018-10-30 00:00:00+00:00,9.573984260393505,8.538583987372691,2,4140.786192865569
dual,0,0.15,0.85,2018-10-30 00:00:00+00:00,9.490199447007237,8.39608089264014,6,4131.765445312065
dual,0,0.2,0.8,2018-10-30 00:00:00+00:00,9.424912860042786,8.286795936183053,6,4154.266345704642
dual,0,0.25,0.75,2018-10-30 00:00:00+00:00,10.640031322375108,9.531912285486285,11,4228.658812486751
dual,0,0.3,0.7,2018-10-30 00:00:00+00:00,11.052122929013473,9.91110400360475,11,4260.109792238389
dual,0,0.35,0.65,2018-10-30 00:00:00+00:00,13.701128621576375,12.512246972854227,15,4408.858862795126
single,0,0.05,0.95,2018-10-31 00:00:00+00:00,8.421052631578947,7.6,0,4522.248988131079
single,0,0.1,0.9,2018-10-31 00:00:00+00:00,8.421052631578947,7.6,0,4522.248988131079
single,0,0.15,0.85,2018-10-31 00:00:00+00:00,8.421052631578947,7.6,0,4522.248988131079
single,0,0.2,0.8,2018-10-31 00:00:00+00:00,8.421052631578947,7.6,0,4522.248988131079
single,0,0.25,0.75,2018-10-31 00:00:00+00:00,8.421052631578947,7.6,0,4522.248988131079
single,0,0.3,0.7,2018-10-31 00:00:00+00:00,8.421052631578947,7.6,0,4522.248988131079
single,0,0.35,0.65,2018-10-31 00:00:00+00:00,8.421052631578947,7.6,0,4522.248988131079
dual,0,0.05,0.95,2018-10-31 00:00:00+00:00,9.109449084785641,8.221277799019028,0,4645.495697029547
dual,0,0.1,0.9,2018-10-31 00:00:00+00:00,8.365051048621838,7.526240235928205,1,4647.3231618923055
dual,0,0.15,0.85,2018-10-31 00:00:00+00:00,7.803142769079837,6.996929558977592,1,4641.9346976210245
dual,0,0.2,0.8,2018-10-31 00:00:00+00:00,7.359337208730321,6.527937846301251,1,4646.471426419929
dual,0,0.25,0.75,2018-10-31 00:00:00+00:00,9.434217517982365,7.9741746177482105,6,4676.385964963812
dual,0,0.3,0.7,2018-10-31 00:00:00+00:00,8.87595205564143,7.561814784579856,8,4674.075225187161
dual,0,0.35,0.65,2018-10-31 00:00:00+00:00,12.442109747673232,9.566118938579034,15,4830.0001923146665
single,0,0.05,0.95,2018-11-01 00:00:00+00:00,8.421052631578947,7.6000000000000005,0,3972.992962061503
single,0,0.1,0.9,2018-11-01 00:00:00+00:00,8.421052631578947,7.6000000000000005,0,3972.992962061503
single,0,0.15,0.85,2018-11-01 00:00:00+00:00,8.421052631578947,7.6000000000000005,0,3972.992962061503
single,0,0.2,0.8,2018-11-01 00:00:00+00:00,8.421052631578947,7.6000000000000005,0,3972.992962061503
single,0,0.25,0.75,2018-11-01 00:00:00+00:00,8.421052631578947,7.6000000000000005,0,3972.992962061503
single,0,0.3,0.7,2018-11-01 00:00:00+00:00,8.421052631578947,7.6000000000000005,0,3972.992962061503
single,0,0.35,0.65,2018-11-01 00:00:00+00:00,8.421052631578947,7.6000000000000005,0,3972.992962061503
dual,0,0.05,0.95,2018-11-01 00:00:00+00:00,8.312970257241476,7.502455657160432,0,4139.559582789226
dual,0,0.1,0.9,2018-11-01 00:00:00+00:00,7.901344272337212,7.152731153144269,2,4134.790491594102
dual,0,0.15,0.85,2018-11-01 00:00:00+00:00,7.436601344806951,6.847534819120544,2,4113.994573357372
dual,0,0.2,0.8,2018-11-01 00:00:00+00:00,7.384456257969963,6.990989500334367,5,4189.367768333413
dual,0,0.25,0.75,2018-11-01 00:00:00+00:00,8.28623744920649,7.936853102676143,11,4302.498424750904
dual,0,0.3,0.7,2018-11-01 00:00:00+00:00,8.03141680795057,7.687845484407564,11,4358.721686744195
dual,0,0.35,0.65,2018-11-01 00:00:00+00:00,12.60747301690192,9.922086456938423,14,4514.201075295881
single,0,0.05,0.95,2018-11-02 00:00:00+00:00,8.421052631578949,7.6000000000000005,0,3531.5803633453093
single,0,0.1,0.9,2018-11-02 00:00:00+00:00,8.421052631578949,7.6000000000000005,0,3531.5803633453093
single,0,0.15,0.85,2018-11-02 00:00:00+00:00,8.421052631578949,7.6000000000000005,0,3531.5803633453093
single,0,0.2,0.8,2018-11-02 00:00:00+00:00,8.421052631578949,7.6000000000000005,0,3531.5803633453093
single,0,0.25,0.75,2018-11-02 00:00:00+00:00,8.421052631578949,7.6000000000000005,0,3531.5803633453093
single,0,0.3,0.7,2018-11-02 00:00:00+00:00,8.421052631578949,7.6000000000000005,0,3531.5803633453093
single,0,0.35,0.65,2018-11-02 00:00:00+00:00,8.421052631578949,7.6000000000000005,0,3531.5803633453093
dual,0,0.05,0.95,2018-11-02 00:00:00+00:00,8.477230612404423,7.835032072003229,2,4089.5749489729174
dual,0,0.1,0.9,2018-11-02 00:00:00+00:00,8.531551315446631,8.045697011194878,3,4063.0725570989457
dual,0,0.15,0.85,2018-11-02 00:00:00+00:00,8.869213684053674,8.496534460525334,7,4070.5524554546523
dual,0,0.2,0.8,2018-11-02 00:00:00+00:00,9.320908409786387,8.987367249915959,8,4075.560370682306
dual,0,0.25,0.75,2018-11-02 00:00:00+00:00,10.274406871214726,10.79542125992332,11,4245.131150034451
dual,0,0.3,0.7,2018-11-02 00:00:00+00:00,12.476956823295664,12.978828134045102,11,4244.892598432211
dual,0,0.35,0.65,2018-11-02 00:00:00+00:00,17.648052257477698,16.027367162373622,18,4600.989761152849
single,0,0.05,0.95,2018-11-03 00:00:00+00:00,10.315789473684212,9.31,0,3854.161159976119
single,0,0.1,0.9,2018-11-03 00:00:00+00:00,10.315789473684212,9.31,0,3854.161159976119
single,0,0.15,0.85,2018-11-03 00:00:00+00:00,10.315789473684212,9.31,0,3854.161159976119
single,0,0.2,0.8,2018-11-03 00:00:00+00:00,10.315789473684212,9.31,0,3854.161159976119
single,0,0.25,0.75,2018-11-03 00:00:00+00:00,10.315789473684212,9.31,0,3854.161159976119
single,0,0.3,0.7,2018-11-03 00:00:00+00:00,10.315789473684212,9.31,0,3854.161159976119
single,0,0.35,0.65,2018-11-03 00:00:00+00:00,10.315789473684212,9.31,0,3854.161159976119
dual,0,0.05,0.95,2018-11-03 00:00:00+00:00,9.299536664975616,8.369107824943988,1,3968.683071654965
dual,0,0.1,0.9,2018-11-03 00:00:00+00:00,8.822784062496762,7.952355875775343,4,3949.5469493249757
dual,0,0.15,0.85,2018-11-03 00:00:00+00:00,8.148510057989444,7.434787165933024,6,3928.365599966416
dual,0,0.2,0.8,2018-11-03 00:00:00+00:00,7.844852677273311,7.124582927044528,7,3934.820627575285
dual,0,0.25,0.75,2018-11-03 00:00:00+00:00,8.586526970839737,7.858689564099029,9,3956.2782491113467
dual,0,0.3,0.7,2018-11-03 00:00:00+00:00,8.887222492830137,8.196144580736684,11,3955.706404639741
dual,0,0.35,0.65,2018-11-03 00:00:00+00:00,13.871431477822497,12.707763658600806,14,4173.229256721512
single,0,0.05,0.95,2018-11-04 00:00:00+00:00,10.105263157894736,9.120000000000001,0,4067.2425690412874
single,0,0.1,0.9,2018-11-04 00:00:00+00:00,10.105263157894736,9.120000000000001,0,4067.2425690412874
single,0,0.15,0.85,2018-11-04 00:00:00+00:00,10.105263157894736,9.120000000000001,0,4067.2425690412874
single,0,0.2,0.8,2018-11-04 00:00:00+00:00,10.105263157894736,9.120000000000001,0,4067.2425690412874
single,0,0.25,0.75,2018-11-04 00:00:00+00:00,10.105263157894736,9.120000000000001,0,4067.2425690412874
single,0,0.3,0.7,2018-11-04 00:00:00+00:00,10.105263157894736,9.120000000000001,0,4067.2425690412874
single,0,0.35,0.65,2018-11-04 00:00:00+00:00,10.105263157894736,9.120000000000001,0,4067.2425690412874
dual,0,0.05,0.95,2018-11-04 00:00:00+00:00,11.537159897311234,10.413956914692164,4,4392.997319104678
dual,0,0.1,0.9,2018-11-04 00:00:00+00:00,11.798639779983251,10.616466059419544,5,4388.264239151516
dual,0,0.15,0.85,2018-11-04 00:00:00+00:00,11.797405325228286,10.585129347781734,8,4366.0553405007595
dual,0,0.2,0.8,2018-11-04 00:00:00+00:00,11.124662224633203,10.127986650240716,7,4325.066390054133
dual,0,0.25,0.75,2018-11-04 00:00:00+00:00,11.306614591056466,10.091965990185065,11,4337.229435435331
dual,0,0.3,0.7,2018-11-04 00:00:00+00:00,9.841956157775208,9.172725907125304,15,4702.533612395955
dual,0,0.35,0.65,2018-11-04 00:00:00+00:00,18.61351486802626,15.37995846943435,20,5162.6922356266405
single,0,0.05,0.95,2018-11-05 00:00:00+00:00,4.210526315789474,3.8,0,4443.456590463288
single,0,0.1,0.9,2018-11-05 00:00:00+00:00,4.210526315789474,3.8,0,4443.456590463288
single,0,0.15,0.85,2018-11-05 00:00:00+00:00,4.210526315789474,3.8,0,4443.456590463288
single,0,0.2,0.8,2018-11-05 00:00:00+00:00,4.210526315789474,3.8,0,4443.456590463288
single,0,0.25,0.75,2018-11-05 00:00:00+00:00,4.210526315789474,3.8,0,4443.456590463288
single,0,0.3,0.7,2018-11-05 00:00:00+00:00,4.210526315789474,3.8,0,4443.456590463288
single,0,0.35,0.65,2018-11-05 00:00:00+00:00,4.210526315789474,3.8,0,4443.456590463288
dual,0,0.05,0.95,2018-11-05 00:00:00+00:00,7.55604453959809,6.819330196987275,0,4512.08003918777
dual,0,0.1,0.9,2018-11-05 00:00:00+00:00,7.149209710671388,6.391087061567631,3,4526.421390482591
dual,0,0.15,0.85,2018-11-05 00:00:00+00:00,6.780920105458924,6.0055891728761726,4,4527.396147772135
dual,0,0.2,0.8,2018-11-05 00:00:00+00:00,6.870433716593263,6.0142979885805525,6,4533.748284537461
dual,0,0.25,0.75,2018-11-05 00:00:00+00:00,5.490384506260419,4.857538270512616,12,4514.283359392259
dual,0,0.3,0.7,2018-11-05 00:00:00+00:00,5.395636306256885,4.495376389035874,12,4531.864730946911
dual,0,0.35,0.65,2018-11-05 00:00:00+00:00,7.434045911444957,6.302106440637959,19,4645.728161033518
single,0,0.05,0.95,2018-11-06 00:00:00+00:00,8.421052631578949,7.6,0,4128.792140040215
single,0,0.1,0.9,2018-11-06 00:00:00+00:00,8.421052631578949,7.6,0,4128.792140040215
single,0,0.15,0.85,2018-11-06 00:00:00+00:00,8.421052631578949,7.6,0,4128.792140040215
single,0,0.2,0.8,2018-11-06 00:00:00+00:00,8.421052631578949,7.6,0,4128.792140040215
single,0,0.25,0.75,2018-11-06 00:00:00+00:00,8.421052631578949,7.6,0,4128.792140040215
single,0,0.3,0.7,2018-11-06 00:00:00+00:00,8.421052631578949,7.6,0,4128.792140040215
single,0,0.35,0.65,2018-11-06 00:00:00+00:00,8.421052631578949,7.6,0,4128.792140040215
dual,0,0.05,0.95,2018-11-06 00:00:00+00:00,8.73722711423308,7.885347470595355,0,4197.232053879059
dual,0,0.1,0.9,2018-11-06 00:00:00+00:00,8.248707519433719,7.416519213102058,1,4194.867035175261
dual,0,0.15,0.85,2018-11-06 00:00:00+00:00,7.4442005575092,6.652184601863544,1,4189.992237020741
dual,0,0.2,0.8,2018-11-06 00:00:00+00:00,7.14390668166463,6.378812824955283,2,4181.3093764061305
dual,0,0.25,0.75,2018-11-06 00:00:00+00:00,7.433967499693646,6.4393990016516005,4,4194.726122880339
dual,0,0.3,0.7,2018-11-06 00:00:00+00:00,7.217416406957483,6.27737119510834,4,4184.976141932039
dual,0,0.35,0.65,2018-11-06 00:00:00+00:00,10.014836926198647,7.64989218019703,14,4313.707461175575
single,0,0.05,0.95,2018-11-07 00:00:00+00:00,8.53185595567867,7.7,0,3905.403122760709
single,0,0.1,0.9,2018-11-07 00:00:00+00:00,8.53185595567867,7.7,0,3905.403122760709
single,0,0.15,0.85,2018-11-07 00:00:00+00:00,8.53185595567867,7.7,0,3905.403122760709
single,0,0.2,0.8,2018-11-07 00:00:00+00:00,8.53185595567867,7.7,0,3905.403122760709
single,0,0.25,0.75,2018-11-07 00:00:00+00:00,8.53185595567867,7.7,0,3905.403122760709
single,0,0.3,0.7,2018-11-07 00:00:00+00:00,8.53185595567867,7.7,0,3905.403122760709
single,0,0.35,0.65,2018-11-07 00:00:00+00:00,8.53185595567867,7.7,0,3905.403122760709
dual,0,0.05,0.95,2018-11-07 00:00:00+00:00,10.837199295053512,9.973812917777435,1,4393.526143623056
dual,0,0.1,0.9,2018-11-07 00:00:00+00:00,10.11977522180311,9.368430445470732,1,4388.415998313732
dual,0,0.15,0.85,2018-11-07 00:00:00+00:00,9.594591058818223,8.886130035170382,2,4389.419155884835
dual,0,0.2,0.8,2018-11-07 00:00:00+00:00,9.356491425194257,8.697727241032949,4,4382.146315570237
dual,0,0.25,0.75,2018-11-07 00:00:00+00:00,14.402620693830157,12.902852129426428,10,4643.274870168998
dual,0,0.3,0.7,2018-11-07 00:00:00+00:00,17.044349872092063,15.48344657941799,12,4665.288506894907
dual,0,0.35,0.65,2018-11-07 00:00:00+00:00,23.70139163414106,20.03076102238939,15,4825.533013010485
single,0,0.05,0.95,2018-11-08 00:00:00+00:00,10.210526315789474,9.215,0,4038.7091122177158
single,0,0.1,0.9,2018-11-08 00:00:00+00:00,10.210526315789474,9.215,0,4038.7091122177158
single,0,0.15,0.85,2018-11-08 00:00:00+00:00,10.210526315789474,9.215,0,4038.7091122177158
single,0,0.2,0.8,2018-11-08 00:00:00+00:00,10.210526315789474,9.215,0,4038.7091122177158
single,0,0.25,0.75,2018-11-08 00:00:00+00:00,10.210526315789474,9.215,0,4038.7091122177158
single,0,0.3,0.7,2018-11-08 00:00:00+00:00,10.210526315789474,9.215,0,4038.7091122177158
single,0,0.35,0.65,2018-11-08 00:00:00+00:00,10.210526315789474,9.215,0,4038.7091122177158
dual,0,0.05,0.95,2018-11-08 00:00:00+00:00,11.480971569442215,10.361576841421599,2,4110.625182640282
dual,0,0.1,0.9,2018-11-08 00:00:00+00:00,11.31378834837826,10.1338520030004,2,4110.66231049115
dual,0,0.15,0.85,2018-11-08 00:00:00+00:00,11.631215250920768,10.39879379329914,4,4112.688572140977
dual,0,0.2,0.8,2018-11-08 00:00:00+00:00,11.575244651559283,10.244207770350163,4,4127.922371650174
dual,0,0.25,0.75,2018-11-08 00:00:00+00:00,12.034463599606651,10.677867798923007,5,4143.054180738219
dual,0,0.3,0.7,2018-11-08 00:00:00+00:00,11.686983544637322,10.446641573726797,4,4146.784336729453
dual,0,0.35,0.65,2018-11-08 00:00:00+00:00,15.587919291296485,13.649738700688975,3,4168.148359516999
single,0,0.05,0.95,2018-11-09 00:00:00+00:00,10.31578947368421,9.31,0,4341.246053038533
single,0,0.1,0.9,2018-11-09 00:00:00+00:00,10.31578947368421,9.31,0,4341.246053038533
single,0,0.15,0.85,2018-11-09 00:00:00+00:00,10.31578947368421,9.31,0,4341.246053038533
single,0,0.2,0.8,2018-11-09 00:00:00+00:00,10.31578947368421,9.31,0,4341.246053038533
single,0,0.25,0.75,2018-11-09 00:00:00+00:00,10.31578947368421,9.31,0,4341.246053038533
single,0,0.3,0.7,2018-11-09 00:00:00+00:00,10.31578947368421,9.31,0,4341.246053038533
single,0,0.35,0.65,2018-11-09 00:00:00+00:00,10.31578947368421,9.31,0,4341.246053038533
dual,0,0.05,0.95,2018-11-09 00:00:00+00:00,10.691041452323038,9.551512205282014,2,4467.395972794068
dual,0,0.1,0.9,2018-11-09 00:00:00+00:00,10.128701506392442,8.895040627548571,6,4468.156546768741
dual,0,0.15,0.85,2018-11-09 00:00:00+00:00,10.16564665689448,8.819826743359013,8,4456.256900064342
dual,0,0.2,0.8,2018-11-09 00:00:00+00:00,9.687845097734536,8.19819244815091,8,4470.603270897374
dual,0,0.25,0.75,2018-11-09 00:00:00+00:00,9.03552174182431,7.572883228694866,12,4468.905155204798
dual,0,0.3,0.7,2018-11-09 00:00:00+00:00,9.057773672108912,7.617142345814067,12,4464.003181029305
dual,0,0.35,0.65,2018-11-09 00:00:00+00:00,11.347549734348387,10.270045402938468,19,4604.205354115679
single,0,0.05,0.95,2018-11-10 00:00:00+00:00,10.315789473684212,9.309999999999999,0,4395.9994196708
single,0,0.1,0.9,2018-11-10 00:00:00+00:00,10.315789473684212,9.309999999999999,0,4395.9994196708
single,0,0.15,0.85,2018-11-10 00:00:00+00:00,10.315789473684212,9.309999999999999,0,4395.9994196708
single,0,0.2,0.8,2018-11-10 00:00:00+00:00,10.315789473684212,9.309999999999999,0,4395.9994196708
single,0,0.25,0.75,2018-11-10 00:00:00+00:00,10.315789473684212,9.309999999999999,0,4395.9994196708
single,0,0.3,0.7,2018-11-10 00:00:00+00:00,10.315789473684212,9.309999999999999,0,4395.9994196708
single,0,0.35,0.65,2018-11-10 00:00:00+00:00,10.315789473684212,9.309999999999999,0,4395.9994196708
dual,0,0.05,0.95,2018-11-10 00:00:00+00:00,10.492703082380972,9.469664531848828,2,4533.706745098717
dual,0,0.1,0.9,2018-11-10 00:00:00+00:00,10.180315737365945,9.192112258796994,3,4515.193005420438
dual,0,0.15,0.85,2018-11-10 00:00:00+00:00,10.104343750703805,9.191457317682302,3,4510.198644233772
dual,0,0.2,0.8,2018-11-10 00:00:00+00:00,10.487750743238273,9.527184426489818,2,4536.983645263359
dual,0,0.25,0.75,2018-11-10 00:00:00+00:00,10.275672620900409,9.400668112524153,7,4556.0762200339195
dual,0,0.3,0.7,2018-11-10 00:00:00+00:00,10.899905841847884,9.787108346143246,8,4533.162194646372
dual,0,0.35,0.65,2018-11-10 00:00:00+00:00,17.173593828156122,15.472930166705893,16,4940.203721362486
single,0,0.05,0.95,2018-11-11 00:00:00+00:00,8.31578947368421,7.505,0,3852.62255973834
single,0,0.1,0.9,2018-11-11 00:00:00+00:00,8.31578947368421,7.505,0,3852.62255973834
single,0,0.15,0.85,2018-11-11 00:00:00+00:00,8.31578947368421,7.505,0,3852.62255973834
single,0,0.2,0.8,2018-11-11 00:00:00+00:00,8.31578947368421,7.505,0,3852.62255973834
single,0,0.25,0.75,2018-11-11 00:00:00+00:00,8.31578947368421,7.505,0,3852.62255973834
single,0,0.3,0.7,2018-11-11 00:00:00+00:00,8.31578947368421,7.505,0,3852.62255973834
single,0,0.35,0.65,2018-11-11 00:00:00+00:00,8.31578947368421,7.505,0,3852.62255973834
dual,0,0.05,0.95,2018-11-11 00:00:00+00:00,10.18134634163752,9.297409805127888,4,4225.50189086415
dual,0,0.1,0.9,2018-11-11 00:00:00+00:00,8.846148625690182,8.08607094077456,6,4254.439821478487
dual,0,0.15,0.85,2018-11-11 00:00:00+00:00,8.139013101411484,7.397112020469321,7,4270.765253976208
dual,0,0.2,0.8,2018-11-11 00:00:00+00:00,8.255257792182814,7.476192679442622,7,4284.357543164019
dual,0,0.25,0.75,2018-11-11 00:00:00+00:00,8.572593811641935,7.756721512976677,15,4278.274380091786
dual,0,0.3,0.7,2018-11-11 00:00:00+00:00,8.567031761466492,7.937697495182155,17,4424.914010549725
dual,0,0.35,0.65,2018-11-11 00:00:00+00:00,15.223048850407684,13.7496171070648,17,4534.963514935087
single,0,0.05,0.95,2018-11-12 00:00:00+00:00,8.105263157894736,7.3149999999999995,0,4154.731497948388
single,0,0.1,0.9,2018-11-12 00:00:00+00:00,8.105263157894736,7.3149999999999995,0,4154.731497948388
single,0,0.15,0.85,2018-11-12 00:00:00+00:00,8.105263157894736,7.3149999999999995,0,4154.731497948388
single,0,0.2,0.8,2018-11-12 00:00:00+00:00,8.105263157894736,7.3149999999999995,0,4154.731497948388
single,0,0.25,0.75,2018-11-12 00:00:00+00:00,8.105263157894736,7.3149999999999995,0,4154.731497948388
single,0,0.3,0.7,2018-11-12 00:00:00+00:00,8.105263157894736,7.3149999999999995,0,4154.731497948388
single,0,0.35,0.65,2018-11-12 00:00:00+00:00,8.105263157894736,7.3149999999999995,0,4154.731497948388
dual,0,0.05,0.95,2018-11-12 00:00:00+00:00,10.156441455033507,9.166188413167742,2,4334.5261849828
dual,0,0.1,0.9,2018-11-12 00:00:00+00:00,9.513557236516112,8.549295571792275,3,4311.108101746177
dual,0,0.15,0.85,2018-11-12 00:00:00+00:00,8.903709497179275,8.24332544594738,8,4312.055497419808
dual,0,0.2,0.8,2018-11-12 00:00:00+00:00,8.86349648178342,8.276256228994344,6,4307.087069104985
dual,0,0.25,0.75,2018-11-12 00:00:00+00:00,9.16949060789138,9.322653768295186,8,4498.8231620917795
dual,0,0.3,0.7,2018-11-12 00:00:00+00:00,9.417428105220448,9.689950275043014,7,4486.556711962228
dual,0,0.35,0.65,2018-11-12 00:00:00+00:00,15.722492357598394,12.731088805342988,14,4613.69259228688
single,0,0.05,0.95,2018-11-13 00:00:00+00:00,8.31578947368421,7.505,0,3934.367121982321
single,0,0.1,0.9,2018-11-13 00:00:00+00:00,8.31578947368421,7.505000000000001,0,3934.367121982321
single,0,0.15,0.85,2018-11-13 00:00:00+00:00,8.31578947368421,7.505,0,3934.367121982321
single,0,0.2,0.8,2018-11-13 00:00:00+00:00,8.31578947368421,7.505,0,3934.367121982321
single,0,0.25,0.75,2018-11-13 00:00:00+00:00,8.31578947368421,7.505,0,3934.367121982321
single,0,0.3,0.7,2018-11-13 00:00:00+00:00,8.31578947368421,7.505000000000001,0,3934.367121982321
single,0,0.35,0.65,2018-11-13 00:00:00+00:00,8.31578947368421,7.505000000000001,0,3934.367121982321
dual,0,0.05,0.95,2018-11-13 00:00:00+00:00,9.752422903320783,8.90181225816979,1,4347.275500216197
dual,0,0.1,0.9,2018-11-13 00:00:00+00:00,9.611893492788331,8.81280652848476,1,4338.431607662456
dual,0,0.15,0.85,2018-11-13 00:00:00+00:00,9.89392699590527,9.185641768120636,3,4331.313834518412
dual,0,0.2,0.8,2018-11-13 00:00:00+00:00,9.48677996024392,8.992339261120739,3,4303.937451481371
dual,0,0.25,0.75,2018-11-13 00:00:00+00:00,11.311967407256278,10.634137296435508,6,4500.628715770281
dual,0,0.3,0.7,2018-11-13 00:00:00+00:00,11.758871066898935,11.130033323829677,8,4508.296723857526
dual,0,0.35,0.65,2018-11-13 00:00:00+00:00,21.77974344834662,18.07363518995282,10,4720.068100378079
single,0,0.05,0.95,2018-11-14 00:00:00+00:00,8.53185595567867,7.7,0,3994.6315680152657
single,0,0.1,0.9,2018-11-14 00:00:00+00:00,8.53185595567867,7.7,0,3994.6315680152657
single,0,0.15,0.85,2018-11-14 00:00:00+00:00,8.53185595567867,7.7,0,3994.6315680152657
single,0,0.2,0.8,2018-11-14 00:00:00+00:00,8.53185595567867,7.7,0,3994.6315680152657
single,0,0.25,0.75,2018-11-14 00:00:00+00:00,8.53185595567867,7.7,0,3994.6315680152657
single,0,0.3,0.7,2018-11-14 00:00:00+00:00,8.53185595567867,7.7,0,3994.6315680152657
single,0,0.35,0.65,2018-11-14 00:00:00+00:00,8.53185595567867,7.7,0,3994.6315680152657
dual,0,0.05,0.95,2018-11-14 00:00:00+00:00,10.52038635096578,9.63396319264561,1,4380.160526609162
dual,0,0.1,0.9,2018-11-14 00:00:00+00:00,10.280453805246763,9.49629695268983,1,4375.302274989716
dual,0,0.15,0.85,2018-11-14 00:00:00+00:00,10.079027386953223,9.259768302494132,1,4369.867497732906
dual,0,0.2,0.8,2018-11-14 00:00:00+00:00,9.86682107743028,9.15324780324598,2,4367.290498514708
dual,0,0.25,0.75,2018-11-14 00:00:00+00:00,12.912776242508578,11.586758883031397,7,4495.52555589974
dual,0,0.3,0.7,2018-11-14 00:00:00+00:00,11.958494526045993,10.940882971709321,9,4526.581151283228
dual,0,0.35,0.65,2018-11-14 00:00:00+00:00,17.17981267024303,15.049913295373102,11,4682.069998776621
single,0,0.05,0.95,2018-11-15 00:00:00+00:00,8.105263157894736,7.3149999999999995,0,4657.707420692559
single,0,0.1,0.9,2018-11-15 00:00:00+00:00,8.105263157894736,7.3149999999999995,0,4657.707420692559
single,0,0.15,0.85,2018-11-15 00:00:00+00:00,8.105263157894736,7.3149999999999995,0,4657.707420692559
single,0,0.2,0.8,2018-11-15 00:00:00+00:00,8.105263157894736,7.3149999999999995,0,4657.707420692559
single,0,0.25,0.75,2018-11-15 00:00:00+00:00,8.105263157894736,7.3149999999999995,0,4657.707420692559
single,0,0.3,0.7,2018-11-15 00:00:00+00:00,8.105263157894736,7.3149999999999995,0,4657.707420692559
single,0,0.35,0.65,2018-11-15 00:00:00+00:00,8.105263157894736,7.3149999999999995,0,4657.707420692559
dual,0,0.05,0.95,2018-11-15 00:00:00+00:00,9.421580460957927,8.502976366014527,0,4776.580413229847
dual,0,0.1,0.9,2018-11-15 00:00:00+00:00,8.638535333727127,7.7962781386887325,0,4763.167607021285
dual,0,0.15,0.85,2018-11-15 00:00:00+00:00,8.188387600115187,7.446069525689442,3,4759.032831803775
dual,0,0.2,0.8,2018-11-15 00:00:00+00:00,8.279139343914078,7.207029818856798,7,4778.308938486798
dual,0,0.25,0.75,2018-11-15 00:00:00+00:00,8.54419811578283,7.349784723470476,10,4782.869540126682
dual,0,0.3,0.7,2018-11-15 00:00:00+00:00,8.659425810646852,7.1987223407427265,11,4799.059504851588
dual,0,0.35,0.65,2018-11-15 00:00:00+00:00,7.652800087051091,5.7,19,5115.102627560063
single,0,0.05,0.95,2018-11-16 00:00:00+00:00,10.31578947368421,9.31,0,4785.880494736335
single,0,0.1,0.9,2018-11-16 00:00:00+00:00,10.31578947368421,9.31,0,4785.880494736335
single,0,0.15,0.85,2018-11-16 00:00:00+00:00,10.31578947368421,9.31,0,4785.880494736335
single,0,0.2,0.8,2018-11-16 00:00:00+00:00,10.31578947368421,9.31,0,4785.880494736335
single,0,0.25,0.75,2018-11-16 00:00:00+00:00,10.31578947368421,9.31,0,4785.880494736335
single,0,0.3,0.7,2018-11-16 00:00:00+00:00,10.31578947368421,9.31,0,4785.880494736335
single,0,0.35,0.65,2018-11-16 00:00:00+00:00,10.31578947368421,9.31,0,4785.880494736335
dual,0,0.05,0.95,2018-11-16 00:00:00+00:00,10.920902156238776,9.856114196005496,0,4843.062869168035
dual,0,0.1,0.9,2018-11-16 00:00:00+00:00,10.830442207483845,9.77447409225417,0,4818.821464984558
dual,0,0.15,0.85,2018-11-16 00:00:00+00:00,10.635354723106808,9.600376997576294,2,4800.548389431937
dual,0,0.2,0.8,2018-11-16 00:00:00+00:00,10.422267419872732,9.406096346435138,7,4793.372625373634
dual,0,0.25,0.75,2018-11-16 00:00:00+00:00,10.088951802805939,9.203059813149789,7,4776.6097562664045
dual,0,0.3,0.7,2018-11-16 00:00:00+00:00,9.762177473073034,8.827539599043302,6,4781.914346179491
dual,0,0.35,0.65,2018-11-16 00:00:00+00:00,11.46987747060281,9.646453897622585,17,5077.230826030017
single,0,0.05,0.95,2018-11-17 00:00:00+00:00,10.526315789473685,9.5,0,4266.817856739411
single,0,0.1,0.9,2018-11-17 00:00:00+00:00,10.526315789473685,9.5,0,4266.817856739411
single,0,0.15,0.85,2018-11-17 00:00:00+00:00,10.526315789473685,9.5,0,4266.817856739411
single,0,0.2,0.8,2018-11-17 00:00:00+00:00,10.526315789473685,9.5,0,4266.817856739411
single,0,0.25,0.75,2018-11-17 00:00:00+00:00,10.526315789473685,9.5,0,4266.817856739411
single,0,0.3,0.7,2018-11-17 00:00:00+00:00,10.526315789473685,9.5,0,4266.817856739411
single,0,0.35,0.65,2018-11-17 00:00:00+00:00,10.526315789473685,9.5,0,4266.817856739411
dual,0,0.05,0.95,2018-11-17 00:00:00+00:00,11.282084725905968,10.182081465130135,0,4414.550875768115
dual,0,0.1,0.9,2018-11-17 00:00:00+00:00,11.341552248279797,10.24633729665398,1,4383.0329596623515
dual,0,0.15,0.85,2018-11-17 00:00:00+00:00,11.412104940423195,10.317817126296747,5,4382.349701580118
dual,0,0.2,0.8,2018-11-17 00:00:00+00:00,11.02330644399012,10.108366199699239,5,4400.359579920734
dual,0,0.25,0.75,2018-11-17 00:00:00+00:00,10.729870955549686,9.98346792535356,6,4380.705806665526
dual,0,0.3,0.7,2018-11-17 00:00:00+00:00,11.094783789299113,10.42308678056319,6,4363.984677326626
dual,0,0.35,0.65,2018-11-17 00:00:00+00:00,14.954305345565825,13.733157205384565,11,4648.190347155067
single,0,0.05,0.95,2018-11-18 00:00:00+00:00,10.43213296398892,9.415000000000001,0,4211.571270079144
single,0,0.1,0.9,2018-11-18 00:00:00+00:00,10.43213296398892,9.415000000000001,0,4211.571270079144
single,0,0.15,0.85,2018-11-18 00:00:00+00:00,10.43213296398892,9.415000000000001,0,4211.571270079144
single,0,0.2,0.8,2018-11-18 00:00:00+00:00,10.43213296398892,9.415000000000001,0,4211.571270079144
single,0,0.25,0.75,2018-11-18 00:00:00+00:00,10.43213296398892,9.415000000000001,0,4211.571270079144
single,0,0.3,0.7,2018-11-18 00:00:00+00:00,10.43213296398892,9.415000000000001,0,4211.571270079144
single,0,0.35,0.65,2018-11-18 00:00:00+00:00,10.43213296398892,9.415000000000001,0,4211.571270079144
dual,0,0.05,0.95,2018-11-18 00:00:00+00:00,11.6157455769835,10.48321038322761,0,4521.085614175656
dual,0,0.1,0.9,2018-11-18 00:00:00+00:00,11.215511023268016,10.121998698499386,0,4509.270598449388
dual,0,0.15,0.85,2018-11-18 00:00:00+00:00,12.021525025426305,10.838855464730148,2,4516.916182739326
dual,0,0.2,0.8,2018-11-18 00:00:00+00:00,11.77337844845506,10.594469473047647,2,4507.189697555534
dual,0,0.25,0.75,2018-11-18 00:00:00+00:00,12.253663434267926,11.289073693840749,7,4570.355933919729
dual,0,0.3,0.7,2018-11-18 00:00:00+00:00,13.254082489862782,12.353681686375989,8,4616.847199618313
dual,0,0.35,0.65,2018-11-18 00:00:00+00:00,19.211243794797575,16.84904008892584,16,4990.139505594985
single,0,0.05,0.95,2018-11-19 00:00:00+00:00,8.421052631578949,7.6,0,4861.454775504512
single,0,0.1,0.9,2018-11-19 00:00:00+00:00,8.421052631578949,7.6,0,4861.454775504512
single,0,0.15,0.85,2018-11-19 00:00:00+00:00,8.421052631578949,7.6,0,4861.454775504512
single,0,0.2,0.8,2018-11-19 00:00:00+00:00,8.421052631578949,7.6,0,4861.454775504512
single,0,0.25,0.75,2018-11-19 00:00:00+00:00,8.421052631578949,7.6,0,4861.454775504512
single,0,0.3,0.7,2018-11-19 00:00:00+00:00,8.421052631578949,7.6,0,4861.454775504512
single,0,0.35,0.65,2018-11-19 00:00:00+00:00,8.421052631578949,7.6,0,4861.454775504512
dual,0,0.05,0.95,2018-11-19 00:00:00+00:00,8.918889472056273,8.049772515727845,3,5072.509273121758
dual,0,0.1,0.9,2018-11-19 00:00:00+00:00,8.532844479639845,7.571276731236917,6,5080.800819017484
dual,0,0.15,0.85,2018-11-19 00:00:00+00:00,8.295219632026292,7.454187166403064,6,5094.291479724457
dual,0,0.2,0.8,2018-11-19 00:00:00+00:00,8.05673796846011,7.158005481260982,9,5095.478395036339
dual,0,0.25,0.75,2018-11-19 00:00:00+00:00,7.9064343447379954,6.842275533495586,10,5097.818454970278
dual,0,0.3,0.7,2018-11-19 00:00:00+00:00,7.9965792412451435,6.632586194374304,10,5146.598559377521
dual,0,0.35,0.65,2018-11-19 00:00:00+00:00,8.033149175869209,5.91683826763609,12,5222.0003464845495
single,0,0.05,0.95,2018-11-20 00:00:00+00:00,6.315789473684211,5.7,0,4279.7099792536255
single,0,0.1,0.9,2018-11-20 00:00:00+00:00,6.315789473684211,5.7,0,4279.7099792536255
single,0,0.15,0.85,2018-11-20 00:00:00+00:00,6.315789473684211,5.7,0,4279.7099792536255
single,0,0.2,0.8,2018-11-20 00:00:00+00:00,6.315789473684211,5.7,0,4279.7099792536255
single,0,0.25,0.75,2018-11-20 00:00:00+00:00,6.315789473684211,5.7,0,4279.7099792536255
single,0,0.3,0.7,2018-11-20 00:00:00+00:00,6.315789473684211,5.7,0,4279.7099792536255
single,0,0.35,0.65,2018-11-20 00:00:00+00:00,6.315789473684211,5.7,0,4279.7099792536255
dual,0,0.05,0.95,2018-11-20 00:00:00+00:00,11.11507135258572,10.14714064179219,2,4754.184214517658
dual,0,0.1,0.9,2018-11-20 00:00:00+00:00,10.604094092831968,9.829888585307582,3,4719.109791832108
dual,0,0.15,0.85,2018-11-20 00:00:00+00:00,10.34913940362457,9.684495805740458,4,4740.900874510071
dual,0,0.2,0.8,2018-11-20 00:00:00+00:00,10.105397144832484,9.490328206120383,4,4694.517152330002
dual,0,0.25,0.75,2018-11-20 00:00:00+00:00,11.530789397760412,10.77737454039427,8,4881.022562884771
dual,0,0.3,0.7,2018-11-20 00:00:00+00:00,12.050383928962882,11.168989696445287,10,4954.9939845254285
dual,0,0.35,0.65,2018-11-20 00:00:00+00:00,15.21757460172967,14.144933023449273,15,4998.215638398508
single,0,0.05,0.95,2018-11-21 00:00:00+00:00,6.105263157894737,5.51,0,4967.757690814893
single,0,0.1,0.9,2018-11-21 00:00:00+00:00,6.105263157894737,5.51,0,4967.757690814893
single,0,0.15,0.85,2018-11-21 00:00:00+00:00,6.105263157894737,5.51,0,4967.757690814893
single,0,0.2,0.8,2018-11-21 00:00:00+00:00,6.105263157894737,5.51,0,4967.757690814893
single,0,0.25,0.75,2018-11-21 00:00:00+00:00,6.105263157894737,5.51,0,4967.757690814893
single,0,0.3,0.7,2018-11-21 00:00:00+00:00,6.105263157894737,5.51,0,4967.757690814893
single,0,0.35,0.65,2018-11-21 00:00:00+00:00,6.105263157894737,5.51,0,4967.757690814893
dual,0,0.05,0.95,2018-11-21 00:00:00+00:00,9.812801140515344,8.856053029315097,0,5078.17292405836
dual,0,0.1,0.9,2018-11-21 00:00:00+00:00,9.738791103819864,8.789258971197427,0,5079.197715846488
dual,0,0.15,0.85,2018-11-21 00:00:00+00:00,9.428156944470741,8.52239934549402,2,5061.219172983435
dual,0,0.2,0.8,2018-11-21 00:00:00+00:00,8.83646550236568,7.974634264396913,4,5057.094776113504
dual,0,0.25,0.75,2018-11-21 00:00:00+00:00,7.600161937846282,6.956414895350612,6,5132.535782928607
dual,0,0.3,0.7,2018-11-21 00:00:00+00:00,7.307923423958076,6.765125956519627,7,5135.361212225182
dual,0,0.35,0.65,2018-11-21 00:00:00+00:00,13.748505823017815,12.408026505273579,15,5382.772105343921
single,0,0.05,0.95,2018-11-22 00:00:00+00:00,4.210526315789474,3.8,0,5939.0368988951805
single,0,0.1,0.9,2018-11-22 00:00:00+00:00,4.210526315789474,3.8,0,5939.0368988951805
single,0,0.15,0.85,2018-11-22 00:00:00+00:00,4.210526315789474,3.8,0,5939.0368988951805
single,0,0.2,0.8,2018-11-22 00:00:00+00:00,4.210526315789474,3.8,0,5939.0368988951805
single,0,0.25,0.75,2018-11-22 00:00:00+00:00,4.210526315789474,3.8,0,5939.0368988951805
single,0,0.3,0.7,2018-11-22 00:00:00+00:00,4.210526315789474,3.8,0,5939.0368988951805
single,0,0.35,0.65,2018-11-22 00:00:00+00:00,4.210526315789474,3.8,0,5939.0368988951805
dual,0,0.05,0.95,2018-11-22 00:00:00+00:00,9.180302011073103,8.285222564993475,0,6065.290273907364
dual,0,0.1,0.9,2018-11-22 00:00:00+00:00,8.427909606985729,7.606188420304619,0,6066.937410835753
dual,0,0.15,0.85,2018-11-22 00:00:00+00:00,7.841129311992037,7.076619204072815,0,6069.173271578112
dual,0,0.2,0.8,2018-11-22 00:00:00+00:00,7.621065469639418,7.032716464842375,5,6175.442226442291
dual,0,0.25,0.75,2018-11-22 00:00:00+00:00,7.6265253901837475,6.847593247727513,9,6216.187106387464
dual,0,0.3,0.7,2018-11-22 00:00:00+00:00,7.180577774382961,6.573571672493346,8,6283.409696929883
dual,0,0.35,0.65,2018-11-22 00:00:00+00:00,9.96634994185019,9.089630822519798,12,6443.064048357347
single,0,0.05,0.95,2018-11-23 00:00:00+00:00,4.210526315789474,3.8,0,5588.698907519225
single,0,0.1,0.9,2018-11-23 00:00:00+00:00,4.210526315789474,3.8,0,5588.698907519225
single,0,0.15,0.85,2018-11-23 00:00:00+00:00,4.210526315789474,3.8,0,5588.698907519225
single,0,0.2,0.8,2018-11-23 00:00:00+00:00,4.210526315789474,3.8,0,5588.698907519225
single,0,0.25,0.75,2018-11-23 00:00:00+00:00,4.210526315789474,3.8,0,5588.698907519225
single,0,0.3,0.7,2018-11-23 00:00:00+00:00,4.210526315789474,3.8,0,5588.698907519225
single,0,0.35,0.65,2018-11-23 00:00:00+00:00,4.210526315789474,3.8,0,5588.698907519225
dual,0,0.05,0.95,2018-11-23 00:00:00+00:00,8.410942479130517,7.59087558741529,0,5696.797092155194
dual,0,0.1,0.9,2018-11-23 00:00:00+00:00,7.758055400840728,7.001644999258756,0,5712.12124072821
dual,0,0.15,0.85,2018-11-23 00:00:00+00:00,6.964990301633303,6.176731109761439,3,5706.825080395115
dual,0,0.2,0.8,2018-11-23 00:00:00+00:00,6.498752251325732,5.724608773679002,3,5711.561170987166
dual,0,0.25,0.75,2018-11-23 00:00:00+00:00,5.670773131719445,4.866281738455711,4,5707.0786238954115
dual,0,0.3,0.7,2018-11-23 00:00:00+00:00,5.409137254297882,4.643160142190306,5,5715.703883308051
dual,0,0.35,0.65,2018-11-23 00:00:00+00:00,7.031870446931032,7.093221753782915,10,5881.125967695021
single,0,0.05,0.95,2018-11-24 00:00:00+00:00,8.31578947368421,7.504999999999999,0,5136.864427078582
single,0,0.1,0.9,2018-11-24 00:00:00+00:00,8.31578947368421,7.504999999999999,0,5136.864427078582
single,0,0.15,0.85,2018-11-24 00:00:00+00:00,8.31578947368421,7.504999999999999,0,5136.864427078582
single,0,0.2,0.8,2018-11-24 00:00:00+00:00,8.31578947368421,7.504999999999999,0,5136.864427078582
single,0,0.25,0.75,2018-11-24 00:00:00+00:00,8.31578947368421,7.504999999999999,0,5136.864427078582
single,0,0.3,0.7,2018-11-24 00:00:00+00:00,8.31578947368421,7.504999999999999,0,5136.864427078582
single,0,0.35,0.65,2018-11-24 00:00:00+00:00,8.31578947368421,7.504999999999999,0,5136.864427078582
dual,0,0.05,0.95,2018-11-24 00:00:00+00:00,8.817539791014694,7.95782966139076,0,5201.019324911732
dual,0,0.1,0.9,2018-11-24 00:00:00+00:00,8.464543113954916,7.639250160344311,2,5194.931145406333
dual,0,0.15,0.85,2018-11-24 00:00:00+00:00,8.289092922795465,7.320846612742797,2,5203.625184555182
dual,0,0.2,0.8,2018-11-24 00:00:00+00:00,8.455989047112215,7.445587636242796,3,5200.802425066366
dual,0,0.25,0.75,2018-11-24 00:00:00+00:00,8.73455483207826,7.4963568202354125,5,5204.118622749981
dual,0,0.3,0.7,2018-11-24 00:00:00+00:00,9.08765686101435,7.809345282151433,5,5208.810690794244
dual,0,0.35,0.65,2018-11-24 00:00:00+00:00,10.324896891189637,9.811173743424401,11,5221.594550216854
single,0,0.05,0.95,2018-11-25 00:00:00+00:00,8.53185595567867,7.7,0,4942.5822483777265
single,0,0.1,0.9,2018-11-25 00:00:00+00:00,8.53185595567867,7.7,0,4942.5822483777265
single,0,0.15,0.85,2018-11-25 00:00:00+00:00,8.53185595567867,7.7,0,4942.5822483777265
single,0,0.2,0.8,2018-11-25 00:00:00+00:00,8.53185595567867,7.7,0,4942.5822483777265
single,0,0.25,0.75,2018-11-25 00:00:00+00:00,8.53185595567867,7.7,0,4942.5822483777265
single,0,0.3,0.7,2018-11-25 00:00:00+00:00,8.53185595567867,7.7,0,4942.5822483777265
single,0,0.35,0.65,2018-11-25 00:00:00+00:00,8.53185595567867,7.7,0,4942.5822483777265
dual,0,0.05,0.95,2018-11-25 00:00:00+00:00,11.21605957746262,10.094536090818828,1,4995.350567504993
dual,0,0.1,0.9,2018-11-25 00:00:00+00:00,10.130780473571098,9.030622489739313,4,5002.524390987447
dual,0,0.15,0.85,2018-11-25 00:00:00+00:00,9.322536188674775,8.171922432260777,6,5003.440790361099
dual,0,0.2,0.8,2018-11-25 00:00:00+00:00,8.558340558228998,7.469462086583674,8,5010.547801765077
dual,0,0.25,0.75,2018-11-25 00:00:00+00:00,7.997489781308464,7.0373213654693325,14,5004.941201189464
dual,0,0.3,0.7,2018-11-25 00:00:00+00:00,7.989299145693695,6.8667222548364535,14,5022.236179259239
dual,0,0.35,0.65,2018-11-25 00:00:00+00:00,8.448357845220807,7.196245152950286,19,5050.460254892783
single,0,0.05,0.95,2018-11-26 00:00:00+00:00,4.210526315789474,3.8,0,5881.951442545056
single,0,0.1,0.9,2018-11-26 00:00:00+00:00,4.210526315789474,3.8,0,5881.951442545056
single,0,0.15,0.85,2018-11-26 00:00:00+00:00,4.210526315789474,3.8,0,5881.951442545056
single,0,0.2,0.8,2018-11-26 00:00:00+00:00,4.210526315789474,3.8,0,5881.951442545056
single,0,0.25,0.75,2018-11-26 00:00:00+00:00,4.210526315789474,3.8,0,5881.951442545056
single,0,0.3,0.7,2018-11-26 00:00:00+00:00,4.210526315789474,3.8,0,5881.951442545056
single,0,0.35,0.65,2018-11-26 00:00:00+00:00,4.210526315789474,3.8,0,5881.951442545056
dual,0,0.05,0.95,2018-11-26 00:00:00+00:00,6.989861880715409,6.308350347345659,3,6637.731227831738
dual,0,0.1,0.9,2018-11-26 00:00:00+00:00,7.214887914561222,6.569520757157617,4,6594.552173883523
dual,0,0.15,0.85,2018-11-26 00:00:00+00:00,5.861397098573875,5.338140126246525,12,6642.12967468736
dual,0,0.2,0.8,2018-11-26 00:00:00+00:00,6.7042648746472535,6.000694796656644,14,6982.683301576869
dual,0,0.25,0.75,2018-11-26 00:00:00+00:00,7.278873494343216,6.6305210557346905,14,6973.434124639453
dual,0,0.3,0.7,2018-11-26 00:00:00+00:00,8.801715776849484,8.018563768154849,13,7038.584763136065
dual,0,0.35,0.65,2018-11-26 00:00:00+00:00,17.14301732490774,15.594350676693784,18,7000.702135950897
single,0,0.05,0.95,2018-11-27 00:00:00+00:00,8.421052631578949,7.6,0,5087.199034451713
single,0,0.1,0.9,2018-11-27 00:00:00+00:00,8.421052631578949,7.6,0,5087.199034451713
single,0,0.15,0.85,2018-11-27 00:00:00+00:00,8.421052631578949,7.6,0,5087.199034451712
single,0,0.2,0.8,2018-11-27 00:00:00+00:00,8.421052631578949,7.6,0,5087.199034451713
single,0,0.25,0.75,2018-11-27 00:00:00+00:00,8.421052631578949,7.6,0,5087.199034451712
single,0,0.3,0.7,2018-11-27 00:00:00+00:00,8.421052631578949,7.6,0,5087.199034451712
single,0,0.35,0.65,2018-11-27 00:00:00+00:00,8.421052631578949,7.6,0,5087.199034451713
dual,0,0.05,0.95,2018-11-27 00:00:00+00:00,8.817959995190165,7.958208895659126,0,5180.268706752153
dual,0,0.1,0.9,2018-11-27 00:00:00+00:00,8.575765586979259,7.739628442248781,0,5175.197135368441
dual,0,0.15,0.85,2018-11-27 00:00:00+00:00,8.230487233078213,7.428014727853087,4,5161.18487265311
dual,0,0.2,0.8,2018-11-27 00:00:00+00:00,8.269853016865659,7.419982482954803,5,5161.301561138638
dual,0,0.25,0.75,2018-11-27 00:00:00+00:00,9.202372534128477,8.665730823947298,7,5206.466947788334
dual,0,0.3,0.7,2018-11-27 00:00:00+00:00,9.294993577685577,8.725702184680987,7,5226.822280962432
dual,0,0.35,0.65,2018-11-27 00:00:00+00:00,12.631387371723097,10.642780183926924,16,5546.73919005153
single,0,0.05,0.95,2018-11-28 00:00:00+00:00,6.315789473684211,5.7,0,4684.882640059515
single,0,0.1,0.9,2018-11-28 00:00:00+00:00,6.315789473684211,5.7,0,4684.882640059515
single,0,0.15,0.85,2018-11-28 00:00:00+00:00,6.315789473684211,5.7,0,4684.882640059515
single,0,0.2,0.8,2018-11-28 00:00:00+00:00,6.315789473684211,5.7,0,4684.882640059515
single,0,0.25,0.75,2018-11-28 00:00:00+00:00,6.315789473684211,5.7,0,4684.882640059515
single,0,0.3,0.7,2018-11-28 00:00:00+00:00,6.315789473684211,5.7,0,4684.882640059515
single,0,0.35,0.65,2018-11-28 00:00:00+00:00,6.315789473684211,5.7,0,4684.882640059515
dual,0,0.05,0.95,2018-11-28 00:00:00+00:00,9.801402295607655,8.845765571785906,0,4724.4177727981005
dual,0,0.1,0.9,2018-11-28 00:00:00+00:00,9.265785879743209,8.362371756468246,0,4721.717844056808
dual,0,0.15,0.85,2018-11-28 00:00:00+00:00,8.708745997817015,7.859643263029856,0,4720.797926099022
dual,0,0.2,0.8,2018-11-28 00:00:00+00:00,8.896659671636158,8.029235353651632,0,4717.7302981948305
dual,0,0.25,0.75,2018-11-28 00:00:00+00:00,9.911464958312518,9.09714238133032,7,4819.457681928254
dual,0,0.3,0.7,2018-11-28 00:00:00+00:00,9.762050712078747,8.966832326088928,7,4878.814066531898
dual,0,0.35,0.65,2018-11-28 00:00:00+00:00,12.926038233092918,10.92941247030333,14,5073.171489121484
single,0,0.05,0.95,2018-11-29 00:00:00+00:00,10.31578947368421,9.31,0,4468.195869268458
single,0,0.1,0.9,2018-11-29 00:00:00+00:00,10.31578947368421,9.31,0,4468.195869268458
single,0,0.15,0.85,2018-11-29 00:00:00+00:00,10.31578947368421,9.31,0,4468.195869268458
single,0,0.2,0.8,2018-11-29 00:00:00+00:00,10.31578947368421,9.31,0,4468.195869268458
single,0,0.25,0.75,2018-11-29 00:00:00+00:00,10.31578947368421,9.31,0,4468.195869268458
single,0,0.3,0.7,2018-11-29 00:00:00+00:00,10.31578947368421,9.31,0,4468.195869268458
single,0,0.35,0.65,2018-11-29 00:00:00+00:00,10.31578947368421,9.31,0,4468.195869268458
dual,0,0.05,0.95,2018-11-29 00:00:00+00:00,10.794905251913342,9.74240198985179,0,4518.523241112362
dual,0,0.1,0.9,2018-11-29 00:00:00+00:00,10.659199006691669,9.600910360832932,1,4511.198208706365
dual,0,0.15,0.85,2018-11-29 00:00:00+00:00,10.569047489244884,9.46326085083428,1,4497.807259266001
dual,0,0.2,0.8,2018-11-29 00:00:00+00:00,10.103608342850006,9.003355136386585,5,4496.33758261738
dual,0,0.25,0.75,2018-11-29 00:00:00+00:00,9.03773457694934,8.237986601010949,12,4500.924525566221
dual,0,0.3,0.7,2018-11-29 00:00:00+00:00,9.131628889167516,8.253280050628529,13,4500.005092561551
dual,0,0.35,0.65,2018-11-29 00:00:00+00:00,11.5822188950821,9.579178614007837,18,4638.108380416117
single,0,0.05,0.95,2018-11-30 00:00:00+00:00,6.315789473684211,5.7,0,4095.133255378956
single,0,0.1,0.9,2018-11-30 00:00:00+00:00,6.315789473684211,5.7,0,4095.133255378956
single,0,0.15,0.85,2018-11-30 00:00:00+00:00,6.315789473684211,5.7,0,4095.133255378956
single,0,0.2,0.8,2018-11-30 00:00:00+00:00,6.315789473684211,5.7,0,4095.133255378956
single,0,0.25,0.75,2018-11-30 00:00:00+00:00,6.315789473684211,5.7,0,4095.133255378956
single,0,0.3,0.7,2018-11-30 00:00:00+00:00,6.315789473684211,5.7,0,4095.133255378956
single,0,0.35,0.65,2018-11-30 00:00:00+00:00,6.315789473684211,5.7,0,4095.133255378956
dual,0,0.05,0.95,2018-11-30 00:00:00+00:00,10.602875972466816,9.5690955651513,0,4215.1529592085635
dual,0,0.1,0.9,2018-11-30 00:00:00+00:00,10.471406451491841,9.450444322471387,0,4209.099975193204
dual,0,0.15,0.85,2018-11-30 00:00:00+00:00,10.603777614754943,9.567854830863002,3,4215.646164868987
dual,0,0.2,0.8,2018-11-30 00:00:00+00:00,10.645482569410856,9.589250585040148,1,4180.24956516104
dual,0,0.25,0.75,2018-11-30 00:00:00+00:00,10.97443176753482,10.513904396564794,6,4210.887209620051
dual,0,0.3,0.7,2018-11-30 00:00:00+00:00,11.171073552271666,10.5860839469303,8,4263.150617604279
dual,0,0.35,0.65,2018-11-30 00:00:00+00:00,18.608911583297367,16.412963897046815,12,4481.394067290277
single,0,0.05,0.95,2018-12-01 00:00:00+00:00,10.526315789473685,9.5,0,4635.192218109123
single,0,0.1,0.9,2018-12-01 00:00:00+00:00,10.526315789473685,9.5,0,4635.192218109123
single,0,0.15,0.85,2018-12-01 00:00:00+00:00,10.526315789473685,9.5,0,4635.192218109123
single,0,0.2,0.8,2018-12-01 00:00:00+00:00,10.526315789473685,9.5,0,4635.192218109123
single,0,0.25,0.75,2018-12-01 00:00:00+00:00,10.526315789473685,9.5,0,4635.192218109123
single,0,0.3,0.7,2018-12-01 00:00:00+00:00,10.526315789473685,9.5,0,4635.192218109123
single,0,0.35,0.65,2018-12-01 00:00:00+00:00,10.526315789473685,9.5,0,4635.192218109123
dual,0,0.05,0.95,2018-12-01 00:00:00+00:00,9.03640250165159,8.15535325774056,0,4698.095695408441
dual,0,0.1,0.9,2018-12-01 00:00:00+00:00,8.682452877252263,7.83041670302529,1,4701.970232756838
dual,0,0.15,0.85,2018-12-01 00:00:00+00:00,8.243161029274583,7.439452828920312,2,4696.659147872276
dual,0,0.2,0.8,2018-12-01 00:00:00+00:00,8.030455830385893,7.19535648050733,1,4709.065139343872
dual,0,0.25,0.75,2018-12-01 00:00:00+00:00,7.766649898642436,6.901355228345203,3,4713.103584067544
dual,0,0.3,0.7,2018-12-01 00:00:00+00:00,7.734990965010705,7.158826987168722,4,4723.077452319746
dual,0,0.35,0.65,2018-12-01 00:00:00+00:00,13.29897560829907,11.847040253760614,16,5209.384795950603
single,0,0.05,0.95,2018-12-02 00:00:00+00:00,10.526315789473685,9.5,0,4649.107541887534
single,0,0.1,0.9,2018-12-02 00:00:00+00:00,10.526315789473685,9.5,0,4649.107541887534
single,0,0.15,0.85,2018-12-02 00:00:00+00:00,10.526315789473685,9.5,0,4649.107541887534
single,0,0.2,0.8,2018-12-02 00:00:00+00:00,10.526315789473685,9.5,0,4649.107541887534
single,0,0.25,0.75,2018-12-02 00:00:00+00:00,10.526315789473685,9.5,0,4649.107541887534
single,0,0.3,0.7,2018-12-02 00:00:00+00:00,10.526315789473685,9.5,0,4649.107541887534
single,0,0.35,0.65,2018-12-02 00:00:00+00:00,10.526315789473685,9.5,0,4649.107541887534
dual,0,0.05,0.95,2018-12-02 00:00:00+00:00,10.248838972915495,9.249577173056235,0,4694.4556687061795
dual,0,0.1,0.9,2018-12-02 00:00:00+00:00,10.086110315421312,9.102714559667731,0,4686.487171199663
dual,0,0.15,0.85,2018-12-02 00:00:00+00:00,9.31644320281291,8.37167984625934,3,4673.238739064335
dual,0,0.2,0.8,2018-12-02 00:00:00+00:00,9.096185442282058,8.158140853965062,3,4673.183814980242
dual,0,0.25,0.75,2018-12-02 00:00:00+00:00,9.216884411419565,8.17039837829445,9,4748.352971101112
dual,0,0.3,0.7,2018-12-02 00:00:00+00:00,9.088825077769968,8.19565657556057,10,4740.785771843969
dual,0,0.35,0.65,2018-12-02 00:00:00+00:00,12.625832256328742,10.98218831400795,13,4767.615485526096
single,0,0.05,0.95,2018-12-03 00:00:00+00:00,8.426592797783934,7.6049999999999995,0,4785.296864414415
single,0,0.1,0.9,2018-12-03 00:00:00+00:00,8.426592797783934,7.6049999999999995,0,4785.296864414415
single,0,0.15,0.85,2018-12-03 00:00:00+00:00,8.426592797783934,7.6049999999999995,0,4785.296864414415
single,0,0.2,0.8,2018-12-03 00:00:00+00:00,8.426592797783934,7.6049999999999995,0,4785.296864414415
single,0,0.25,0.75,2018-12-03 00:00:00+00:00,8.426592797783934,7.6049999999999995,0,4785.296864414415
single,0,0.3,0.7,2018-12-03 00:00:00+00:00,8.426592797783934,7.6049999999999995,0,4785.296864414415
single,0,0.35,0.65,2018-12-03 00:00:00+00:00,8.426592797783934,7.6049999999999995,0,4785.296864414415
dual,0,0.05,0.95,2018-12-03 00:00:00+00:00,9.440568906453645,8.520113438074414,0,4853.762822629493
dual,0,0.1,0.9,2018-12-03 00:00:00+00:00,8.991199531976577,8.11455757760886,0,4845.874381041905
dual,0,0.15,0.85,2018-12-03 00:00:00+00:00,8.458529091324278,7.590336507600938,2,4853.22615914011
dual,0,0.2,0.8,2018-12-03 00:00:00+00:00,7.583375950764195,6.769034537225756,2,4866.326250591681
dual,0,0.25,0.75,2018-12-03 00:00:00+00:00,7.777783237117401,6.831028961120891,5,4873.6148590315
dual,0,0.3,0.7,2018-12-03 00:00:00+00:00,9.199722563531447,8.10501463837491,6,4882.36725955746
dual,0,0.35,0.65,2018-12-03 00:00:00+00:00,13.634537667025874,12.394356090062264,16,5035.601476440401
single,0,0.05,0.95,2018-12-04 00:00:00+00:00,6.426592797783934,5.800000000000001,0,5591.91895585392
single,0,0.1,0.9,2018-12-04 00:00:00+00:00,6.426592797783934,5.800000000000001,0,5591.91895585392
single,0,0.15,0.85,2018-12-04 00:00:00+00:00,6.426592797783934,5.800000000000001,0,5591.91895585392
single,0,0.2,0.8,2018-12-04 00:00:00+00:00,6.426592797783934,5.800000000000001,0,5591.91895585392
single,0,0.25,0.75,2018-12-04 00:00:00+00:00,6.426592797783934,5.800000000000001,0,5591.91895585392
single,0,0.3,0.7,2018-12-04 00:00:00+00:00,6.426592797783934,5.800000000000001,0,5591.91895585392
single,0,0.35,0.65,2018-12-04 00:00:00+00:00,6.426592797783934,5.800000000000001,0,5591.91895585392
dual,0,0.05,0.95,2018-12-04 00:00:00+00:00,7.541628892291786,6.806320075293337,0,5746.587733871669
dual,0,0.1,0.9,2018-12-04 00:00:00+00:00,6.980848139540763,6.2614057771379485,3,5767.240293802381
dual,0,0.15,0.85,2018-12-04 00:00:00+00:00,7.256255753363488,6.473841571540851,5,5768.013459274596
dual,0,0.2,0.8,2018-12-04 00:00:00+00:00,7.4481968097713045,6.698261577363343,9,5756.157553546229
dual,0,0.25,0.75,2018-12-04 00:00:00+00:00,8.390608652614473,7.5190871015711505,14,5810.780490287803
dual,0,0.3,0.7,2018-12-04 00:00:00+00:00,8.450450277949937,7.559446177879858,15,5804.434480737551
dual,0,0.35,0.65,2018-12-04 00:00:00+00:00,7.582428281147633,6.839258728215627,13,5792.4816314456
single,0,0.05,0.95,2018-12-05 00:00:00+00:00,6.315789473684211,5.7,0,5175.143735731251
single,0,0.1,0.9,2018-12-05 00:00:00+00:00,6.315789473684211,5.7,0,5175.143735731251
single,0,0.15,0.85,2018-12-05 00:00:00+00:00,6.315789473684211,5.7,0,5175.143735731251
single,0,0.2,0.8,2018-12-05 00:00:00+00:00,6.315789473684211,5.7,0,5175.143735731251
single,0,0.25,0.75,2018-12-05 00:00:00+00:00,6.315789473684211,5.7,0,5175.143735731251
single,0,0.3,0.7,2018-12-05 00:00:00+00:00,6.315789473684211,5.7,0,5175.143735731251
single,0,0.35,0.65,2018-12-05 00:00:00+00:00,6.315789473684211,5.7,0,5175.143735731251
dual,0,0.05,0.95,2018-12-05 00:00:00+00:00,9.567426460686125,8.63460238076923,0,5251.5509470948255
dual,0,0.1,0.9,2018-12-05 00:00:00+00:00,9.676548211566375,8.733084760938656,0,5255.913651223451
dual,0,0.15,0.85,2018-12-05 00:00:00+00:00,9.282738530183767,8.377239509025513,1,5251.750168622558
dual,0,0.2,0.8,2018-12-05 00:00:00+00:00,8.673850687797247,7.811259958337723,1,5250.950831643493
dual,0,0.25,0.75,2018-12-05 00:00:00+00:00,8.578034688970378,7.990979274447723,6,5317.826724124839
dual,0,0.3,0.7,2018-12-05 00:00:00+00:00,8.41554799999183,7.808828017597759,6,5318.3839313026065
dual,0,0.35,0.65,2018-12-05 00:00:00+00:00,9.769753703503367,8.925873859825794,12,5444.23636602672
single,0,0.05,0.95,2018-12-06 00:00:00+00:00,8.31578947368421,7.505,0,4807.108686312001
single,0,0.1,0.9,2018-12-06 00:00:00+00:00,8.31578947368421,7.505,0,4807.108686312001
single,0,0.15,0.85,2018-12-06 00:00:00+00:00,8.31578947368421,7.505,0,4807.108686312001
single,0,0.2,0.8,2018-12-06 00:00:00+00:00,8.31578947368421,7.505,0,4807.108686312001
single,0,0.25,0.75,2018-12-06 00:00:00+00:00,8.31578947368421,7.505,0,4807.108686312001
single,0,0.3,0.7,2018-12-06 00:00:00+00:00,8.31578947368421,7.505,0,4807.108686312001
single,0,0.35,0.65,2018-12-06 00:00:00+00:00,8.31578947368421,7.505,0,4807.108686312001
dual,0,0.05,0.95,2018-12-06 00:00:00+00:00,9.299705577141438,8.392984283370149,0,4858.858092777841
dual,0,0.1,0.9,2018-12-06 00:00:00+00:00,9.104398670289383,8.216719799936168,0,4853.86724427466
dual,0,0.15,0.85,2018-12-06 00:00:00+00:00,9.405192748529636,8.488186455547998,0,4853.8431884166475
dual,0,0.2,0.8,2018-12-06 00:00:00+00:00,9.541070613067962,8.610816228293837,0,4852.867602807062
dual,0,0.25,0.75,2018-12-06 00:00:00+00:00,8.766307452496495,7.87004593919405,2,4859.487606932383
dual,0,0.3,0.7,2018-12-06 00:00:00+00:00,8.703116918364017,7.966333915736201,3,4862.038115301837
dual,0,0.35,0.65,2018-12-06 00:00:00+00:00,8.04756431040455,7.521778830926744,11,5083.795475060033
single,0,0.05,0.95,2018-12-07 00:00:00+00:00,10.526315789473685,9.5,0,4039.4301304833866
single,0,0.1,0.9,2018-12-07 00:00:00+00:00,10.526315789473685,9.5,0,4039.4301304833866
single,0,0.15,0.85,2018-12-07 00:00:00+00:00,10.526315789473685,9.5,0,4039.4301304833866
single,0,0.2,0.8,2018-12-07 00:00:00+00:00,10.526315789473685,9.5,0,4039.4301304833866
single,0,0.25,0.75,2018-12-07 00:00:00+00:00,10.526315789473685,9.5,0,4039.4301304833866
single,0,0.3,0.7,2018-12-07 00:00:00+00:00,10.526315789473685,9.5,0,4039.4301304833866
single,0,0.35,0.65,2018-12-07 00:00:00+00:00,10.526315789473685,9.5,0,4039.4301304833866
dual,0,0.05,0.95,2018-12-07 00:00:00+00:00,10.970849941999859,9.901192072654876,0,4350.788387088578
dual,0,0.1,0.9,2018-12-07 00:00:00+00:00,11.082095767343624,10.001591430027622,0,4323.014645901477
dual,0,0.15,0.85,2018-12-07 00:00:00+00:00,11.493878991248085,10.373225789601397,3,4316.790600853624
dual,0,0.2,0.8,2018-12-07 00:00:00+00:00,11.126235506530694,10.028957128287365,2,4304.066118143251
dual,0,0.25,0.75,2018-12-07 00:00:00+00:00,11.589996341806271,10.747578992381975,7,4480.068232291615
dual,0,0.3,0.7,2018-12-07 00:00:00+00:00,11.84264151843893,11.087844205125698,6,4508.174684623681
dual,0,0.35,0.65,2018-12-07 00:00:00+00:00,15.689169239354772,13.431742411795971,16,4660.787615703839
single,0,0.05,0.95,2018-12-08 00:00:00+00:00,8.31578947368421,7.505,0,4129.5365745727095
single,0,0.1,0.9,2018-12-08 00:00:00+00:00,8.31578947368421,7.505,0,4129.5365745727095
single,0,0.15,0.85,2018-12-08 00:00:00+00:00,8.31578947368421,7.505,0,4129.5365745727095
single,0,0.2,0.8,2018-12-08 00:00:00+00:00,8.31578947368421,7.505,0,4129.5365745727095
single,0,0.25,0.75,2018-12-08 00:00:00+00:00,8.31578947368421,7.505,0,4129.5365745727095
single,0,0.3,0.7,2018-12-08 00:00:00+00:00,8.31578947368421,7.505,0,4129.5365745727095
single,0,0.35,0.65,2018-12-08 00:00:00+00:00,8.31578947368421,7.505,0,4129.5365745727095
dual,0,0.05,0.95,2018-12-08 00:00:00+00:00,10.508432434735155,9.483860272348478,0,4208.18942066541
dual,0,0.1,0.9,2018-12-08 00:00:00+00:00,10.425994068448192,9.409459646774494,2,4224.132482328952
dual,0,0.15,0.85,2018-12-08 00:00:00+00:00,10.498270532431643,9.455526898060066,6,4239.660601250934
dual,0,0.2,0.8,2018-12-08 00:00:00+00:00,10.381748374629868,9.369527908103455,5,4232.418234782783
dual,0,0.25,0.75,2018-12-08 00:00:00+00:00,9.35563031909323,8.597424515158377,13,4234.138285538142
dual,0,0.3,0.7,2018-12-08 00:00:00+00:00,9.116213860566038,8.351874668691302,13,4230.678162002069
dual,0,0.35,0.65,2018-12-08 00:00:00+00:00,8.366401114245923,7.846351001817043,20,4188.791730537027
single,0,0.05,0.95,2018-12-09 00:00:00+00:00,8.31578947368421,7.505,0,4462.632132947439
single,0,0.1,0.9,2018-12-09 00:00:00+00:00,8.31578947368421,7.505,0,4462.632132947439
single,0,0.15,0.85,2018-12-09 00:00:00+00:00,8.31578947368421,7.505,0,4462.632132947439
single,0,0.2,0.8,2018-12-09 00:00:00+00:00,8.31578947368421,7.505,0,4462.632132947439
single,0,0.25,0.75,2018-12-09 00:00:00+00:00,8.31578947368421,7.505,0,4462.632132947439
single,0,0.3,0.7,2018-12-09 00:00:00+00:00,8.31578947368421,7.505,0,4462.632132947439
single,0,0.35,0.65,2018-12-09 00:00:00+00:00,8.31578947368421,7.505,0,4462.632132947439
dual,0,0.05,0.95,2018-12-09 00:00:00+00:00,10.894952316405773,9.83269446555621,2,4607.185232793187
dual,0,0.1,0.9,2018-12-09 00:00:00+00:00,10.45631728772353,9.564978531816644,6,4633.2083318364685
dual,0,0.15,0.85,2018-12-09 00:00:00+00:00,10.296355294184314,9.325954315401688,10,4679.009670350009
dual,0,0.2,0.8,2018-12-09 00:00:00+00:00,10.181355980414153,9.299305129381844,13,4621.244973915269
dual,0,0.25,0.75,2018-12-09 00:00:00+00:00,10.810147672827213,9.798408364795694,14,4633.424643501552
dual,0,0.3,0.7,2018-12-09 00:00:00+00:00,10.025317640199743,9.397903974464805,14,4608.385814053995
dual,0,0.35,0.65,2018-12-09 00:00:00+00:00,12.460020275787812,10.645221241885768,16,4905.271414147631
single,0,0.05,0.95,2018-12-10 00:00:00+00:00,8.421052631578949,7.6,0,5175.764683062025
single,0,0.1,0.9,2018-12-10 00:00:00+00:00,8.421052631578949,7.6,0,5175.764683062025
single,0,0.15,0.85,2018-12-10 00:00:00+00:00,8.421052631578949,7.6,0,5175.764683062025
single,0,0.2,0.8,2018-12-10 00:00:00+00:00,8.421052631578949,7.6,0,5175.764683062025
single,0,0.25,0.75,2018-12-10 00:00:00+00:00,8.421052631578949,7.6,0,5175.764683062025
single,0,0.3,0.7,2018-12-10 00:00:00+00:00,8.421052631578949,7.6,0,5175.764683062026
single,0,0.35,0.65,2018-12-10 00:00:00+00:00,8.421052631578949,7.6,0,5175.764683062025
dual,0,0.05,0.95,2018-12-10 00:00:00+00:00,8.158797089452104,7.363314373230525,0,5419.214603704219
dual,0,0.1,0.9,2018-12-10 00:00:00+00:00,8.077593428097702,7.290028068858176,2,5417.573162036744
dual,0,0.15,0.85,2018-12-10 00:00:00+00:00,8.37006385151345,7.531258660346053,3,5419.43762664829
dual,0,0.2,0.8,2018-12-10 00:00:00+00:00,8.42320855009451,7.828937204523651,5,5734.977477728031
dual,0,0.25,0.75,2018-12-10 00:00:00+00:00,8.046441331518238,7.61132113443883,9,5772.826153417474
dual,0,0.3,0.7,2018-12-10 00:00:00+00:00,11.088863383421044,10.142326089200292,9,5792.5501789742975
dual,0,0.35,0.65,2018-12-10 00:00:00+00:00,13.614895821000394,11.591732015536778,17,5903.468189727563
single,0,0.05,0.95,2018-12-11 00:00:00+00:00,6.426592797783934,5.8,0,4911.116404050116
single,0,0.1,0.9,2018-12-11 00:00:00+00:00,6.426592797783934,5.8,0,4911.116404050116
single,0,0.15,0.85,2018-12-11 00:00:00+00:00,6.426592797783934,5.8,0,4911.116404050116
single,0,0.2,0.8,2018-12-11 00:00:00+00:00,6.426592797783934,5.8,0,4911.116404050116
single,0,0.25,0.75,2018-12-11 00:00:00+00:00,6.426592797783934,5.8,0,4911.116404050116
single,0,0.3,0.7,2018-12-11 00:00:00+00:00,6.426592797783934,5.8,0,4911.116404050116
single,0,0.35,0.65,2018-12-11 00:00:00+00:00,6.426592797783934,5.8,0,4911.116404050116
dual,0,0.05,0.95,2018-12-11 00:00:00+00:00,9.082519495869143,8.196973845021901,0,4988.977548079459
dual,0,0.1,0.9,2018-12-11 00:00:00+00:00,8.708557798792476,7.804919370594048,1,4972.924944034609
dual,0,0.15,0.85,2018-12-11 00:00:00+00:00,8.689922209199356,7.737825633827366,2,4980.194977664443
dual,0,0.2,0.8,2018-12-11 00:00:00+00:00,7.848060733945898,6.981389651511137,3,4975.272989417641
dual,0,0.25,0.75,2018-12-11 00:00:00+00:00,7.936024548920589,6.924914325671497,5,4979.887813770299
dual,0,0.3,0.7,2018-12-11 00:00:00+00:00,7.993191442509032,7.006103675416188,6,4974.90368333491
dual,0,0.35,0.65,2018-12-11 00:00:00+00:00,7.507974568554054,7.001670342774005,14,5046.476711440106
single,0,0.05,0.95,2018-12-12 00:00:00+00:00,8.421052631578949,7.6,0,5068.631378682944
single,0,0.1,0.9,2018-12-12 00:00:00+00:00,8.421052631578949,7.6,0,5068.631378682944
single,0,0.15,0.85,2018-12-12 00:00:00+00:00,8.421052631578949,7.6,0,5068.631378682944
single,0,0.2,0.8,2018-12-12 00:00:00+00:00,8.421052631578949,7.6,0,5068.631378682944
single,0,0.25,0.75,2018-12-12 00:00:00+00:00,8.421052631578949,7.6,0,5068.631378682944
single,0,0.3,0.7,2018-12-12 00:00:00+00:00,8.421052631578949,7.6,0,5068.631378682944
single,0,0.35,0.65,2018-12-12 00:00:00+00:00,8.421052631578949,7.6,0,5068.631378682944
dual,0,0.05,0.95,2018-12-12 00:00:00+00:00,9.881350292557212,8.91791863903288,0,5158.233207154635
dual,0,0.1,0.9,2018-12-12 00:00:00+00:00,8.897204015063274,7.946762377321564,3,5158.5677842844325
dual,0,0.15,0.85,2018-12-12 00:00:00+00:00,8.205865633373334,7.2742577595041045,8,5163.339503945096
dual,0,0.2,0.8,2018-12-12 00:00:00+00:00,7.933566910513098,6.886993822144335,8,5170.577645243612
dual,0,0.25,0.75,2018-12-12 00:00:00+00:00,7.714046624493598,6.543414759156917,9,5168.008138791142
dual,0,0.3,0.7,2018-12-12 00:00:00+00:00,8.049992144348211,6.570463496039698,9,5188.336295828469
dual,0,0.35,0.65,2018-12-12 00:00:00+00:00,6.872382822106042,5.850944537001011,15,5143.449226194301
single,0,0.05,0.95,2018-12-13 00:00:00+00:00,8.53185595567867,7.7,0,5299.807146480632
single,0,0.1,0.9,2018-12-13 00:00:00+00:00,8.53185595567867,7.7,0,5299.807146480632
single,0,0.15,0.85,2018-12-13 00:00:00+00:00,8.53185595567867,7.7,0,5299.807146480632
single,0,0.2,0.8,2018-12-13 00:00:00+00:00,8.53185595567867,7.7,0,5299.807146480632
single,0,0.25,0.75,2018-12-13 00:00:00+00:00,8.53185595567867,7.7,0,5299.807146480632
single,0,0.3,0.7,2018-12-13 00:00:00+00:00,8.53185595567867,7.7,0,5299.807146480632
single,0,0.35,0.65,2018-12-13 00:00:00+00:00,8.53185595567867,7.7,0,5299.807146480632
dual,0,0.05,0.95,2018-12-13 00:00:00+00:00,7.270080804159737,6.547681993849766,12,5433.434059539372
dual,0,0.1,0.9,2018-12-13 00:00:00+00:00,7.205537604064348,6.411954828637746,14,5444.626131641698
dual,0,0.15,0.85,2018-12-13 00:00:00+00:00,6.7470654980666405,6.0000383025160176,17,5440.489429308862
dual,0,0.2,0.8,2018-12-13 00:00:00+00:00,6.606682209113787,5.749360436530991,15,5454.164885039716
dual,0,0.25,0.75,2018-12-13 00:00:00+00:00,7.092298040759199,6.169317516629945,20,5452.076693731855
dual,0,0.3,0.7,2018-12-13 00:00:00+00:00,6.553025695606445,5.637295222270027,20,5450.4378131406975
dual,0,0.35,0.65,2018-12-13 00:00:00+00:00,6.287313745047178,5.640945760164506,22,5507.795463520465
single,0,0.05,0.95,2018-12-14 00:00:00+00:00,8.53185595567867,7.7,0,5341.6574696444995
single,0,0.1,0.9,2018-12-14 00:00:00+00:00,8.53185595567867,7.7,0,5341.6574696444995
single,0,0.15,0.85,2018-12-14 00:00:00+00:00,8.53185595567867,7.7,0,5341.6574696444995
single,0,0.2,0.8,2018-12-14 00:00:00+00:00,8.53185595567867,7.7,0,5341.6574696444995
single,0,0.25,0.75,2018-12-14 00:00:00+00:00,8.53185595567867,7.7,0,5341.6574696444995
single,0,0.3,0.7,2018-12-14 00:00:00+00:00,8.53185595567867,7.7,0,5341.6574696444995
single,0,0.35,0.65,2018-12-14 00:00:00+00:00,8.53185595567867,7.7,0,5341.6574696444995
dual,0,0.05,0.95,2018-12-14 00:00:00+00:00,8.004541784441317,7.224098960458289,0,5443.181375479046
dual,0,0.1,0.9,2018-12-14 00:00:00+00:00,7.621491821563812,6.878396368961342,0,5440.081945338184
dual,0,0.15,0.85,2018-12-14 00:00:00+00:00,7.387344129783665,6.634230878285802,1,5438.323970889816
dual,0,0.2,0.8,2018-12-14 00:00:00+00:00,7.144377050740001,6.359719877298732,7,5439.905737185314
dual,0,0.25,0.75,2018-12-14 00:00:00+00:00,7.50409763910194,6.533024758587392,11,5446.796852684077
dual,0,0.3,0.7,2018-12-14 00:00:00+00:00,7.528354055828962,6.552092575683235,10,5447.708975172099
dual,0,0.35,0.65,2018-12-14 00:00:00+00:00,7.017445719371246,6.3185003753888385,14,5445.0878884745725
single,0,0.05,0.95,2018-12-15 00:00:00+00:00,8.31578947368421,7.505,0,5306.158395123368
single,0,0.1,0.9,2018-12-15 00:00:00+00:00,8.31578947368421,7.505,0,5306.158395123368
single,0,0.15,0.85,2018-12-15 00:00:00+00:00,8.31578947368421,7.505,0,5306.158395123368
single,0,0.2,0.8,2018-12-15 00:00:00+00:00,8.31578947368421,7.505,0,5306.158395123368
single,0,0.25,0.75,2018-12-15 00:00:00+00:00,8.31578947368421,7.505,0,5306.158395123368
single,0,0.3,0.7,2018-12-15 00:00:00+00:00,8.31578947368421,7.505,0,5306.158395123368
single,0,0.35,0.65,2018-12-15 00:00:00+00:00,8.31578947368421,7.505,0,5306.158395123368
dual,0,0.05,0.95,2018-12-15 00:00:00+00:00,8.87439194562715,8.009138730928502,0,5378.561265645213
dual,0,0.1,0.9,2018-12-15 00:00:00+00:00,8.025177187649088,7.174510863497801,2,5395.271292605985
dual,0,0.15,0.85,2018-12-15 00:00:00+00:00,8.008752991496273,7.025345500565857,4,5409.19235778915
dual,0,0.2,0.8,2018-12-15 00:00:00+00:00,7.658690435830737,6.590724284116353,5,5420.636958223927
dual,0,0.25,0.75,2018-12-15 00:00:00+00:00,8.076943008146714,7.200206278809764,8,5388.58020566839
dual,0,0.3,0.7,2018-12-15 00:00:00+00:00,8.345720261834543,7.34461072622175,8,5395.014856123935
dual,0,0.35,0.65,2018-12-15 00:00:00+00:00,10.409840533645585,8.344124661184388,16,5584.23550550044
single,0,0.05,0.95,2018-12-16 00:00:00+00:00,8.210526315789473,7.41,0,5450.5121522401505
single,0,0.1,0.9,2018-12-16 00:00:00+00:00,8.210526315789473,7.41,0,5450.5121522401505
single,0,0.15,0.85,2018-12-16 00:00:00+00:00,8.210526315789473,7.41,0,5450.5121522401505
single,0,0.2,0.8,2018-12-16 00:00:00+00:00,8.210526315789473,7.41,0,5450.5121522401505
single,0,0.25,0.75,2018-12-16 00:00:00+00:00,8.210526315789473,7.41,0,5450.5121522401505
single,0,0.3,0.7,2018-12-16 00:00:00+00:00,8.210526315789473,7.41,0,5450.5121522401505
single,0,0.35,0.65,2018-12-16 00:00:00+00:00,8.210526315789473,7.41,0,5450.5121522401505
dual,0,0.05,0.95,2018-12-16 00:00:00+00:00,10.749462351237842,9.701389771992153,0,5496.903615564303
dual,0,0.1,0.9,2018-12-16 00:00:00+00:00,10.2278913067978,9.230671904385014,0,5493.923373082135
dual,0,0.15,0.85,2018-12-16 00:00:00+00:00,9.39246968816823,8.493895459981673,3,5488.007767720876
dual,0,0.2,0.8,2018-12-16 00:00:00+00:00,9.000370418683515,8.127784926037313,3,5480.365930242357
dual,0,0.25,0.75,2018-12-16 00:00:00+00:00,9.249548818425373,8.060367350503782,8,5501.438984757112
dual,0,0.3,0.7,2018-12-16 00:00:00+00:00,9.045516421035705,7.841533714691132,9,5500.615501477507
dual,0,0.35,0.65,2018-12-16 00:00:00+00:00,9.333479511359727,8.552453588503132,16,5686.191363254222
single,0,0.05,0.95,2018-12-17 00:00:00+00:00,6.315789473684211,5.699999999999999,0,5335.742373179887
single,0,0.1,0.9,2018-12-17 00:00:00+00:00,6.315789473684211,5.699999999999999,0,5335.742373179887
single,0,0.15,0.85,2018-12-17 00:00:00+00:00,6.315789473684211,5.699999999999999,0,5335.742373179887
single,0,0.2,0.8,2018-12-17 00:00:00+00:00,6.315789473684211,5.699999999999999,0,5335.742373179887
single,0,0.25,0.75,2018-12-17 00:00:00+00:00,6.315789473684211,5.699999999999999,0,5335.742373179887
single,0,0.3,0.7,2018-12-17 00:00:00+00:00,6.315789473684211,5.699999999999999,0,5335.742373179887
single,0,0.35,0.65,2018-12-17 00:00:00+00:00,6.315789473684211,5.699999999999999,0,5335.742373179887
dual,0,0.05,0.95,2018-12-17 00:00:00+00:00,8.694105376269421,7.8382944739838285,2,5438.331735644168
dual,0,0.1,0.9,2018-12-17 00:00:00+00:00,8.350518135907581,7.410713885938654,4,5442.409736897764
dual,0,0.15,0.85,2018-12-17 00:00:00+00:00,8.376477713617035,7.12416521063024,5,5459.651820630011
dual,0,0.2,0.8,2018-12-17 00:00:00+00:00,8.159189398812321,6.8700734139778135,6,5460.023993676617
dual,0,0.25,0.75,2018-12-17 00:00:00+00:00,8.482359017800437,6.463050909352177,8,5504.063622575186
dual,0,0.3,0.7,2018-12-17 00:00:00+00:00,8.457157820858267,6.386810408516657,6,5506.5880384271595
dual,0,0.35,0.65,2018-12-17 00:00:00+00:00,11.572658430301528,8.737041561119378,11,5546.3108712916655
single,0,0.05,0.95,2018-12-18 00:00:00+00:00,6.105263157894737,5.51,0,5431.21809512039
single,0,0.1,0.9,2018-12-18 00:00:00+00:00,6.105263157894737,5.51,0,5431.21809512039
single,0,0.15,0.85,2018-12-18 00:00:00+00:00,6.105263157894737,5.51,0,5431.21809512039
single,0,0.2,0.8,2018-12-18 00:00:00+00:00,6.105263157894737,5.51,0,5431.21809512039
single,0,0.25,0.75,2018-12-18 00:00:00+00:00,6.105263157894737,5.51,0,5431.21809512039
single,0,0.3,0.7,2018-12-18 00:00:00+00:00,6.105263157894737,5.51,0,5431.21809512039
single,0,0.35,0.65,2018-12-18 00:00:00+00:00,6.105263157894737,5.51,0,5431.21809512039
dual,0,0.05,0.95,2018-12-18 00:00:00+00:00,9.557903010859876,8.626007467301037,2,5506.460441535622
dual,0,0.1,0.9,2018-12-18 00:00:00+00:00,9.377933896937872,8.409894440030737,3,5517.5500936583285
dual,0,0.15,0.85,2018-12-18 00:00:00+00:00,9.15717122693367,8.074304733573449,4,5525.924062705413
dual,0,0.2,0.8,2018-12-18 00:00:00+00:00,8.370571344613447,7.332637269002975,5,5522.7526809734645
dual,0,0.25,0.75,2018-12-18 00:00:00+00:00,8.140425995599507,7.023902527736862,6,5519.543372185386
dual,0,0.3,0.7,2018-12-18 00:00:00+00:00,7.594766217365031,6.6669759021320205,7,5504.13117908475
dual,0,0.35,0.65,2018-12-18 00:00:00+00:00,5.5065745993346455,5.064683575899518,18,5533.81005230407
single,0,0.05,0.95,2018-12-19 00:00:00+00:00,8.53185595567867,7.7,0,5150.306304910754
single,0,0.1,0.9,2018-12-19 00:00:00+00:00,8.53185595567867,7.7,0,5150.306304910754
single,0,0.15,0.85,2018-12-19 00:00:00+00:00,8.53185595567867,7.7,0,5150.306304910754
single,0,0.2,0.8,2018-12-19 00:00:00+00:00,8.53185595567867,7.7,0,5150.306304910754
single,0,0.25,0.75,2018-12-19 00:00:00+00:00,8.53185595567867,7.7,0,5150.306304910754
single,0,0.3,0.7,2018-12-19 00:00:00+00:00,8.53185595567867,7.7,0,5150.306304910754
single,0,0.35,0.65,2018-12-19 00:00:00+00:00,8.53185595567867,7.7,0,5150.306304910754
dual,0,0.05,0.95,2018-12-19 00:00:00+00:00,10.19145317134226,9.197786487136392,2,5226.296201692997
dual,0,0.1,0.9,2018-12-19 00:00:00+00:00,9.834554722659286,8.822536807929362,10,5201.2813519404635
dual,0,0.15,0.85,2018-12-19 00:00:00+00:00,9.800097220396152,8.612160695041368,13,5201.293722687209
dual,0,0.2,0.8,2018-12-19 00:00:00+00:00,9.798916796308593,8.451214257171298,12,5215.528049657188
dual,0,0.25,0.75,2018-12-19 00:00:00+00:00,10.058785626025294,8.453048465296748,13,5238.41692813342
dual,0,0.3,0.7,2018-12-19 00:00:00+00:00,9.93639521382429,8.32598337321932,13,5238.958394993672
dual,0,0.35,0.65,2018-12-19 00:00:00+00:00,12.362275017478629,11.251953203274464,19,5370.30069426827
single,0,0.05,0.95,2018-12-20 00:00:00+00:00,10.31578947368421,9.31,0,5026.511442348151
single,0,0.1,0.9,2018-12-20 00:00:00+00:00,10.31578947368421,9.309999999999999,0,5026.511442348151
single,0,0.15,0.85,2018-12-20 00:00:00+00:00,10.31578947368421,9.31,0,5026.511442348151
single,0,0.2,0.8,2018-12-20 00:00:00+00:00,10.31578947368421,9.309999999999999,0,5026.511442348151
single,0,0.25,0.75,2018-12-20 00:00:00+00:00,10.31578947368421,9.31,0,5026.511442348151
single,0,0.3,0.7,2018-12-20 00:00:00+00:00,10.31578947368421,9.309999999999999,0,5026.511442348151
single,0,0.35,0.65,2018-12-20 00:00:00+00:00,10.31578947368421,9.309999999999999,0,5026.511442348151
dual,0,0.05,0.95,2018-12-20 00:00:00+00:00,9.9235749713411,8.956026411635342,0,5063.570608227426
dual,0,0.1,0.9,2018-12-20 00:00:00+00:00,9.579264710630028,8.6452864013436,0,5062.13810580037
dual,0,0.15,0.85,2018-12-20 00:00:00+00:00,9.661790739744053,8.65451109613215,3,5064.162555679067
dual,0,0.2,0.8,2018-12-20 00:00:00+00:00,9.53398301235872,8.50355856094672,3,5064.205444410511
dual,0,0.25,0.75,2018-12-20 00:00:00+00:00,11.085423796980413,10.236713667813042,8,5141.593905793742
dual,0,0.3,0.7,2018-12-20 00:00:00+00:00,10.563981969326061,9.868827857404158,8,5165.691543524673
dual,0,0.35,0.65,2018-12-20 00:00:00+00:00,13.751183644556814,11.522556618093894,16,5437.099330529969
single,0,0.05,0.95,2018-12-21 00:00:00+00:00,8.421052631578947,7.6,0,5094.597647927721
single,0,0.1,0.9,2018-12-21 00:00:00+00:00,8.421052631578947,7.6,0,5094.597647927721
single,0,0.15,0.85,2018-12-21 00:00:00+00:00,8.421052631578947,7.6,0,5094.597647927721
single,0,0.2,0.8,2018-12-21 00:00:00+00:00,8.421052631578947,7.6,0,5094.597647927721
single,0,0.25,0.75,2018-12-21 00:00:00+00:00,8.421052631578947,7.6,0,5094.597647927721
single,0,0.3,0.7,2018-12-21 00:00:00+00:00,8.421052631578947,7.6,0,5094.597647927721
single,0,0.35,0.65,2018-12-21 00:00:00+00:00,8.421052631578947,7.6,0,5094.597647927721
dual,0,0.05,0.95,2018-12-21 00:00:00+00:00,8.812182880163096,7.95321124927334,1,5217.156132775607
dual,0,0.1,0.9,2018-12-21 00:00:00+00:00,8.800919908893416,7.942830217776309,0,5224.427975876078
dual,0,0.15,0.85,2018-12-21 00:00:00+00:00,8.685661901784533,7.859373387137816,2,5222.391812922157
dual,0,0.2,0.8,2018-12-21 00:00:00+00:00,8.984095638902522,8.160639886344633,1,5207.723824261598
dual,0,0.25,0.75,2018-12-21 00:00:00+00:00,12.732187110730727,10.79669108477407,6,5295.500727936171
dual,0,0.3,0.7,2018-12-21 00:00:00+00:00,10.089141589864518,9.205450284852727,6,5420.81997100015
dual,0,0.35,0.65,2018-12-21 00:00:00+00:00,16.397611185616913,14.223893832313765,18,5853.868359558816
single,0,0.05,0.95,2018-12-22 00:00:00+00:00,6.315789473684211,5.7,0,4804.411853196765
single,0,0.1,0.9,2018-12-22 00:00:00+00:00,6.315789473684211,5.7,0,4804.411853196765
single,0,0.15,0.85,2018-12-22 00:00:00+00:00,6.315789473684211,5.7,0,4804.411853196765
single,0,0.2,0.8,2018-12-22 00:00:00+00:00,6.315789473684211,5.7,0,4804.411853196765
single,0,0.25,0.75,2018-12-22 00:00:00+00:00,6.315789473684211,5.7,0,4804.411853196765
single,0,0.3,0.7,2018-12-22 00:00:00+00:00,6.315789473684211,5.7,0,4804.411853196765
single,0,0.35,0.65,2018-12-22 00:00:00+00:00,6.315789473684211,5.7,0,4804.411853196765
dual,0,0.05,0.95,2018-12-22 00:00:00+00:00,10.224175325367916,9.227318231144544,0,4856.9408928888415
dual,0,0.1,0.9,2018-12-22 00:00:00+00:00,9.603446588333053,8.664289800390765,1,4868.485993865099
dual,0,0.15,0.85,2018-12-22 00:00:00+00:00,9.890212439065856,8.90979907223024,2,4864.267248912094
dual,0,0.2,0.8,2018-12-22 00:00:00+00:00,9.728943568673891,8.780371570728185,3,4856.935940227956
dual,0,0.25,0.75,2018-12-22 00:00:00+00:00,11.1500620946986,9.317682383538946,6,5084.792611740201
dual,0,0.3,0.7,2018-12-22 00:00:00+00:00,11.22324701937144,9.05101855831252,8,5085.459436596466
dual,0,0.35,0.65,2018-12-22 00:00:00+00:00,13.997532914459581,11.435960381848293,9,5213.248543868975
single,0,0.05,0.95,2018-12-23 00:00:00+00:00,8.31578947368421,7.504999999999999,0,5571.0140431861855
single,0,0.1,0.9,2018-12-23 00:00:00+00:00,8.31578947368421,7.504999999999999,0,5571.0140431861855
single,0,0.15,0.85,2018-12-23 00:00:00+00:00,8.31578947368421,7.504999999999999,0,5571.0140431861855
single,0,0.2,0.8,2018-12-23 00:00:00+00:00,8.31578947368421,7.504999999999999,0,5571.0140431861855
single,0,0.25,0.75,2018-12-23 00:00:00+00:00,8.31578947368421,7.504999999999999,0,5571.0140431861855
single,0,0.3,0.7,2018-12-23 00:00:00+00:00,8.31578947368421,7.504999999999999,0,5571.0140431861855
single,0,0.35,0.65,2018-12-23 00:00:00+00:00,8.31578947368421,7.504999999999999,0,5571.0140431861855
dual,0,0.05,0.95,2018-12-23 00:00:00+00:00,8.61579188813949,7.775752179045889,2,5645.243907627112
dual,0,0.1,0.9,2018-12-23 00:00:00+00:00,8.48424274959046,7.6570290815053905,3,5632.417385698123
dual,0,0.15,0.85,2018-12-23 00:00:00+00:00,8.105007728339192,7.3099409340642865,6,5636.252869670552
dual,0,0.2,0.8,2018-12-23 00:00:00+00:00,7.842520690858816,7.421876771079361,11,5722.826534834398
dual,0,0.25,0.75,2018-12-23 00:00:00+00:00,8.160374619678857,7.420668933905699,10,5641.866698949681
dual,0,0.3,0.7,2018-12-23 00:00:00+00:00,8.444509525210048,7.7749404284001615,9,5654.5923948468835
dual,0,0.35,0.65,2018-12-23 00:00:00+00:00,14.301625484909117,11.42623384092247,18,5938.7356740479345
single,0,0.05,0.95,2018-12-24 00:00:00+00:00,14.421052631578949,13.015,0,5449.7289520275235
single,0,0.1,0.9,2018-12-24 00:00:00+00:00,14.421052631578949,13.015,0,5449.7289520275235
single,0,0.15,0.85,2018-12-24 00:00:00+00:00,14.421052631578949,13.015,0,5449.7289520275235
single,0,0.2,0.8,2018-12-24 00:00:00+00:00,14.421052631578949,13.015,0,5449.7289520275235
single,0,0.25,0.75,2018-12-24 00:00:00+00:00,14.421052631578949,13.015,0,5449.7289520275235
single,0,0.3,0.7,2018-12-24 00:00:00+00:00,14.421052631578949,13.015,0,5449.7289520275235
single,0,0.35,0.65,2018-12-24 00:00:00+00:00,14.421052631578949,13.015,0,5449.7289520275235
dual,0,0.05,0.95,2018-12-24 00:00:00+00:00,11.219581195845633,10.125672029250683,0,5576.677996931473
dual,0,0.1,0.9,2018-12-24 00:00:00+00:00,11.647835317804532,10.51217137431859,0,5528.786794661974
dual,0,0.15,0.85,2018-12-24 00:00:00+00:00,11.62655049659237,10.60985942704405,1,5526.25571724574
dual,0,0.2,0.8,2018-12-24 00:00:00+00:00,11.76999809671387,10.880367028135783,2,5532.26818612631
dual,0,0.25,0.75,2018-12-24 00:00:00+00:00,12.643862265458004,11.340576921130904,8,5739.283620613645
dual,0,0.3,0.7,2018-12-24 00:00:00+00:00,13.835735005183473,12.439682989846187,7,5634.641444657027
dual,0,0.35,0.65,2018-12-24 00:00:00+00:00,18.617255418195818,16.854450747662977,18,5832.8514833996105
single,0,0.05,0.95,2018-12-25 00:00:00+00:00,8.315789473684212,7.505,0,5232.35502798025
single,0,0.1,0.9,2018-12-25 00:00:00+00:00,8.315789473684212,7.505,0,5232.35502798025
single,0,0.15,0.85,2018-12-25 00:00:00+00:00,8.315789473684212,7.505,0,5232.35502798025
single,0,0.2,0.8,2018-12-25 00:00:00+00:00,8.315789473684212,7.505,0,5232.35502798025
single,0,0.25,0.75,2018-12-25 00:00:00+00:00,8.315789473684212,7.505,0,5232.35502798025
single,0,0.3,0.7,2018-12-25 00:00:00+00:00,8.315789473684212,7.505,0,5232.35502798025
single,0,0.35,0.65,2018-12-25 00:00:00+00:00,8.315789473684212,7.505,0,5232.35502798025
dual,0,0.05,0.95,2018-12-25 00:00:00+00:00,12.316507048509784,10.96197430471046,5,5870.639480254896
dual,0,0.1,0.9,2018-12-25 00:00:00+00:00,11.576183873275234,10.345091732906926,8,5797.943066805059
dual,0,0.15,0.85,2018-12-25 00:00:00+00:00,11.078339142731426,10.08653326323638,13,5684.7625701809375
dual,0,0.2,0.8,2018-12-25 00:00:00+00:00,9.760200678438189,8.690443624785019,12,5661.494885234907
dual,0,0.25,0.75,2018-12-25 00:00:00+00:00,9.284360119660905,8.164659445665906,13,5655.528232479918
dual,0,0.3,0.7,2018-12-25 00:00:00+00:00,9.282582570891986,7.767401270707657,13,5793.135142958124
dual,0,0.35,0.65,2018-12-25 00:00:00+00:00,11.818097651672659,10.12712164846566,17,6032.663705879642
single,0,0.05,0.95,2018-12-26 00:00:00+00:00,8.31578947368421,7.504999999999999,0,4254.061993011356
single,0,0.1,0.9,2018-12-26 00:00:00+00:00,8.31578947368421,7.504999999999999,0,4254.061993011356
single,0,0.15,0.85,2018-12-26 00:00:00+00:00,8.31578947368421,7.504999999999999,0,4254.061993011356
single,0,0.2,0.8,2018-12-26 00:00:00+00:00,8.31578947368421,7.504999999999999,0,4254.061993011356
single,0,0.25,0.75,2018-12-26 00:00:00+00:00,8.31578947368421,7.504999999999999,0,4254.061993011356
single,0,0.3,0.7,2018-12-26 00:00:00+00:00,8.31578947368421,7.504999999999999,0,4254.061993011356
single,0,0.35,0.65,2018-12-26 00:00:00+00:00,8.31578947368421,7.504999999999999,0,4254.061993011356
dual,0,0.05,0.95,2018-12-26 00:00:00+00:00,11.952815960013229,11.090922041601319,2,5314.10910457424
dual,0,0.1,0.9,2018-12-26 00:00:00+00:00,12.425647169141719,11.943462294447428,3,5334.767309700936
dual,0,0.15,0.85,2018-12-26 00:00:00+00:00,12.022162029474375,11.94331478061158,6,5364.771886301503
dual,0,0.2,0.8,2018-12-26 00:00:00+00:00,11.448393752173985,11.512929203788984,6,5363.848822739655
dual,0,0.25,0.75,2018-12-26 00:00:00+00:00,11.396242105884586,10.38510850056084,9,5409.3477218915195
dual,0,0.3,0.7,2018-12-26 00:00:00+00:00,13.390621505138894,12.185035908387853,13,5442.680777669695
dual,0,0.35,0.65,2018-12-26 00:00:00+00:00,31.907858646606847,28.896842428562678,18,5669.3069627327395
single,0,0.05,0.95,2018-12-27 00:00:00+00:00,12.31578947368421,11.115,0,4921.766212743712
single,0,0.1,0.9,2018-12-27 00:00:00+00:00,12.31578947368421,11.115,0,4921.766212743712
single,0,0.15,0.85,2018-12-27 00:00:00+00:00,12.31578947368421,11.115,0,4921.766212743712
single,0,0.2,0.8,2018-12-27 00:00:00+00:00,12.31578947368421,11.115,0,4921.766212743712
single,0,0.25,0.75,2018-12-27 00:00:00+00:00,12.31578947368421,11.115,0,4921.766212743712
single,0,0.3,0.7,2018-12-27 00:00:00+00:00,12.31578947368421,11.115,0,4921.766212743712
single,0,0.35,0.65,2018-12-27 00:00:00+00:00,12.31578947368421,11.115,0,4921.766212743712
dual,0,0.05,0.95,2018-12-27 00:00:00+00:00,12.509480083603309,11.289805775451986,0,5351.037077095748
dual,0,0.1,0.9,2018-12-27 00:00:00+00:00,12.571494335345006,11.659734163173294,2,5366.7281869384005
dual,0,0.15,0.85,2018-12-27 00:00:00+00:00,11.919042173980827,11.2586785463728,3,5372.5465636967965
dual,0,0.2,0.8,2018-12-27 00:00:00+00:00,11.945246072971631,11.440901136697999,5,5381.915619050503
dual,0,0.25,0.75,2018-12-27 00:00:00+00:00,14.545706953538584,13.28597238914713,6,5459.869527813478
dual,0,0.3,0.7,2018-12-27 00:00:00+00:00,12.293891099568448,11.757877198586714,7,5378.006825434602
dual,0,0.35,0.65,2018-12-27 00:00:00+00:00,25.273014202376707,22.908895317644976,13,5761.252385097728
single,0,0.05,0.95,2018-12-28 00:00:00+00:00,6.315789473684211,5.7,0,5297.018529522308
single,0,0.1,0.9,2018-12-28 00:00:00+00:00,6.315789473684211,5.7,0,5297.018529522308
single,0,0.15,0.85,2018-12-28 00:00:00+00:00,6.315789473684211,5.7,0,5297.018529522308
single,0,0.2,0.8,2018-12-28 00:00:00+00:00,6.315789473684211,5.7,0,5297.018529522308
single,0,0.25,0.75,2018-12-28 00:00:00+00:00,6.315789473684211,5.7,0,5297.018529522308
single,0,0.3,0.7,2018-12-28 00:00:00+00:00,6.315789473684211,5.7,0,5297.018529522308
single,0,0.35,0.65,2018-12-28 00:00:00+00:00,6.315789473684211,5.7,0,5297.018529522308
dual,0,0.05,0.95,2018-12-28 00:00:00+00:00,9.184486784067836,8.421311786838675,2,5378.996105889758
dual,0,0.1,0.9,2018-12-28 00:00:00+00:00,8.069179231682428,7.5666093782250545,7,5385.046749032148
dual,0,0.15,0.85,2018-12-28 00:00:00+00:00,7.895553423050956,7.336867194353737,11,5425.800058088702
dual,0,0.2,0.8,2018-12-28 00:00:00+00:00,8.1430768343347,7.474144839169524,12,5433.375335626369
dual,0,0.25,0.75,2018-12-28 00:00:00+00:00,7.748467761027423,6.94513544226198,12,5459.1035486698
dual,0,0.3,0.7,2018-12-28 00:00:00+00:00,7.259543662612423,6.689711328288094,13,5453.182321762477
dual,0,0.35,0.65,2018-12-28 00:00:00+00:00,10.484798089784013,9.523976295183852,16,5644.439234144969
single,0,0.05,0.95,2018-12-29 00:00:00+00:00,8.315789473684212,7.505,0,4880.405332135743
single,0,0.1,0.9,2018-12-29 00:00:00+00:00,8.315789473684212,7.505,0,4880.405332135743
single,0,0.15,0.85,2018-12-29 00:00:00+00:00,8.315789473684212,7.505,0,4880.405332135743
single,0,0.2,0.8,2018-12-29 00:00:00+00:00,8.315789473684212,7.505,0,4880.405332135743
single,0,0.25,0.75,2018-12-29 00:00:00+00:00,8.315789473684212,7.505,0,4880.405332135743
single,0,0.3,0.7,2018-12-29 00:00:00+00:00,8.315789473684212,7.505,0,4880.405332135743
single,0,0.35,0.65,2018-12-29 00:00:00+00:00,8.315789473684212,7.505,0,4880.405332135743
dual,0,0.05,0.95,2018-12-29 00:00:00+00:00,8.408596950180621,7.5887587475380105,0,4994.689048392521
dual,0,0.1,0.9,2018-12-29 00:00:00+00:00,8.779919586020835,7.856846519706558,1,4984.439200564629
dual,0,0.15,0.85,2018-12-29 00:00:00+00:00,8.665652509848591,7.677219874540057,2,4976.298122364038
dual,0,0.2,0.8,2018-12-29 00:00:00+00:00,8.61812458698415,7.617053836819311,2,4976.988848900621
dual,0,0.25,0.75,2018-12-29 00:00:00+00:00,8.800712416265537,8.179199070652686,9,5080.198284227207
dual,0,0.3,0.7,2018-12-29 00:00:00+00:00,8.500298695937715,7.445948123552618,9,4994.499374637767
dual,0,0.35,0.65,2018-12-29 00:00:00+00:00,13.62418600807231,12.557405616804576,15,5275.1527688005735
single,0,0.05,0.95,2018-12-30 00:00:00+00:00,10.31578947368421,9.309999999999999,0,4676.752620434597
single,0,0.1,0.9,2018-12-30 00:00:00+00:00,10.31578947368421,9.309999999999999,0,4676.752620434597
single,0,0.15,0.85,2018-12-30 00:00:00+00:00,10.31578947368421,9.309999999999999,0,4676.752620434597
single,0,0.2,0.8,2018-12-30 00:00:00+00:00,10.31578947368421,9.309999999999999,0,4676.752620434598
single,0,0.25,0.75,2018-12-30 00:00:00+00:00,10.31578947368421,9.309999999999999,0,4676.752620434598
single,0,0.3,0.7,2018-12-30 00:00:00+00:00,10.31578947368421,9.309999999999999,0,4676.752620434597
single,0,0.35,0.65,2018-12-30 00:00:00+00:00,10.31578947368421,9.309999999999999,0,4676.752620434598
dual,0,0.05,0.95,2018-12-30 00:00:00+00:00,9.97471237135693,9.002177915149632,2,4914.409863253176
dual,0,0.1,0.9,2018-12-30 00:00:00+00:00,9.061087519709798,8.085348405125776,1,4908.426129548319
dual,0,0.15,0.85,2018-12-30 00:00:00+00:00,8.747513153626862,7.83093511290659,4,4919.936042920388
dual,0,0.2,0.8,2018-12-30 00:00:00+00:00,8.540946699466126,7.868087435416619,6,4929.997247561284
dual,0,0.25,0.75,2018-12-30 00:00:00+00:00,8.550268036397942,7.893633075176187,9,4943.976716709633
dual,0,0.3,0.7,2018-12-30 00:00:00+00:00,8.808895053472847,8.440889000710253,11,4955.094753164803
dual,0,0.35,0.65,2018-12-30 00:00:00+00:00,10.634191764540452,9.20168209453502,14,4928.648518233865
single,0,0.05,0.95,2018-12-31 00:00:00+00:00,10.421052631578947,9.405,0,4567.874871821393
single,0,0.1,0.9,2018-12-31 00:00:00+00:00,10.421052631578947,9.405,0,4567.874871821393
single,0,0.15,0.85,2018-12-31 00:00:00+00:00,10.421052631578947,9.405,0,4567.874871821393
single,0,0.2,0.8,2018-12-31 00:00:00+00:00,10.421052631578947,9.405,0,4567.874871821393
single,0,0.25,0.75,2018-12-31 00:00:00+00:00,10.421052631578947,9.405,0,4567.874871821393
single,0,0.3,0.7,2018-12-31 00:00:00+00:00,10.421052631578947,9.405,0,4567.874871821393
single,0,0.35,0.65,2018-12-31 00:00:00+00:00,10.421052631578947,9.405,0,4567.874871821393
dual,0,0.05,0.95,2018-12-31 00:00:00+00:00,11.897974191134658,10.737921707499028,0,4763.821825814163
dual,0,0.1,0.9,2018-12-31 00:00:00+00:00,10.797838249244906,10.103703563377387,4,4738.253793497334
dual,0,0.15,0.85,2018-12-31 00:00:00+00:00,10.594403788514207,9.7348713730394,6,4736.774597615482
dual,0,0.2,0.8,2018-12-31 00:00:00+00:00,10.069009076927546,9.28292676336386,7,4747.732703820438
dual,0,0.25,0.75,2018-12-31 00:00:00+00:00,10.710165063802744,9.682354008751345,11,4729.8394820015055
dual,0,0.3,0.7,2018-12-31 00:00:00+00:00,11.159476769369205,10.149376398613143,12,4738.326825160871
dual,0,0.35,0.65,2018-12-31 00:00:00+00:00,10.907801433312425,9.938380103465658,13,4780.723402710266
